,PLAYER_ID,SEASON,PLAYER,PLAYER_SLUG,NUM,POSITION,WEIGHT,BIRTH_DATE,AGE,EXP,SCHOOL,HEIGHT_INCHES,NBA_GP,NBA_GS,NBA_MIN,NBA_FGM,NBA_FGA,NBA_FG_PCT,NBA_FG3M,NBA_FG3A,NBA_FG3_PCT,NBA_FTM,NBA_FTA,NBA_FT_PCT,NBA_OREB,NBA_DREB,NBA_REB,NBA_AST,NBA_STL,NBA_BLK,NBA_TOV,NBA_PF,NBA_PTS,NBA_FG_pct_inc,NBA_FG3_pct_inc,NBA_FT_pct_inc,PRE_G,PRE_GS,PRE_MP,PRE_FG,PRE_FGA,PRE_FG_PCT,PRE_3P,PRE_3PA,PRE_3P_PCT,PRE_2P,PRE_2PA,PRE_2P_PCT,PRE_eFG_PCT,PRE_FT,PRE_FTA,PRE_FT_PCT,PRE_ORB,PRE_DRB,PRE_TRB,PRE_AST,PRE_STL,PRE_BLK,PRE_TOV,PRE_PF,PRE_PTS,PRE_FG_pct_inc,PRE_3P_pct_inc,PRE_2P_pct_inc,PRE_FT_pct_inc,PRE_COL_or_INT
0,1631210,2024,Jacob Toppin,jacob-toppin,0,F,200,5/8/2000,25,1,Kentucky,80,26,0,113,14,31,0.452,6,14,0.429,2,2,1,6,16,22,9,2,1,4,6,36,0,0,0,116,40,2516,327,695,0.471,39,135,0.289,288,560,0.514,0.499,171,246,0.695,156,363,519,137,48,50,103,199,864,0.13,0.06,0.104,0.136,COL
1,1630552,2024,Jalen Johnson,jalen-johnson,1,F,219,12/18/2001,23,3,Duke,80,184,94,4335,810,1607,0.504,148,458,0.323,255,358,0.712,189,966,1155,470,164,119,257,322,2023,-0.033,0.038,0.084,13,8,278,57,109,0.523,8,18,0.444,49,91,0.538,0.56,24,38,0.632,20,59,79,29,15,16,33,29,146,0,0,0,0,COL
2,1627747,2024,Caris LeVert,caris-levert,3,G,205,8/25/1994,30,8,Michigan,78,524,223,14550,2692,6159,0.437,779,2257,0.345,1111,1509,0.736,369,1612,1981,2105,548,198,918,1034,7274,-0.01,0.023,0.023,103,70,2721,366,843,0.434,134,334,0.401,232,509,0.456,0.514,204,265,0.77,39,325,364,275,97,22,136,151,1070,0.191,0.144,0.22,0.043,COL
3,1641723,2024,Kobe Bufkin,kobe-bufkin,4,G,195,9/21/2003,21,1,Michigan,76,27,0,319,52,139,0.374,13,59,0.22,17,26,0.654,11,43,54,44,10,7,18,29,134,0.004,0,0,61,33,1419,203,438,0.463,51,157,0.325,152,281,0.541,0.522,90,108,0.833,34,147,181,104,54,26,79,104,547,0.102,0.133,0.034,0,COL
4,1629027,2024,Trae Young,trae-young,11,G,164,9/19/1998,26,6,Oklahoma,73,483,483,16621,3865,8935,0.433,1277,3628,0.352,3213,3679,0.873,299,1388,1687,4748,505,74,2051,841,12220,0.015,0.028,0.044,32,32,1133,261,618,0.422,118,328,0.36,143,290,0.493,0.518,236,274,0.861,14,111,125,279,54,8,167,57,876,0,0,0,0,COL
5,1629611,2024,Terance Mann,terance-mann,14,G-F,215,10/18/1996,28,5,Florida State,77,412,169,9101,1280,2549,0.502,329,884,0.372,442,566,0.781,402,1049,1451,790,227,91,317,772,3331,0.033,0.022,0.104,140,101,3620,505,915,0.552,54,165,0.327,451,750,0.601,0.581,258,385,0.67,266,444,710,269,112,34,191,284,1322,0.079,0.14,0.088,0.332,COL
6,203991,2024,Clint Capela,clint-capela,15,C,256,5/18/1994,31,10,Elan Chalon,82,664,587,17403,3470,5628,0.617,0,6,0,1014,1863,0.544,2432,4553,6985,676,450,951,704,1558,7954,0.134,0,0.37,67,32,1187,221,364,0.607,0,2,0,,,,,71,136,0.522,141,243,384,53,51,71,84,131,513,0.229,0,,0,INT
7,1630168,2024,Onyeka Okongwu,onyeka-okongwu,17,F-C,240,12/11/2000,24,4,Southern California,82,307,76,6910,1180,1921,0.614,75,233,0.322,525,695,0.755,759,1299,2058,394,205,328,289,855,2960,-0.03,-0.006,0.123,28,28,858,175,284,0.616,1,4,0.25,174,280,0.621,0.618,103,143,0.72,92,150,242,30,34,76,56,75,454,0,0,0,0,COL
8,1631243,2024,Mouhamed Gueye,mouhamed-gueye,18,F,210,11/9/2002,22,1,Washington State,82,39,28,605,80,194,0.412,24,90,0.267,37,48,0.771,54,107,161,31,33,37,16,68,221,0.064,0,0,68,66,1826,295,603,0.489,18,65,0.277,277,538,0.515,0.504,122,199,0.613,182,275,457,79,56,61,112,186,730,0.003,0.005,0.005,0.181,COL
9,1627777,2024,Georges Niang,georges-niang,20,F,230,6/17/1993,32,8,Iowa State,79,544,32,9495,1455,3272,0.445,883,2214,0.399,253,297,0.852,172,1182,1354,534,176,78,379,983,4046,0.198,-0.008,0.01,138,126,4110,849,1697,0.5,188,502,0.375,661,1195,0.553,0.556,342,448,0.763,162,552,714,421,92,67,318,422,2228,0.085,0.073,0.12,0.108,COL
10,1626204,2024,Larry Nance Jr.,larry-nance,22,F-C,245,1/1/1993,32,9,Wyoming,80,546,137,12587,1727,3204,0.539,241,682,0.353,509,731,0.696,1005,2336,3341,1017,621,268,504,1152,4204,0.015,0.078,0.008,123,89,3631,510,978,0.521,36,117,0.308,474,861,0.551,0.54,330,428,0.771,185,622,807,172,141,135,193,284,1386,0.082,0.102,0.118,0.064,COL
11,1629726,2024,Garrison Mathews,garrison-matthews,24,G,215,10/24/1996,28,5,Lipscomb,78,314,64,5485,583,1438,0.405,467,1221,0.382,404,482,0.838,95,458,553,223,164,60,128,564,2037,-0.029,-0.035,-0.068,134,112,3774,755,1693,0.446,360,963,0.374,395,730,0.541,0.552,608,771,0.789,139,528,667,252,117,32,275,308,2478,0.062,0.054,0.106,0.134,COL
12,1630249,2024,Vít Krejčí,vit-krejci,27,G,195,6/19/2000,25,3,Zaragoza,80,138,38,2549,279,600,0.465,155,393,0.394,57,75,0.76,57,278,335,271,73,41,104,235,770,0.058,0.067,-0.103,37,4,339.3,46,83,0.554,12,35,0.343,,,,,13,24,0.542,12,34,46,25,10,4,21,57,117,0,0,,0,INT
13,1628369,2024,Jayson Tatum,jayson-tatum,0,F-G,210,3/3/1998,27,7,Duke,80,585,585,20184,4789,10429,0.459,1546,4181,0.37,2660,3167,0.84,512,3781,4293,2243,639,384,1389,1232,13784,-0.016,-0.064,0.014,29,27,966,165,365,0.452,40,117,0.342,125,248,0.504,0.507,118,139,0.849,39,174,213,62,39,33,76,86,488,0,0,0,0,COL
14,201950,2024,Jrue Holiday,jrue-holiday,4,G,205,6/12/1990,35,15,UCLA,76,1037,956,34158,6434,13928,0.462,1574,4259,0.37,1980,2513,0.788,998,3342,4340,6440,1473,535,2673,2196,16422,0.02,-0.02,0.032,35,35,950,112,249,0.45,27,88,0.307,85,161,0.528,0.504,45,62,0.726,44,88,132,129,55,18,75,75,296,0,0,0,0,COL
15,1627759,2024,Jaylen Brown,jaylen-brown,7,G-F,223,10/24/1996,28,8,California,78,603,496,18464,4298,8989,0.478,1144,3184,0.359,1696,2336,0.726,606,2602,3208,1589,612,228,1277,1518,11436,0.023,0.016,0.041,34,34,939,163,378,0.431,30,102,0.294,133,276,0.482,0.471,142,217,0.654,36,146,182,68,27,22,105,108,498,0,0,0,0,COL
16,204001,2024,Kristaps Porziņģis,kristaps-porzingis,8,F-C,240,8/2/1995,29,8,Cajasol Sevilla,86,501,500,15404,3453,7486,0.461,950,2597,0.366,1983,2391,0.829,868,3020,3888,913,365,909,835,1495,9839,0.04,0.028,-0.005,105,49,1937.8,364,773,0.471,78,224,0.348,,,,,133,183,0.727,132,272,404,48,77,108,126,264,939,0.121,0.182,,0.127,INT
17,1628401,2024,Derrick White,derrick-white,9,G,190,7/2/1994,30,7,Colorado,76,494,378,14079,2213,4937,0.448,944,2560,0.369,1029,1208,0.852,296,1512,1808,2065,405,446,694,1035,6399,-0.041,0.022,0.154,34,32,1116,205,404,0.507,57,144,0.396,148,260,0.569,0.578,148,182,0.813,35,104,139,148,42,49,81,72,615,0,0,0,0,COL
18,1630202,2024,Payton Pritchard,payton-pritchard,11,G,195,1/28/1998,27,4,Oregon,73,347,17,7008,1151,2537,0.454,661,1655,0.399,190,222,0.856,262,690,952,883,185,36,278,426,3153,0.014,-0.012,-0.025,144,140,4854,657,1504,0.437,288,759,0.379,369,745,0.495,0.533,336,420,0.8,95,455,550,659,211,7,292,321,1938,0.075,0.087,0.057,0.108,COL
19,1628470,2024,Torrey Craig,torrey-craig,12,F,221,12/19/1990,34,7,South Carolina Upstate,77,458,171,8913,1029,2277,0.452,423,1196,0.354,216,308,0.701,576,1226,1802,476,234,255,294,930,2697,0,0.058,0.086,131,124,4061,747,1808,0.413,297,899,0.33,450,909,0.495,0.495,337,502,0.671,277,667,944,236,138,101,347,326,2128,0.055,0.072,0.086,0.099,COL
20,1641809,2024,Drew Peterson,drew-peterson,13,F,205,11/9/1999,25,1,Southern California,81,28,1,208,21,47,0.447,16,38,0.421,7,9,0.778,9,32,41,14,7,2,9,19,65,0,0,0,164,151,4916,596,1396,0.427,201,562,0.358,395,834,0.474,0.499,328,438,0.749,167,730,897,505,125,77,346,283,1721,0.127,0.114,0.106,0.123,COL
21,1631120,2024,JD Davison,jd-davison,20,G,195,10/3/2002,22,2,Alabama,73,36,0,197,25,65,0.385,9,32,0.281,9,13,0.692,6,26,32,34,8,4,19,11,68,0,0,0,33,5,852,99,214,0.463,25,83,0.301,74,131,0.565,0.521,59,81,0.728,36,121,157,143,32,12,95,41,282,0,0,0,0,COL
22,1630214,2024,Xavier Tillman,xavier-tillman,26,F,245,1/12/1999,26,4,Michigan State,79,260,60,4170,587,1153,0.509,61,242,0.252,154,267,0.577,341,637,978,317,213,126,171,369,1389,-0.065,-0.088,-0.09,105,45,2235,348,598,0.582,21,77,0.273,327,521,0.628,0.599,196,282,0.695,214,482,696,167,83,153,135,226,913,0.1,0.036,0.042,0.076,COL
23,1641775,2024,Jordan Walsh,jordan-walsh,27,G,205,3/3/2004,21,1,Arkansas,78,61,2,486,36,98,0.367,17,64,0.266,8,14,0.571,28,61,89,24,17,12,20,41,97,0,0,0,36,22,878,94,217,0.433,20,72,0.278,74,145,0.51,0.479,47,66,0.712,43,98,141,33,40,17,37,105,255,0,0,0,0,COL
24,1630573,2024,Sam Hauser,sam-hauser,30,F,217,12/8/1997,27,3,Virginia,79,256,40,4729,666,1478,0.451,522,1243,0.42,40,47,0.851,129,604,733,227,111,61,87,292,1894,-0.009,-0.012,0,126,121,3978,591,1223,0.483,309,704,0.439,282,519,0.543,0.61,191,217,0.88,120,653,773,269,96,63,136,262,1682,0.044,0.085,0.083,0.096,COL
25,1628436,2024,Luke Kornet,luke-kornet,40,C-F,250,7/15/1995,29,7,Vanderbilt,85,353,58,5268,737,1376,0.536,148,461,0.321,221,287,0.77,482,743,1225,382,121,297,135,429,1843,0.137,-0.035,-0.046,128,76,3085,383,918,0.417,150,469,0.32,233,449,0.519,0.499,219,281,0.779,154,455,609,143,49,210,138,250,1135,0.151,0.164,0.157,0.167,COL
26,201143,2024,Al Horford,al-horford,42,C-F,240,6/3/1986,39,17,Florida,81,1138,1078,35917,6062,11900,0.509,976,2589,0.377,1605,2104,0.763,2169,6775,8944,3629,866,1300,1569,2416,14705,0.01,0.071,0.032,109,98,2798,424,724,0.586,0,4,0,424,720,0.589,0.586,275,444,0.619,254,610,864,187,94,189,173,270,1123,0.128,0,0.132,0.062,COL
27,1629674,2024,Neemias Queta,neemias-queta,88,C,248,7/13/1999,25,3,Utah State,84,110,6,1344,222,354,0.627,0,3,0,77,108,0.713,161,239,400,72,32,73,60,181,521,0.179,0,0.028,86,84,2406,442,744,0.594,3,8,0.375,439,736,0.596,0.596,246,381,0.646,213,563,776,175,63,219,218,228,1133,0.065,0,0.06,0.142,COL
28,1629622,2024,Max Strus,max-strus,1,G-F,215,3/28/1996,29,5,DePaul,77,309,156,7883,1129,2645,0.427,709,1926,0.368,242,298,0.812,198,859,1057,728,171,71,301,600,3209,-0.028,0.03,0.144,66,66,2413,403,960,0.42,194,554,0.35,209,406,0.515,0.521,226,274,0.825,87,295,382,162,73,33,152,193,1226,0.021,0.03,0.006,0.039,COL
29,1629660,2024,Ty Jerome,ty-jerome,2,G-F,195,7/8/1997,27,5,Virginia,77,229,10,4139,729,1592,0.458,285,748,0.381,243,286,0.85,94,373,467,648,166,22,225,331,1986,0.122,0.102,0.091,105,76,2775,363,835,0.435,166,424,0.392,197,411,0.479,0.534,119,151,0.788,29,289,318,384,127,4,145,202,1011,0.052,0.02,0.162,0.169,COL
30,1630596,2024,Evan Mobley,evan-mobley,4,C,215,6/18/2001,24,3,Southern California,83,269,269,8745,1772,3235,0.548,152,483,0.315,716,1032,0.694,605,1803,2408,784,222,419,514,640,4412,0.04,0.065,0.031,33,33,1120,197,341,0.578,12,40,0.3,185,301,0.615,0.595,134,193,0.694,90,196,286,79,26,95,74,58,540,0,0,0,0,COL
31,1630241,2024,Sam Merrill,sam-merrill,5,G,205,5/15/1996,29,4,Utah State,76,173,7,2819,379,935,0.405,313,810,0.386,62,67,0.925,67,256,323,246,84,19,66,219,1133,-0.039,-0.058,0.018,131,118,4360,715,1521,0.47,319,759,0.42,396,762,0.52,0.575,448,503,0.891,38,437,475,477,129,25,208,313,2197,0.054,0.088,0.103,0.06,COL
32,1629750,2024,Javonte Green,javonte-green,8,G,205,7/23/1993,31,5,Radford,77,263,74,4429,521,1023,0.509,124,367,0.338,233,312,0.747,247,566,813,187,218,106,131,389,1399,-0.006,0.061,0.075,133,122,3378,701,1350,0.519,24,101,0.238,677,1249,0.542,0.528,485,739,0.656,360,704,1064,141,243,89,245,358,1911,0.081,0.151,0.066,0.105,COL
33,1641854,2024,Craig Porter Jr.,craig-porterjr,9,G,180,2/26/2000,25,1,Wichita State,73,102,7,1162,188,368,0.511,33,82,0.402,64,88,0.727,40,136,176,189,38,30,83,65,473,0.002,0.049,-0.005,75,56,1961,240,526,0.456,54,151,0.358,186,375,0.496,0.508,109,158,0.69,69,286,355,272,94,81,137,119,643,0.089,0.022,0.141,0.05,COL
34,1629636,2024,Darius Garland,darius-garland,10,G,192,1/26/2000,25,5,Vanderbilt,73,382,378,12692,2635,5818,0.453,897,2313,0.388,1037,1196,0.867,194,821,1015,2558,447,44,1127,703,7204,0.052,0.033,-0.008,5,5,139,29,54,0.537,11,23,0.478,18,31,0.581,0.639,12,16,0.75,2,17,19,13,4,2,15,7,81,0,0,0,0,COL
35,1629631,2024,De'Andre Hunter,deandre-hunter,12,F-G,221,12/2/1997,27,5,Virginia,80,327,246,9819,1695,3753,0.452,587,1572,0.373,862,1052,0.819,208,1128,1336,497,224,97,448,896,4839,0.045,0.025,0.061,71,38,1891,309,607,0.509,67,160,0.419,242,447,0.541,0.564,197,255,0.773,90,220,310,111,41,35,83,136,882,0.032,0.056,0.025,0.028,COL
36,202684,2024,Tristan Thompson,tristan-thompson,13,C-F,254,3/13/1991,34,13,Texas,81,819,478,20432,2758,5308,0.52,10,42,0.238,1296,2189,0.592,2509,3919,6428,800,378,526,868,1750,6822,0.081,0,0.037,128,99,3266,463,1055,0.439,183,462,0.396,280,593,0.472,0.526,520,637,0.816,81,275,356,170,74,8,212,229,1629,0.038,0.063,0.042,0.043,COL
37,1629643,2024,Chuma Okeke,chuma-okeke,18,F,229,8/18/1998,26,4,Auburn,79,198,58,4027,454,1173,0.387,227,708,0.321,107,136,0.787,154,597,751,291,178,86,131,207,1242,-0.026,-0.023,0.052,72,38,1839,260,540,0.481,89,229,0.389,171,311,0.55,0.564,102,145,0.703,175,282,457,111,92,71,93,137,711,0.038,0.004,0.065,0.049,COL
38,1641734,2024,Emoni Bates,emoni-bates,21,F,202,1/28/2004,21,1,Eastern Michigan,80,25,0,207,28,87,0.322,21,63,0.333,1,4,0.25,1,20,21,18,2,3,10,9,78,0.016,0.03,0,48,42,1436,252,630,0.4,101,306,0.33,151,324,0.466,0.48,146,195,0.749,35,197,232,65,32,22,118,101,751,0.019,0.001,0.032,0.136,COL
39,1628386,2024,Jarrett Allen,jarrett-allen,31,C,243,4/21/1998,27,7,Texas,81,568,503,16020,2912,4542,0.641,19,116,0.164,1445,2030,0.712,1619,3620,5239,948,371,703,767,1113,7288,0.05,0,-0.065,33,33,1061,179,316,0.566,0,7,0,179,309,0.579,0.566,84,149,0.564,100,178,278,27,19,51,84,68,442,0,0,0,0,COL
40,1629731,2024,Dean Wade,dean-wade,32,F-C,228,11/20/1996,28,5,Kansas State,81,283,122,5515,523,1221,0.428,335,910,0.368,101,149,0.678,180,821,1001,284,176,98,108,457,1482,-0.006,0.002,-0.087,126,123,3695,548,1100,0.498,128,332,0.386,420,768,0.547,0.556,286,402,0.711,220,464,684,260,118,79,148,288,1510,0.116,0.148,0.078,0.133,COL
41,1630171,2024,Isaac Okoro,isaac-okoro,35,F-G,225,1/26/2001,24,4,Auburn,77,334,238,8747,976,2091,0.467,319,908,0.351,437,598,0.731,308,622,930,536,263,126,263,751,2708,0.047,0.061,0.005,28,28,881,125,243,0.514,20,70,0.286,105,173,0.607,0.556,90,134,0.672,53,71,124,57,26,25,55,76,360,0,0,0,0,COL
42,1628378,2024,Donovan Mitchell,donovan-mitchell,45,G,215,9/7/1996,28,7,Louisville,75,539,531,18244,4720,10512,0.449,1618,4419,0.366,2262,2692,0.84,435,1889,2324,2530,740,173,1447,1300,13320,0.012,0.026,0.035,65,38,1689,265,634,0.418,98,298,0.329,167,336,0.497,0.495,130,165,0.788,71,198,269,145,95,20,86,166,758,0.034,0.104,0.096,0.052,COL
43,1628971,2024,Bruce Brown,bruce-brown,0,G-F,202,8/15/1996,28,6,Miami,76,457,268,11375,1580,3322,0.476,283,841,0.337,602,784,0.768,476,1453,1929,1117,418,223,504,1070,4045,0.074,0.076,0.029,52,48,1693,212,480,0.442,49,155,0.316,163,325,0.502,0.493,134,191,0.702,73,248,321,182,74,33,110,126,607,0.044,0.08,0.029,0.115,COL
44,1629627,2024,Zion Williamson,zion-williamson,1,F,284,7/6/2000,24,4,Duke,78,214,214,6714,2041,3468,0.589,32,98,0.327,1165,1690,0.689,487,928,1415,920,219,138,608,483,5279,0.006,0,0.049,33,33,990,296,435,0.68,24,71,0.338,272,364,0.747,0.708,130,203,0.64,116,177,293,68,70,59,78,68,746,0,0,0,0,COL
45,1630529,2024,Herbert Jones,herb-jones,2,F,206,10/6/1998,26,3,Alabama,79,240,231,7255,877,1837,0.477,249,681,0.366,430,522,0.824,291,624,915,593,375,173,316,736,2433,0.001,0.029,-0.016,129,101,3076,340,771,0.441,34,118,0.288,306,653,0.469,0.463,233,386,0.604,204,427,631,285,167,98,266,379,947,0.076,0.082,0.085,0.218,COL
46,203468,2024,CJ McCollum,cj-mccollum,3,G,190,9/19/1991,33,11,Lehigh,75,787,690,25264,5871,12966,0.453,1989,5011,0.397,1683,2107,0.799,508,2359,2867,3005,704,326,1426,1657,15414,0.037,0.021,0.114,111,108,3657,767,1746,0.439,217,576,0.377,550,1170,0.47,0.501,610,739,0.825,167,529,696,304,228,51,267,195,2361,0.096,0.201,0.054,0.039,COL
47,203901,2024,Elfrid Payton,elfrid-payton,4,G,195,2/22/1994,31,8,Louisiana–Lafayette,75,524,404,13894,2126,4788,0.444,191,668,0.286,678,1089,0.623,538,1548,2086,3033,612,162,1143,1036,5121,0.022,0.031,0.075,100,78,3155,501,1032,0.485,30,112,0.268,471,920,0.512,0.5,394,645,0.611,148,360,508,486,197,51,336,226,1426,0.061,0.061,0.071,0.079,COL
48,1627749,2024,Dejounte Murray,dejounte-murray,5,G,180,9/19/1996,28,7,Washington,76,503,432,14745,3106,6853,0.453,604,1776,0.34,987,1249,0.79,455,2470,2925,2718,741,139,1061,901,7803,0.022,-0.051,0.09,34,34,1139,202,486,0.416,34,118,0.288,168,368,0.457,0.451,110,166,0.663,48,155,203,151,62,10,110,90,548,0,0,0,0,COL
49,1631288,2024,Jamal Cain,jamal-cain,8,F,191,3/20/1999,26,2,Oakland,78,81,1,1000,139,303,0.459,44,131,0.336,69,95,0.726,57,117,174,44,44,15,36,89,391,-0.102,-0.014,-0.047,150,61,3244,453,947,0.478,121,345,0.351,332,602,0.551,0.542,189,250,0.756,206,571,777,97,137,53,183,294,1216,0.061,0.175,0.084,0.122,COL
50,1630527,2024,Brandon Boston,brandon-bostonjr,11,G,188,11/28/2001,23,3,Kentucky,78,147,11,2346,407,989,0.412,109,332,0.328,178,228,0.781,71,256,327,176,99,30,119,177,1101,0.027,0.022,-0.038,25,24,759,103,290,0.355,30,100,0.3,73,190,0.384,0.407,51,65,0.785,33,79,112,40,33,4,36,49,287,0,0,0,0,COL
51,203482,2024,Kelly Olynyk,kelly-olynyk,13,F-C,240,4/19/1991,34,11,Gonzaga,83,800,283,18000,2912,5997,0.486,920,2481,0.371,1395,1752,0.796,975,3149,4124,1975,632,370,1286,2280,8139,0.025,0.018,-0.011,101,31,1735,338,569,0.594,25,75,0.333,313,494,0.634,0.616,202,285,0.709,152,309,461,107,52,46,140,197,903,0.129,0.144,0.097,0.18,COL
52,1630631,2024,Jose Alvarado,jose-alvarado,15,G,179,4/12/1998,27,3,Georgia Tech,72,227,34,4538,678,1649,0.411,304,873,0.348,196,259,0.757,105,400,505,714,271,46,247,378,1856,-0.035,0.057,0.078,106,104,3702,491,1106,0.444,172,505,0.341,319,601,0.531,0.522,275,348,0.79,64,321,385,384,226,8,240,267,1429,0.112,0.104,0.105,0.095,COL
53,1631311,2024,Lester Quinones,lester-quinones,22,G,208,11/16/2000,24,2,Memphis,76,54,0,595,89,224,0.397,47,136,0.346,35,48,0.729,26,68,94,62,10,4,36,62,260,-0.003,-0.029,0,87,81,2400,272,634,0.429,135,366,0.369,137,268,0.511,0.535,197,262,0.752,100,276,376,153,82,12,139,191,876,0.047,0.087,0.069,0.132,COL
54,1641722,2024,Jordan Hawkins,jordan-hawkins,24,G,190,4/29/2002,23,1,Connecticut,77,123,19,2481,381,1012,0.376,219,630,0.348,147,178,0.826,54,252,306,136,49,30,98,123,1128,-0.006,-0.018,-0.012,64,41,1484,231,584,0.396,136,362,0.376,95,222,0.428,0.512,157,180,0.872,48,145,193,61,35,28,76,110,755,0.056,0.055,0.066,0.066,COL
55,1630530,2024,Trey Murphy III,trey-murphyiii,25,F,206,6/18/2000,25,3,Virginia,80,251,140,6856,1152,2537,0.454,600,1566,0.383,544,622,0.875,195,781,976,462,219,117,214,397,3448,0.06,0.001,-0.007,86,45,2274,311,683,0.455,191,476,0.401,120,207,0.58,0.595,136,166,0.819,67,259,326,88,62,43,82,167,949,0.069,0.065,0.094,0.202,COL
56,1630526,2024,Jeremiah Robinson-Earl,jeremiah-robinson-earl,50,F,240,11/3/2000,24,3,Villanova,80,197,66,3474,447,1014,0.441,164,479,0.342,133,167,0.796,279,566,845,201,102,37,125,249,1191,0.027,-0.01,0.06,56,56,1875,268,561,0.478,44,146,0.301,224,415,0.54,0.517,139,181,0.768,141,361,502,115,59,33,108,127,719,0.043,0.048,0.077,0.1,COL
57,1629632,2024,Coby White,coby-white,0,G,195,2/16/2000,25,5,North Carolina,77,422,225,12566,2278,5262,0.433,985,2667,0.369,864,999,0.865,158,1381,1539,1618,292,72,752,895,6405,0.039,0.015,0.074,35,35,999,188,444,0.423,82,232,0.353,106,212,0.5,0.516,104,130,0.8,12,112,124,143,38,11,93,68,562,0,0,0,0,COL
58,1628366,2024,Lonzo Ball,lonzo-ball,2,G,190,10/27/1997,27,5,UCLA,78,287,253,8964,1206,3033,0.398,662,1828,0.362,188,314,0.599,287,1278,1565,1678,438,179,678,602,3262,0.038,0.057,0.148,36,36,1263,189,343,0.551,80,194,0.412,109,149,0.732,0.668,66,98,0.673,33,183,216,274,66,28,89,65,524,0,0,0,0,COL
59,1630581,2024,Josh Giddey,josh-giddey,3,G,216,10/10/2002,22,3,NBA Global Academy,80,280,279,8195,1593,3433,0.464,319,968,0.33,437,572,0.764,484,1616,2100,1703,243,140,752,464,3942,0.045,0.067,0.055,28,26,899.7,113,266,0.425,29,99,0.293,,,,,47,68,0.691,31,176,207,207,31,13,92,43,302,0,0,,0,INT
60,1628975,2024,Jevon Carter,jevon-carter,5,G,200,9/14/1995,29,6,West Virginia,73,412,49,6279,781,1980,0.394,472,1245,0.379,111,139,0.799,124,563,687,651,242,99,240,508,2145,0.091,0.047,0.012,144,112,4299,587,1441,0.407,241,678,0.355,346,763,0.453,0.491,343,430,0.798,131,407,538,559,330,34,264,358,1758,0.079,0.087,0.064,0.114,COL
61,1630188,2024,Jalen Smith,jalen-smith,7,F-C,215,3/16/2000,25,4,Maryland,81,271,56,4367,864,1711,0.505,231,696,0.332,331,439,0.754,438,994,1432,222,71,187,202,484,2290,0.065,0.102,-0.012,64,64,1850,313,607,0.516,51,158,0.323,262,449,0.584,0.558,188,265,0.709,189,362,551,54,36,113,94,138,865,0.046,0.1,0.041,0.092,COL
62,202696,2024,Nikola Vučević,nikola-vucevic,9,C,260,10/24/1990,34,13,Southern California,82,972,908,30502,7130,14333,0.497,898,2577,0.348,1561,2026,0.77,2434,7736,10170,2812,821,844,1670,2357,16719,0.046,0.05,0.246,87,67,2409,367,721,0.509,37,122,0.303,330,599,0.551,0.535,191,256,0.746,213,481,694,97,45,95,129,212,962,0.074,0.127,0.077,0.037,COL
63,1630245,2024,Ayo Dosunmu,ayo-dosunmu,11,G,200,1/17/2000,25,3,Illinois,77,279,154,7813,1140,2273,0.502,310,859,0.361,266,344,0.773,152,659,811,912,233,109,379,635,2856,-0.018,-0.015,0.094,90,90,2990,569,1210,0.47,111,322,0.345,458,888,0.516,0.516,255,340,0.75,72,363,435,351,97,20,246,172,1504,0.053,0.094,0.059,0.088,COL
64,1628380,2024,Zach Collins,zach-collins,12,F-C,250,11/19/1997,27,6,Gonzaga,83,378,83,7136,1147,2378,0.482,241,728,0.331,478,623,0.767,561,1266,1827,685,160,255,515,947,3013,0.087,0.016,0.138,39,0,673,135,207,0.652,10,21,0.476,125,186,0.672,0.676,110,148,0.743,66,164,230,16,18,69,60,105,390,0,0,0,0,COL
65,1628989,2024,Kevin Huerter,kevin-huerter,13,G-F,198,8/27/1998,26,6,Maryland,79,482,381,13567,2113,4788,0.441,1023,2726,0.375,352,463,0.76,275,1363,1638,1414,444,166,583,1081,5601,0.021,-0.014,0.024,65,65,2072,273,586,0.466,138,350,0.394,135,236,0.572,0.584,95,127,0.748,53,271,324,196,52,44,126,136,779,0.083,0.046,0.088,0.044,COL
66,1641763,2024,Julian Phillips,julian-phillips,15,F,198,11/5/2003,21,1,Tennessee,80,119,5,1445,160,364,0.44,62,191,0.325,73,95,0.768,79,126,205,52,45,27,37,148,455,0.024,0.009,0,32,25,770,79,192,0.411,11,46,0.239,68,146,0.466,0.44,97,118,0.822,57,93,150,46,20,17,41,56,266,0,0,0,0,COL
67,1629659,2024,Talen Horton-Tucker,talen-horton-tucker,22,G,234,11/25/2000,24,5,Iowa State,76,305,55,5942,1036,2426,0.427,249,833,0.299,488,633,0.771,145,655,800,852,237,110,424,546,2809,-0.04,0.017,-0.002,35,34,952,155,382,0.406,49,159,0.308,106,223,0.475,0.47,55,88,0.625,23,147,170,82,45,23,60,79,414,0,0,0,0,COL
68,1631207,2024,Dalen Terry,dalen-terry,25,F,195,7/12/2002,22,2,Arizona,79,170,7,1881,221,497,0.445,61,205,0.298,88,133,0.662,79,195,274,200,82,38,93,219,591,0.001,0.039,-0.005,63,51,1568,154,323,0.477,42,120,0.35,112,203,0.552,0.542,66,97,0.68,63,199,262,183,65,22,82,145,416,0.087,0.038,0.082,0.122,COL
69,1630200,2024,Tre Jones,tre-jones,30,G,185,1/8/2000,25,4,Duke,73,297,134,6443,975,1998,0.488,141,453,0.311,392,467,0.839,182,644,826,1390,254,35,320,336,2483,0.019,0.121,0.055,65,65,2258,294,702,0.419,66,211,0.313,228,491,0.464,0.466,155,202,0.767,51,207,258,377,120,16,131,107,809,0.009,0.099,0.039,0.013,COL
70,1630604,2024,E.J. Liddell,ej-liddell,32,F,240,12/18/2000,24,1,Ohio State,78,20,0,75,9,21,0.429,3,15,0.2,4,4,1,3,11,14,4,3,3,4,13,25,0,0,0,92,61,2430,432,900,0.48,78,229,0.341,354,671,0.528,0.523,356,475,0.749,158,406,564,146,50,143,153,225,1298,0.026,0.182,0.022,0.047,COL
71,1630172,2024,Patrick Williams,patrick-williams,44,F,215,8/26/2001,23,4,Florida State,79,276,211,7478,987,2182,0.452,339,864,0.392,323,420,0.769,250,876,1126,404,233,190,358,476,2636,-0.031,0.001,0.041,29,0,653,95,207,0.459,16,50,0.32,79,157,0.503,0.498,62,74,0.838,38,78,116,29,29,30,50,47,268,0,0,0,0,COL
72,1631108,2024,Max Christie,max-christie,0,G,190,2/10/2003,22,2,Michigan State,77,186,46,3583,399,937,0.426,183,494,0.37,180,214,0.841,60,415,475,227,93,55,136,205,1161,0.011,-0.05,0.063,35,35,1078,112,293,0.382,39,123,0.317,73,170,0.429,0.449,61,74,0.824,30,91,121,51,18,17,52,39,324,0,0,0,0,COL
73,1641726,2024,Dereck Lively II,dereck-lively-ii,2,C,230,2/12/2004,21,1,Duke,85,91,71,2127,355,487,0.729,0,2,0,87,154,0.565,239,409,648,145,56,133,91,244,797,-0.018,0,0.059,34,27,700,77,117,0.658,2,13,0.154,75,104,0.721,0.667,21,35,0.6,72,112,184,37,17,82,23,92,177,0,0,0,0,COL
74,203076,2024,Anthony Davis,anthony-davis,3,F-C,253,3/11/1993,32,12,Kentucky,82,787,780,27115,7100,13589,0.522,375,1269,0.296,4403,5546,0.794,2086,6329,8415,2009,1033,1815,1573,1840,18978,0.006,-0.026,0.042,124,115,3733,603,1435,0.42,139,447,0.311,464,988,0.47,0.469,300,412,0.728,177,366,543,285,193,42,248,273,1645,0.035,0.057,0.045,0.121,COL
75,203939,2024,Dwight Powell,dwight-powell,7,F-C,240,7/20/1991,33,10,Stanford,82,705,254,12565,1762,2916,0.604,124,422,0.294,1106,1502,0.736,1091,1904,2995,732,416,309,466,1534,4754,0.166,0.02,-0.037,136,105,3569,515,1110,0.464,33,114,0.289,482,996,0.484,0.479,402,557,0.722,225,628,853,240,125,118,283,390,1465,0.018,0.199,0.031,0.113,COL
76,1641765,2024,Olivier-Maxence Prosper,olivier-maxence-prosper,8,F,230,7/3/2002,22,1,Marquette,79,92,5,920,110,278,0.396,25,96,0.26,77,117,0.658,69,136,205,62,33,10,22,48,322,0.011,-0.029,-0.025,90,63,1925,244,510,0.478,61,193,0.316,183,317,0.577,0.538,167,223,0.749,98,217,315,59,65,12,87,172,716,0.166,0.022,0.183,0.085,COL
77,1630314,2024,Brandon Williams,brandon-williams,10,G,190,11/22/1999,25,2,Arizona,73,74,19,1239,223,524,0.426,58,181,0.32,134,180,0.744,35,110,145,187,49,16,104,89,638,0.054,0.039,0.054,26,21,732,87,231,0.377,36,114,0.316,51,117,0.436,0.455,86,105,0.819,5,67,72,88,21,5,46,52,296,0,0,0,0,COL
78,202681,2024,Kyrie Irving,kyrie-irving,11,G,195,3/23/1992,33,13,Duke,74,779,779,26878,6787,14313,0.474,1876,4763,0.394,2983,3360,0.888,638,2535,3173,4365,1022,337,1942,1770,18433,0.007,-0.007,0.017,11,8,303,55,104,0.529,18,39,0.462,37,65,0.569,0.615,64,71,0.901,6,31,37,47,16,6,27,23,192,0,0,0,0,COL
79,1630230,2024,Naji Marshall,naji-marshall,13,F,220,1/24/1998,27,4,Xavier,78,299,67,6403,970,2128,0.456,234,774,0.302,463,589,0.786,230,907,1137,675,232,55,358,440,2637,0.064,-0.047,0.079,99,82,3056,452,1029,0.439,107,370,0.289,345,659,0.524,0.491,266,367,0.725,105,481,586,293,99,30,268,230,1277,0.136,0.072,0.111,0.043,COL
80,1628997,2024,Caleb Martin,caleb-martin,16,F,205,9/28/1995,29,5,Nevada,77,311,112,7559,965,2161,0.447,317,888,0.357,358,488,0.734,326,885,1211,509,271,132,311,556,2605,0.004,-0.182,-0.095,139,79,3959,605,1461,0.414,311,866,0.359,294,595,0.494,0.521,364,502,0.725,121,505,626,261,135,78,198,293,1885,0.098,0.098,0.119,0.082,COL
81,1630556,2024,Kessler Edwards,kessler-edwards,20,F,203,8/9/2000,24,3,Pepperdine,79,178,45,2256,247,577,0.428,107,297,0.36,44,56,0.786,98,292,390,111,72,54,75,213,645,0.01,0.006,0,92,84,2909,424,905,0.469,150,380,0.395,274,525,0.522,0.551,221,280,0.789,152,446,598,112,93,124,142,218,1219,0.053,0.067,0.056,0.182,COL
82,1629655,2024,Daniel Gafford,daniel-gafford,21,F-C,265,10/1/1998,26,5,Arkansas,82,378,215,7489,1453,2048,0.709,0,1,0,591,879,0.672,814,1313,2127,397,190,584,360,932,3497,0.009,0,0.139,67,58,1709,378,595,0.635,0,0,,378,595,0.635,0.635,199,354,0.562,168,326,494,47,49,141,113,202,955,0.055,0,0.055,0.063,COL
83,1630539,2024,Kai Jones,kai-jones,23,C-F,221,1/19/2001,24,2,Texas,83,107,6,1080,163,243,0.671,6,26,0.231,45,66,0.682,80,179,259,44,33,55,55,123,377,0.155,0,-0.013,53,14,1044,121,219,0.553,20,58,0.345,101,161,0.627,0.598,65,96,0.677,79,134,213,26,36,54,59,122,327,0.08,0,0.046,0,COL
84,1629023,2024,P.J. Washington,pj-washington,25,F,230,8/23/1998,26,5,Kentucky,78,390,320,11915,1909,4261,0.448,680,1901,0.358,623,879,0.709,473,1809,2282,878,378,382,627,974,5121,-0.009,-0.023,0.058,72,63,2036,325,624,0.521,38,99,0.384,287,525,0.547,0.551,244,386,0.632,148,327,475,120,57,74,140,186,932,0.003,0,0.005,0.057,COL
85,203915,2024,Spencer Dinwiddie,spencer-dinwiddie,26,G,215,4/6/1993,32,10,Colorado,77,621,345,17221,2625,6335,0.414,967,2900,0.333,1861,2337,0.796,254,1597,1851,3153,448,167,1007,1345,8078,0.114,0.154,-0.116,86,86,2590,290,690,0.42,115,298,0.386,175,392,0.446,0.504,420,506,0.83,42,246,288,227,97,29,153,181,1115,0.064,0.1,0.135,0.041,COL
86,202691,2024,Klay Thompson,klay-thompson,31,G,220,2/8/1990,35,11,Washington State,77,865,814,27806,6155,13657,0.451,2697,6562,0.411,1529,1778,0.86,406,2635,3041,1988,726,443,1424,1705,16536,0.008,-0.003,-0.008,98,96,3367,599,1414,0.424,242,620,0.39,357,794,0.45,0.509,316,382,0.827,89,386,475,259,130,74,289,241,1756,0.024,0.048,0.039,0.102,COL
87,1631128,2024,Christian Braun,christian-braun,0,G,220,4/17/2001,24,2,Kansas,78,237,87,5512,841,1593,0.528,186,484,0.384,310,412,0.752,225,672,897,396,168,89,171,408,2178,0.033,0.03,0.127,101,74,2877,355,790,0.449,135,357,0.378,220,433,0.508,0.535,173,231,0.749,112,394,506,183,97,53,133,164,1018,0.115,0.104,0.131,0.055,COL
88,1629008,2024,Michael Porter Jr.,michael-porterjr,1,F,218,6/29/1998,27,5,Missouri,82,345,291,10036,2123,4247,0.5,843,2074,0.406,508,639,0.795,474,1735,2209,485,206,201,402,666,5597,-0.009,-0.016,-0.035,3,1,53,10,30,0.333,3,10,0.3,7,20,0.35,0.383,7,9,0.778,4,16,20,1,3,1,3,6,30,0,0,0,0,COL
89,1631124,2024,Julian Strawther,julian-strawther,3,G,205,4/18/2002,23,1,Gonzaga,78,115,4,1928,292,708,0.412,135,407,0.332,96,121,0.793,22,181,203,130,56,23,80,205,815,0.043,0.035,0.083,94,68,2196,355,734,0.484,143,372,0.384,212,362,0.586,0.581,175,235,0.745,79,354,433,82,52,23,93,164,1028,0.048,0.087,0.174,0.071,COL
90,201566,2024,Russell Westbrook,russell-westbrook,4,G,200,11/12/1988,36,16,UCLA,76,1237,1075,41171,9428,21490,0.439,1367,4477,0.305,5982,7745,0.772,1974,6703,8677,9925,1955,406,4829,3157,26205,0.041,0.035,-0.047,75,35,1643,230,496,0.464,35,99,0.354,195,397,0.491,0.499,124,181,0.685,69,112,181,191,77,8,121,128,619,0.008,0,0.027,0.165,COL
91,1641816,2024,Hunter Tyson,tyson-hunter,5,F,215,6/13/2000,25,1,Clemson,80,69,2,447,53,140,0.379,27,88,0.307,21,28,0.75,26,61,87,22,11,6,16,54,154,-0.021,0,0,140,73,2814,382,844,0.453,169,462,0.366,213,382,0.558,0.553,199,252,0.79,115,550,665,111,80,29,97,191,1132,0.225,0.197,0.182,0.131,COL
92,201599,2024,DeAndre Jordan,deandre-jordan,6,C,265,7/21/1988,36,16,Texas A&M,83,1111,791,27867,3856,5725,0.674,2,13,0.154,1769,3728,0.475,3191,7594,10785,1045,571,1567,1442,2684,9483,0.038,0,0.105,35,21,703,113,183,0.617,0,0,,113,183,0.617,0.617,52,119,0.437,66,144,210,15,7,44,57,67,278,0,0,0,0,COL
93,1631212,2024,Peyton Watson,peyton-watson,8,G,200,9/11/2002,22,2,UCLA,79,171,24,3329,441,934,0.472,99,302,0.328,177,263,0.673,111,417,528,191,92,192,122,280,1158,-0.02,0.027,0.123,32,0,405,38,118,0.322,7,31,0.226,31,87,0.356,0.352,22,32,0.688,29,63,92,26,19,19,30,51,105,0,0,0,0,COL
94,203967,2024,Dario Šarić,dario-saric,9,F-C,225,4/8/1994,31,7,Anadolu Efes,82,493,230,11078,1826,4116,0.444,638,1771,0.36,823,983,0.837,678,1948,2626,940,278,97,721,985,5113,0.033,0.052,0.061,250,203,6596.3,1118,2321,0.482,215,642,0.335,,,,,644,893,0.721,481,1336,1817,575,254,158,591,658,3097,0.045,0.175,,0.254,INT
95,203999,2024,Nikola Jokić,nikola-jokic,15,C,284,2/19/1995,30,9,Mega Basket,83,745,704,23645,6236,11142,0.56,814,2264,0.36,2924,3550,0.824,1983,6158,8141,5383,949,536,2176,1995,16210,0.048,0.027,0.013,86,49,2248.8,436,831,0.525,83,268,0.31,,,,,180,264,0.682,197,464,661,231,89,74,159,251,1135,0.06,0.011,,0.035,INT
96,1630192,2024,Zeke Nnaji,zeke-nnaji,22,F-C,240,1/9/2001,24,4,Arizona,81,251,11,3006,395,776,0.509,101,279,0.362,162,248,0.653,229,337,566,100,81,116,102,356,1053,0.028,-0.045,0.013,32,32,981,179,314,0.57,5,17,0.294,174,297,0.586,0.578,152,200,0.76,99,177,276,27,23,28,70,76,515,0,0,0,0,COL
97,1629618,2024,Jalen Pickett,jalen-pickett,24,G,202,10/22/1999,25,1,Penn State,74,76,4,788,92,215,0.428,49,126,0.389,9,12,0.75,16,69,85,128,23,5,33,51,242,-0.001,0.029,0,144,142,5309,838,1845,0.454,243,685,0.355,595,1160,0.513,0.52,288,388,0.742,149,631,780,841,178,115,306,278,2207,0.105,0.061,0.102,0.074,COL
98,1627750,2024,Jamal Murray,jamal-murray,27,G,215,2/23/1997,28,7,Kentucky,76,536,461,16797,3551,7799,0.455,1146,3004,0.381,1375,1580,0.87,405,1613,2018,2509,542,197,1086,982,9623,0.051,0.047,-0.013,36,36,1267,244,538,0.454,113,277,0.408,131,261,0.502,0.559,119,152,0.783,53,133,186,79,35,11,84,75,720,0,0,0,0,COL
99,1628427,2024,Vlatko Čančar,vlatko-cancar,31,F,236,4/10/1997,28,4,San Pablo Burgos,80,143,11,1527,180,381,0.472,64,181,0.354,61,72,0.847,54,197,251,123,39,22,74,137,485,0.017,0.078,0,159,97,3554.5,501,1110,0.451,171,479,0.357,,,,,256,311,0.823,157,443,600,218,127,62,222,440,1429,0.235,0.077,,0.128,INT
100,203932,2024,Aaron Gordon,aaron-gordon,32,F,235,9/16/1995,29,10,Arizona,80,720,622,21074,3696,7637,0.484,762,2302,0.331,1603,2314,0.693,1259,3215,4474,1939,522,445,1068,1406,9757,0.036,0.06,-0.031,38,38,1187,189,382,0.495,16,45,0.356,173,337,0.513,0.516,76,180,0.422,102,201,303,75,34,39,55,90,470,0,0,0,0,COL
101,1627780,2024,Gary Payton II,gary-payton,0,G,195,12/1/1992,32,8,Oregon State,74,270,51,4030,628,1127,0.557,130,382,0.34,95,152,0.625,237,526,763,312,261,78,161,462,1481,0.184,0.103,0.036,120,120,4528,829,1710,0.485,178,482,0.369,651,1228,0.53,0.537,336,491,0.684,27,76,480,938,321,63,396,415,2172,0.045,0.064,0.099,0.028,COL
102,1641764,2024,Brandin Podziemski,brandin-podziemski,2,G,205,2/25/2003,22,1,Santa Clara,76,138,61,3684,551,1226,0.449,205,543,0.378,122,174,0.701,183,569,752,493,130,27,163,217,1429,-0.005,-0.007,0.068,48,32,1221,230,479,0.48,84,198,0.424,146,281,0.52,0.568,114,148,0.77,59,236,295,122,58,15,77,68,658,0,0,0,0,COL
103,1630541,2024,Moses Moody,moses-moody,4,G,211,5/31/2002,23,3,Arkansas,77,255,57,4229,628,1398,0.449,287,782,0.367,244,315,0.775,162,408,570,227,126,72,145,303,1787,0.012,0.003,-0.003,32,32,1082,165,386,0.427,58,162,0.358,107,224,0.478,0.503,151,186,0.812,64,120,184,51,33,21,52,74,539,0,0,0,0,COL
104,1626172,2024,Kevon Looney,kevon-looney,5,F,222,2/6/1996,29,9,UCLA,81,599,262,10308,1258,2189,0.575,12,65,0.185,449,738,0.608,1280,2111,3391,956,304,322,350,1302,2977,0.052,0,-0.012,36,36,1113,151,321,0.47,22,53,0.415,129,268,0.481,0.505,92,147,0.626,122,209,331,51,46,32,45,104,416,0,0,0,0,COL
105,1627741,2024,Buddy Hield,buddy-hield,7,G,220,12/17/1992,32,8,Oklahoma,76,714,434,20179,3887,8986,0.433,2127,5357,0.397,831,969,0.858,527,2409,2936,1775,614,227,1155,1446,10732,0.037,0.024,-0.02,132,118,4182,783,1748,0.448,349,894,0.39,434,854,0.508,0.548,376,450,0.836,209,452,661,254,168,38,285,259,2291,0.113,0.219,0.083,0.13,COL
106,202710,2024,Jimmy Butler III,jimmy-butler,10,F,230,9/14/1989,35,13,Marquette,79,869,764,28789,5147,10909,0.472,684,2084,0.328,4920,5833,0.843,1441,3206,4647,3772,1400,379,1399,1196,15898,0.068,-0.051,0.076,106,69,3134,390,768,0.508,36,94,0.383,354,674,0.525,0.531,461,596,0.773,247,332,579,180,115,50,110,183,1277,0.04,0.155,0.019,0.017,COL
107,1630296,2024,Braxton Key,braxton-key,12,F,225,2/14/1997,28,3,Virginia,80,37,0,277,41,94,0.436,8,27,0.296,18,29,0.621,17,54,71,20,14,12,13,31,108,0.001,-0.007,0,125,78,3325,379,883,0.429,78,285,0.274,301,598,0.503,0.473,234,363,0.645,186,544,730,221,116,69,228,245,1070,0.026,0.145,0.055,0.147,COL
108,1630611,2024,Gui Santos,gui-santos,15,F,185,6/22/2002,23,1,Minas,78,79,2,953,110,234,0.47,44,130,0.338,45,59,0.763,89,132,221,94,29,12,49,114,309,-0.039,-0.032,0,88,52,2035.1,282,618,0.456,76,225,0.338,,,,,170,255,0.667,110,342,452,162,63,71,158,217,810,0.017,0.031,,0.131,INT
109,203110,2024,Draymond Green,draymond-green,23,F,230,3/4/1990,35,12,Michigan State,78,881,726,25281,2831,6299,0.449,742,2318,0.32,1261,1775,0.71,964,5123,6087,4948,1183,888,2027,2536,7665,0.122,0.111,-0.108,145,66,3619,543,1163,0.467,91,252,0.361,452,911,0.496,0.506,340,495,0.687,283,813,1096,425,180,116,277,396,1517,0.13,0.022,0.112,0.108,COL
110,201939,2024,Stephen Curry,stephen-curry,30,G,185,3/14/1988,37,15,Davidson,74,1026,1020,34976,8648,18356,0.471,4058,9589,0.423,4032,4424,0.911,669,4150,4819,6540,1553,265,3187,2310,25386,0.009,-0.014,0.026,104,103,3387,871,1866,0.467,414,1004,0.412,457,862,0.53,0.578,479,547,0.876,81,392,473,388,221,28,314,253,2635,0.029,0.052,0.021,0.039,COL
111,1628995,2024,Kevin Knox II,kevin-knox,31,F,215,8/11/1999,25,6,Kentucky,80,320,77,5606,825,2097,0.393,340,1001,0.34,332,459,0.723,172,721,893,233,121,83,259,488,2322,0.031,-0.004,0.011,37,37,1198,196,440,0.445,57,167,0.341,139,273,0.509,0.51,127,164,0.774,33,167,200,53,31,10,85,82,576,0,0,0,0,COL
112,1631218,2024,Trayce Jackson-Davis,trayce-jackson-davis,32,F,245,2/22/2000,25,1,Indiana,81,130,53,2097,407,634,0.642,0,4,0,133,234,0.568,257,395,652,186,52,114,94,181,947,-0.06,0,0.007,126,126,4098,850,1504,0.565,0,3,0,850,1501,0.566,0.565,558,825,0.676,352,791,1143,271,91,270,241,242,2258,0.072,0,0.076,0.04,COL
113,1630311,2024,Pat Spencer,pat-spencer,61,G,205,7/4/1996,28,1,Northwestern,75,45,0,275,43,105,0.41,5,24,0.208,11,15,0.733,17,33,50,53,14,3,19,21,102,0,0,0,31,29,910,122,280,0.436,12,51,0.235,110,229,0.48,0.457,66,81,0.815,21,107,128,122,24,7,70,64,322,0,0,0,0,COL
114,1628988,2024,Aaron Holiday,aaron-holiday,0,G,185,9/30/1996,28,6,UCLA,72,448,66,7366,1054,2504,0.421,428,1119,0.382,361,424,0.851,127,582,709,900,262,80,387,645,2897,0.023,0.043,0.034,101,65,3209,476,1058,0.45,180,427,0.422,296,631,0.469,0.535,311,391,0.795,48,272,320,477,126,22,304,271,1443,0.091,0.018,0.156,0.101,COL
115,1629111,2024,Jock Landale,jock-landale,2,C,255,10/25/1995,29,3,St. Mary's (CA),83,221,11,2830,466,899,0.518,71,239,0.297,192,251,0.765,326,401,727,215,59,87,142,302,1195,0.023,-0.029,-0.064,126,71,2776,652,1044,0.625,8,29,0.276,644,1015,0.634,0.628,346,469,0.738,250,592,842,153,33,94,204,289,1658,0.029,0,0.037,0.053,COL
116,1627832,2024,Fred VanVleet,fred-van-vleet,5,G,197,2/25/1994,31,8,Wichita State,72,550,401,17193,2763,6885,0.401,1386,3731,0.371,1292,1498,0.862,239,1645,1884,3121,757,253,910,1205,8204,0.05,-0.008,0.044,141,102,3775,463,1086,0.426,141,365,0.386,322,721,0.447,0.491,372,462,0.805,91,376,467,637,225,13,207,215,1439,0.098,0.061,0.141,0.105,COL
117,1641715,2024,Cam Whitmore,cam-whitmore,7,F,230,7/8/2004,20,1,Villanova,79,98,5,1706,391,870,0.449,144,403,0.357,130,184,0.707,80,251,331,82,61,30,92,108,1056,-0.005,-0.002,0.028,26,20,709,122,255,0.478,37,108,0.343,85,147,0.578,0.551,45,64,0.703,21,117,138,19,37,9,42,44,326,0,0,0,0,COL
118,1630256,2024,Jae'Sean Tate,jaesean-tate,8,F,230,10/28/1995,29,4,Ohio State,76,296,153,6396,967,1960,0.493,175,566,0.309,340,486,0.7,419,807,1226,595,246,106,343,833,2449,-0.013,0.001,0.006,129,110,3611,614,1113,0.552,36,130,0.277,578,983,0.588,0.568,248,447,0.555,227,544,771,216,136,64,234,382,1512,0.068,0.128,0.078,0.073,COL
119,1628415,2024,Dillon Brooks,dillon-brooks,9,G-F,225,1/22/1996,29,7,Oregon,78,492,465,14502,2588,6173,0.419,892,2514,0.355,902,1122,0.804,381,1213,1594,982,449,124,704,1626,6970,-0.021,-0.001,0.057,109,98,3153,587,1243,0.472,133,367,0.362,454,876,0.518,0.526,305,384,0.794,174,321,495,279,96,51,234,320,1612,0.032,0.064,0.036,0.071,COL
120,1631095,2024,Jabari Smith Jr.,jabari-smith,10,F,220,5/13/2003,22,2,Auburn,82,212,194,6590,990,2291,0.432,356,1048,0.34,416,517,0.805,366,1218,1584,282,120,176,254,550,2752,0.024,0.033,0.019,34,34,978,183,427,0.429,79,188,0.42,104,239,0.435,0.521,131,164,0.799,32,220,252,68,37,35,63,70,576,0,0,0,0,COL
121,203500,2024,Steven Adams,steven-adams,12,C,265,7/20/1993,31,10,Pittsburgh,83,764,644,19738,2804,4786,0.586,1,17,0.059,1134,2129,0.533,2765,3350,6115,1145,646,703,1083,1808,6743,0.083,0,-0.048,32,32,749,100,175,0.571,0,0,,100,175,0.571,0.571,31,70,0.443,90,113,203,20,21,65,35,52,231,0,0,0,0,COL
122,1631106,2024,Tari Eason,tari-eason,17,F,215,5/10/2001,24,2,Louisiana State,80,161,21,3667,656,1408,0.466,140,406,0.345,209,282,0.741,369,642,1011,198,224,116,186,376,1661,0.018,0.002,-0.011,56,12,1257,257,510,0.504,35,107,0.327,222,403,0.551,0.538,178,235,0.757,127,227,354,63,91,65,123,151,727,0.059,0.118,0.047,0.229,COL
123,1631466,2024,Nate Williams,jeenathan-williams,19,G,205,2/12/1999,26,2,Buffalo,77,47,4,402,78,151,0.517,11,39,0.282,14,24,0.583,27,24,51,26,15,7,22,39,181,-0.098,0,0,122,84,2866,583,1249,0.467,133,375,0.355,450,874,0.515,0.52,179,260,0.688,168,359,527,190,102,62,211,189,1478,0.132,0.345,0.018,0.097,COL
124,1630578,2024,Alperen Sengun,alperen-sengun,28,C,243,7/25/2002,22,3,Besiktas,83,286,224,8100,1785,3449,0.518,102,375,0.272,911,1300,0.701,825,1621,2446,1160,289,245,694,892,4583,0.044,0.024,-0.01,104,59,2212.4,453,813,0.557,27,118,0.229,,,,,291,405,0.719,271,383,654,158,89,96,174,259,1224,0.156,0.059,,0.194,INT
125,201145,2024,Jeff Green,jeff-green,32,F,235,8/28/1986,38,16,Georgetown,80,1217,660,33259,5203,11556,0.45,1201,3556,0.338,2806,3490,0.804,1003,3879,4882,1784,759,591,1582,2502,14413,0.021,0.059,0.059,102,102,3388,485,994,0.488,89,248,0.359,396,746,0.531,0.533,280,400,0.7,217,447,664,318,92,127,257,254,1339,0.068,0.085,0.061,0.151,COL
126,1631223,2024,David Roddy,david-roddy,45,F,255,3/27/2001,24,2,Colorado State,76,168,20,2845,402,954,0.421,132,437,0.302,108,159,0.679,116,372,488,174,70,39,136,199,1044,-0.009,0,0.063,91,76,2723,508,974,0.522,81,254,0.319,427,720,0.593,0.563,309,418,0.739,171,505,676,219,80,77,201,199,1406,0.106,0.243,0.054,0.098,COL
127,201935,2024,James Harden,james-harden,1,G,220,8/26/1989,35,15,Arizona State,77,1151,937,40009,8174,18610,0.439,3175,8750,0.363,8164,9478,0.861,871,5602,6473,8316,1715,655,4260,2857,27687,0.036,-0.014,0.054,69,68,2412,417,824,0.506,102,271,0.376,315,553,0.57,0.568,373,494,0.755,92,282,374,258,132,30,207,171,1309,0.038,0.051,0.012,0.002,COL
128,202695,2024,Kawhi Leonard,kawhi-leonard,2,F,225,6/29/1991,34,12,San Diego State,79,733,704,23282,5352,10736,0.499,1187,3027,0.392,2842,3306,0.86,872,3790,4662,2236,1255,471,1212,1225,14733,0.006,0.016,0.087,70,69,2236,377,840,0.449,41,164,0.25,336,676,0.497,0.473,195,262,0.744,230,486,716,156,98,45,153,174,990,0.011,0.086,0.045,0.033,COL
129,1641754,2024,Seth Lundy,seth-lundy,5,G-F,220,4/2/2000,25,1,Penn State,76,9,0,51,4,17,0.235,3,13,0.231,3,4,0.75,1,6,7,0,0,0,1,6,14,0,0,0,122,96,3166,424,1029,0.412,229,623,0.368,195,406,0.48,0.523,206,253,0.814,109,451,560,88,84,67,138,260,1283,0.065,0.08,0.133,0.117,COL
130,1629599,2024,Amir Coffey,amir-coffey,7,G-F,210,6/17/1997,28,5,Minnesota,79,323,67,5954,741,1630,0.455,307,800,0.384,359,429,0.837,118,501,619,366,141,43,167,409,2148,0.029,-0.026,0.133,87,87,2933,416,929,0.448,94,287,0.328,322,642,0.502,0.498,329,448,0.734,65,266,331,277,81,18,182,147,1255,0.039,0.064,0.032,0.066,COL
131,1627739,2024,Kris Dunn,kris-dunn,8,G,205,3/18/1994,31,8,Providence,75,407,222,9497,1271,2907,0.437,261,799,0.327,313,425,0.736,211,1144,1355,1617,597,171,634,1114,3116,0.062,0.043,0.117,95,83,2997,424,943,0.45,73,206,0.354,351,737,0.476,0.488,293,423,0.693,106,380,486,552,208,38,315,280,1214,0.076,0.021,0.092,0.009,COL
132,203992,2024,Bogdan Bogdanović,bogdan-bogdanovic,10,G,225,8/18/1992,32,7,Fenerbahce,77,503,197,14299,2605,5963,0.437,1233,3224,0.382,730,863,0.846,246,1433,1679,1616,505,128,719,1070,7173,-0.01,-0.011,0.008,309,213,7770.5,1234,2880,0.428,516,1412,0.365,,,,,615,768,0.801,166,818,984,878,313,85,541,707,3603,0.116,0.09,,0.092,INT
133,1641757,2024,Jordan Miller,jordan-miller,11,G,194,1/23/2000,25,1,Miami,77,45,0,448,63,143,0.441,9,40,0.225,30,37,0.811,26,37,63,34,17,5,27,28,165,0,0,0,142,133,4600,699,1357,0.515,114,346,0.329,585,1011,0.579,0.557,312,428,0.729,333,520,853,236,175,60,196,280,1824,0.164,0.06,0.163,0.167,COL
134,1629234,2024,Drew Eubanks,drew-eubanks,15,F-C,245,2/1/1997,28,6,Oregon State,82,384,75,5884,876,1450,0.604,21,53,0.396,409,564,0.725,533,1175,1708,369,135,313,324,605,2182,0.024,0,-0.047,96,94,2715,447,747,0.598,0,0,,447,747,0.598,0.598,233,336,0.693,185,445,630,87,49,163,194,270,1127,0.044,0,0.044,0.077,COL
135,1641738,2024,Kobe Brown,kobe-brown,21,F,250,1/1/2000,25,1,Missouri,79,84,0,666,70,162,0.432,20,74,0.27,6,9,0.667,39,88,127,49,19,10,21,72,166,0.021,-0.022,0,123,118,3091,487,990,0.492,100,319,0.313,387,671,0.577,0.542,260,348,0.747,209,532,741,205,134,64,206,316,1334,0.152,0.249,0.065,0.251,COL
136,1626181,2024,Norman Powell,norman-powell,24,G,215,5/25/1993,32,9,UCLA,76,617,259,14939,2850,6053,0.471,1059,2659,0.398,1398,1697,0.824,221,1427,1648,941,507,162,773,1143,8157,0.047,-0.003,0.017,141,83,3555,503,1090,0.461,111,354,0.314,392,736,0.533,0.512,259,347,0.746,58,366,424,214,158,57,180,288,1376,0.156,0.054,0.202,0.105,COL
137,1627732,2024,Ben Simmons,ben-simmons,25,G-F,240,7/20/1996,28,6,Louisiana State,82,383,344,11909,2076,3720,0.558,5,36,0.139,864,1459,0.592,641,2199,2840,2754,568,255,1151,1059,5021,0.011,0,0.036,33,32,1151,216,386,0.56,1,3,0.333,215,383,0.561,0.561,199,297,0.67,103,285,388,158,65,27,111,92,632,0,0,0,0,COL
138,201587,2024,Nicolas Batum,nicolas-batum,33,G-F,230,12/14/1988,36,16,Le Mans,80,1131,871,32635,3995,9144,0.437,1750,4743,0.369,1520,1828,0.832,1093,4379,5472,3548,1028,697,1666,1949,11260,-0.009,0.001,0.022,96,54,2104.1,288,575,0.501,65,207,0.314,,,,,121,172,0.703,103,237,340,219,93,52,163,167,762,0.006,0.073,,0.08,INT
139,1627826,2024,Ivica Zubac,ivica-zubac,40,C,240,3/18/1997,28,8,Mega Basket,84,584,451,13432,2457,3988,0.616,1,12,0.083,1038,1430,0.726,1536,3206,4742,794,218,575,705,1375,5953,0.082,0,0.079,50,19,811.5,164,274,0.599,0,2,0,,,,,75,104,0.721,63,132,195,23,14,48,52,98,403,0.16,0,,0.065,INT
140,1627884,2024,Derrick Jones Jr.,derrick-jonesjr,55,F,210,2/15/1997,28,8,UNLV,78,497,218,10086,1349,2660,0.507,321,987,0.325,571,809,0.706,594,1036,1630,366,345,314,311,932,3590,-0.057,0.021,-0.001,30,15,646,129,219,0.589,8,39,0.205,121,180,0.672,0.607,79,133,0.594,52,82,134,24,27,40,36,93,345,0,0,0,0,COL
141,201988,2024,Patty Mills,patrick-mills,88,G,180,8/11/1988,36,15,St. Mary's (CA),74,921,112,18315,2855,6742,0.423,1546,4012,0.385,748,873,0.857,268,1223,1491,2010,581,80,861,1164,8004,0.004,0.029,0.088,58,56,1894,324,780,0.415,128,387,0.331,196,393,0.499,0.497,174,216,0.806,26,103,129,212,114,9,166,93,950,0.027,0.015,0.074,0.098,COL
142,1629020,2024,Jarred Vanderbilt,jarred-vanderbilt,2,F,214,4/3/1999,26,6,Kentucky,80,309,170,6177,734,1310,0.56,49,170,0.288,291,456,0.638,622,1304,1926,436,326,130,295,618,1808,-0.048,-0.019,0.091,14,0,238,29,68,0.426,0,1,0,29,67,0.433,0.426,24,38,0.632,46,64,110,14,6,11,15,37,82,0,0,0,0,COL
143,1629216,2024,Gabe Vincent,gabe-vincent,7,G,200,6/14/1996,29,5,UC Santa Barbara,74,278,79,5830,721,1819,0.396,400,1186,0.337,148,178,0.831,83,350,433,569,210,32,271,568,1990,0.18,0.115,-0.035,113,101,3359,496,1213,0.409,243,646,0.376,253,567,0.446,0.509,206,268,0.769,56,245,301,285,116,18,154,305,1441,0.095,0.087,0.128,0.148,COL
144,1631132,2024,Christian Koloko,christian-koloko,10,C,225,6/20/2000,25,1,Arizona,84,95,19,1143,112,216,0.519,1,16,0.062,47,73,0.644,119,144,263,47,29,73,32,172,272,0.039,0,0,91,56,1625,262,444,0.59,0,5,0,262,439,0.597,0.59,142,212,0.67,180,282,462,64,49,162,81,210,666,0.152,0,0.151,0.11,COL
145,1629637,2024,Jaxson Hayes,jaxson-hayes,11,C-F,220,5/23/2000,25,5,Texas,84,367,87,6020,967,1491,0.649,30,115,0.261,530,761,0.696,490,953,1443,259,169,247,263,743,2494,-0.023,-0.084,0.049,32,21,747,123,169,0.728,0,0,,123,169,0.728,0.728,74,100,0.74,56,104,160,9,19,71,29,107,320,0,0,0,0,COL
146,1628467,2024,Maxi Kleber,maxi-kleber,14,F,240,1/29/1992,33,7,Bayern Munich,82,440,151,9826,997,2249,0.443,490,1385,0.354,337,434,0.776,475,1459,1934,508,179,378,297,905,2821,-0.046,0.041,0.03,169,119,3569.1,489,1054,0.464,157,448,0.35,,,,,289,377,0.767,241,621,862,191,121,153,204,382,1424,0.091,0.078,,0.102,INT
147,1630559,2024,Austin Reaves,austin-reaves,15,G,197,5/29/1998,27,3,Oklahoma,77,280,171,8440,1339,2785,0.481,493,1334,0.37,881,1021,0.863,196,871,1067,1196,209,86,490,499,4052,0.022,0.053,0.024,122,67,2990,400,950,0.421,156,449,0.347,244,501,0.487,0.503,358,424,0.844,64,399,463,313,81,34,208,179,1314,0.069,0.25,0.168,0.108,COL
148,1627827,2024,Dorian Finney-Smith,dorian-finney-smith,17,F,220,5/4/1993,32,8,Florida,79,591,444,16521,1793,4109,0.436,920,2540,0.362,403,561,0.718,883,1789,2672,851,485,265,514,1283,4909,0.061,0.071,-0.038,134,91,3834,480,1168,0.411,185,511,0.362,295,657,0.449,0.49,284,432,0.657,347,606,953,256,105,92,240,321,1429,0.14,0.131,0.191,0.149,COL
149,1629003,2024,Shake Milton,malik-milton,20,G,205,9/26/1996,28,6,Southern Methodist,77,359,47,6698,1076,2386,0.451,298,833,0.358,449,545,0.824,171,612,783,856,164,73,365,594,2899,0.057,0.035,0.037,87,80,3019,388,859,0.452,190,445,0.427,198,414,0.478,0.562,200,253,0.791,38,298,336,337,99,33,159,135,1166,0.04,0.011,0.075,0.122,COL
150,203458,2024,Alex Len,alex-len,27,C,250,6/16/1993,32,11,Maryland,84,690,244,11755,1780,3491,0.51,112,348,0.322,936,1380,0.678,1186,2438,3624,589,248,615,738,1615,4608,0.097,-0.04,0.03,60,48,1470,225,418,0.538,1,9,0.111,224,409,0.548,0.539,132,199,0.663,145,272,417,50,12,125,93,155,583,0.019,0,0.015,0.099,COL
151,1629060,2024,Rui Hachimura,rui-hachimura,28,F,230,2/8/1998,27,5,Gonzaga,80,337,223,9345,1691,3410,0.496,376,986,0.381,560,733,0.764,342,1296,1638,439,209,101,302,556,4318,0.028,0.086,-0.068,102,39,2012,462,798,0.579,24,76,0.316,438,722,0.607,0.594,282,378,0.746,111,341,452,81,60,50,120,163,1230,0.063,0.225,0.009,0.056,COL
152,1630692,2024,Jordan Goodwin,jordan-goodwin,30,G,215,10/23/1998,26,3,Saint Louis,77,150,24,2709,362,882,0.41,106,328,0.323,106,139,0.763,183,388,571,365,136,55,139,215,936,-0.049,-0.006,-0.014,114,113,3907,553,1306,0.423,86,317,0.271,467,989,0.472,0.456,268,462,0.58,353,645,998,404,225,38,298,291,1460,0.101,0.079,0.088,0.18,COL
153,1641998,2024,Trey Jemison III,trey-jemison,55,C,270,11/28/1999,25,1,UAB,83,63,14,966,116,210,0.552,0,0,0,34,58,0.586,108,131,239,43,21,43,58,138,266,0.001,0,-0.234,152,102,2891,347,612,0.567,0,3,0,347,609,0.57,0.567,167,261,0.64,306,551,857,85,62,191,155,372,861,0.137,0,0.116,0.063,COL
154,1629029,2024,Luka Dončić,luka-doncic,77,F-G,230,2/28/1999,26,6,Real Madrid,78,450,450,15711,4359,9321,0.468,1378,3938,0.35,2782,3704,0.751,427,3454,3881,3700,556,203,1777,1028,12878,0.039,0.025,0.041,222,106,4371.7,647,1435,0.451,224,686,0.327,,,,,492,632,0.778,181,781,962,761,171,66,403,315,975,0.078,0.058,,0.227,INT
155,202693,2024,Markieff Morris,markieff-morris,88,F,245,9/2/1989,35,13,Kansas,81,791,381,18461,3109,7015,0.443,659,1931,0.341,1199,1540,0.779,890,2957,3847,1221,594,380,1121,2041,8076,0.04,-0.003,0.056,109,43,2105,341,617,0.553,38,94,0.404,303,523,0.579,0.583,203,311,0.653,217,445,662,126,60,103,172,298,923,0.141,0,0.142,0.051,COL
156,1626179,2024,Terry Rozier,terry-rozier,2,G,190,3/17/1994,31,9,Louisville,73,665,381,18359,3363,8046,0.418,1356,3755,0.361,1170,1412,0.829,442,2168,2610,2337,614,164,897,973,9252,0.147,0.139,0.061,73,45,1959,307,753,0.408,84,254,0.331,223,499,0.447,0.463,176,228,0.772,71,243,314,175,110,8,101,116,874,0.01,0.065,0.034,0.078,COL
157,1631107,2024,Nikola Jović,nikola-jovic,5,F,205,6/9/2003,22,2,Mega Basket,82,107,56,2256,327,727,0.45,151,408,0.37,123,153,0.804,60,343,403,231,70,29,112,183,928,0.044,0.141,0.082,50,35,1382.5,242,545,0.444,69,232,0.297,,,,,124,171,0.725,70,214,284,169,36,34,132,122,677,0.076,0.049,,0.021,INT
158,1630528,2024,Josh Christopher,josh-christopher,8,G,215,12/8/2001,23,2,Arizona State,76,152,4,2189,388,860,0.451,79,289,0.273,132,179,0.737,72,194,266,231,103,31,180,158,987,0.003,-0.019,0.005,15,15,446,76,176,0.432,18,59,0.305,58,117,0.496,0.483,44,55,0.8,10,61,71,21,22,8,26,48,214,0,0,0,0,COL
159,1631170,2024,Jaime Jaquez Jr.,jaime-jaquezjr,11,G,225,2/18/2001,24,1,UCLA,78,141,37,3481,554,1159,0.478,102,321,0.318,249,317,0.785,166,409,575,361,138,34,208,248,1459,-0.011,-0.004,-0.026,134,126,4211,676,1422,0.475,116,354,0.328,560,1068,0.524,0.516,334,453,0.737,265,577,842,262,178,67,200,271,1802,0.032,0.118,0.018,0.115,COL
160,1630696,2024,Dru Smith,dru-smith,12,G,203,12/30/1997,27,2,Missouri,74,38,2,557,64,139,0.46,28,66,0.424,14,17,0.824,20,54,74,59,40,13,25,65,170,0.034,0,0,107,87,3198,400,871,0.459,115,308,0.373,285,563,0.506,0.525,301,348,0.865,68,304,372,402,186,43,251,322,1216,0.166,0.188,0.164,0.081,COL
161,1628389,2024,Bam Adebayo,edrice-adebayo,13,C-F,255,7/18/1997,27,7,Kentucky,81,567,463,17354,3428,6389,0.537,102,325,0.314,1965,2598,0.756,1266,3758,5024,2044,607,489,1218,1368,8923,0.025,0,0.035,38,38,1145,170,284,0.599,0,0,,170,284,0.599,0.599,154,236,0.653,118,186,304,32,26,57,64,99,494,0,0,0,0,COL
162,1629639,2024,Tyler Herro,tyler-herro,14,G,195,1/20/2000,25,5,Kentucky,77,361,217,11761,2540,5674,0.448,984,2574,0.382,923,1056,0.874,154,1648,1802,1460,263,70,811,491,6987,0.02,-0.007,0.004,37,37,1207,186,403,0.462,60,169,0.355,126,234,0.538,0.536,87,93,0.935,15,151,166,91,40,12,60,47,519,0,0,0,0,COL
163,202692,2024,Alec Burks,alec-burks,18,G,214,7/20/1991,33,13,Colorado,77,791,158,17575,2756,6641,0.415,975,2525,0.386,1859,2309,0.805,428,2214,2642,1521,532,159,903,1394,8346,-0.017,0.052,0.09,68,67,2100,423,855,0.495,47,150,0.313,376,705,0.533,0.522,398,495,0.804,149,248,397,165,76,24,157,163,1291,0.069,0.06,0.067,0.053,COL
164,203937,2024,Kyle Anderson,kyle-anderson,20,F-G,230,9/20/1993,31,10,UCLA,81,714,308,15324,1910,3996,0.478,291,857,0.34,765,1069,0.716,553,2514,3067,1978,699,441,714,1108,4876,0.129,0.018,-0.029,71,70,2242,303,670,0.452,36,96,0.375,267,574,0.465,0.479,223,303,0.736,119,498,617,355,126,58,183,132,865,0.064,0.272,0.033,0.002,COL
165,203952,2024,Andrew Wiggins,andrew-wiggins,22,F,197,2/23/1995,30,10,Kansas,79,766,754,25888,5263,11713,0.449,1147,3219,0.356,2496,3442,0.725,997,2428,3425,1755,742,518,1425,1653,14169,0.012,0.046,-0.034,35,35,1148,189,422,0.448,43,126,0.341,146,296,0.493,0.499,176,227,0.775,76,129,205,54,41,34,80,94,597,0,0,0,0,COL
166,1629312,2024,Haywood Highsmith,haywood-highsmith,24,F,220,12/9/1996,28,4,Wheeling Jesuit,77,218,80,4356,445,992,0.449,212,567,0.374,69,114,0.605,204,477,681,233,160,87,137,377,1171,0.101,0.054,0.162,26,25,706.2,71,172,0.413,28,100,0.28,,,,,37,53,0.698,38,77,115,35,37,16,35,73,207,0,0,,0,INT
167,201567,2024,Kevin Love,kevin-love,42,F-C,251,9/7/1988,36,16,UCLA,80,952,693,27504,5074,11584,0.438,1674,4542,0.369,3599,4346,0.828,2216,7281,9497,2172,577,368,1679,1841,15421,-0.023,0.038,0.04,39,38,1156,227,406,0.559,29,82,0.354,198,324,0.611,0.595,198,258,0.767,142,273,415,75,27,56,78,73,681,0,0,0,0,COL
168,1630558,2024,Davion Mitchell,davion-mitchell,45,G,202,9/5/1998,26,3,Baylor,72,301,69,6651,902,2041,0.442,305,886,0.344,169,242,0.698,103,430,533,995,188,58,347,523,2278,0.029,0.039,0.037,94,60,2545,308,671,0.459,112,298,0.376,196,373,0.525,0.542,115,175,0.657,33,167,200,342,119,23,178,226,843,0.102,0.159,0.099,0.036,COL
169,1629130,2024,Duncan Robinson,duncan-robinson,55,F,215,4/22/1994,31,6,Michigan,79,423,283,11012,1628,3751,0.434,1202,3026,0.397,340,389,0.874,84,1029,1113,777,225,75,424,961,4798,0.043,0.111,-0.054,115,49,2863,357,785,0.455,237,565,0.419,120,220,0.545,0.606,121,140,0.864,52,240,292,142,65,33,80,250,1072,0.03,0.066,0.119,0.11,COL
170,203081,2024,Damian Lillard,damian-lillard,0,G,195,7/15/1990,34,12,Weber State,74,900,900,32610,7266,16568,0.439,2804,7556,0.371,5262,5853,0.899,534,3311,3845,6069,874,267,2541,1708,22598,0.01,0.003,0.055,104,98,3363,584,1310,0.446,246,630,0.39,338,680,0.497,0.54,520,600,0.867,43,401,444,362,129,19,246,221,1934,0.036,0.064,0.056,0.046,COL
171,1630579,2024,Jericho Sims,jericho-sims,0,C,250,10/20/1998,26,3,Texas,82,191,37,2583,205,287,0.714,0,1,0,48,82,0.585,287,468,755,104,44,88,96,272,458,-0.024,0,0.114,119,77,2441,325,509,0.639,0,1,0,325,508,0.64,0.639,140,267,0.524,209,434,643,49,48,93,139,256,790,0.127,0,0.127,0.174,COL
172,1629645,2024,Kevin Porter Jr.,kevin-porterjr,3,G-F,203,5/4/2000,25,4,Southern California,76,271,150,7410,1361,3132,0.435,454,1294,0.351,603,821,0.734,203,917,1120,1243,297,74,700,627,3779,-0.005,0.011,0.017,21,4,464,74,157,0.471,28,68,0.412,46,89,0.517,0.561,24,46,0.522,20,64,84,30,17,11,39,44,200,0,0,0,0,COL
173,1629018,2024,Gary Trent Jr.,gary-trentjr,5,G,204,1/18/1999,26,6,Duke,77,415,210,11697,2031,4801,0.423,1015,2599,0.391,621,755,0.823,154,829,983,599,480,75,285,652,5698,0.101,0.152,-0.001,37,37,1253,177,427,0.415,97,241,0.402,80,186,0.43,0.528,85,97,0.876,31,126,157,52,43,5,38,62,536,0,0,0,0,COL
174,1641753,2024,Chris Livingston,chris-livingston,7,F,220,10/15/2003,21,1,Kentucky,78,42,1,196,20,49,0.408,1,13,0.077,15,20,0.75,13,43,56,10,7,0,11,23,56,-0.092,0,0,34,26,762,79,184,0.429,18,59,0.305,61,125,0.488,0.478,39,54,0.722,38,104,142,24,15,12,31,57,215,0,0,0,0,COL
175,1626171,2024,Bobby Portis,bobby-portis,9,F,250,2/10/1995,30,9,Arkansas,82,654,153,14907,3166,6624,0.478,737,1925,0.383,749,979,0.765,1236,3449,4685,850,395,247,716,1266,7818,0.048,0.076,0.041,70,70,1994,411,782,0.526,23,63,0.365,388,719,0.54,0.54,202,274,0.737,219,332,551,92,74,104,97,137,1047,0.027,0.194,0.004,0,COL
176,201572,2024,Brook Lopez,brook-lopez,11,C,282,4/1/1988,37,16,Stanford,85,1105,1065,33522,6680,13447,0.497,1075,3055,0.352,3082,3865,0.797,2161,4576,6737,1614,633,2060,1751,2868,17517,-0.034,0.008,0.004,53,43,1485,324,675,0.48,3,21,0.143,321,654,0.491,0.482,198,259,0.764,122,255,377,57,27,101,112,137,849,0.028,0,0.038,0.097,COL
177,1627752,2024,Taurean Prince,taurean-prince,12,F,218,3/22/1994,31,8,Baylor,78,582,344,14403,2042,4775,0.428,988,2574,0.384,673,830,0.811,262,1829,2091,1005,475,224,803,1189,5745,0.026,0.061,0.028,129,42,2604,468,1017,0.46,130,346,0.376,338,671,0.504,0.524,255,355,0.718,202,345,547,145,121,63,221,271,1321,0.151,0.034,0.142,0.13,COL
178,1631157,2024,Ryan Rollins,ryan-rollins,13,G,180,7/3/2002,22,2,Toledo,75,81,19,959,153,318,0.481,55,133,0.414,55,68,0.809,26,107,133,124,53,21,77,106,416,0.134,0,0,64,64,2018,378,835,0.453,88,278,0.317,290,557,0.521,0.505,207,260,0.796,54,305,359,199,92,13,147,164,1051,0.037,0.012,0.041,0.016,COL
179,1631123,2024,Jamaree Bouyea,jamaree-bouyea,15,G,180,6/27/1999,26,2,San Francisco,74,19,1,227,22,54,0.407,4,20,0.2,5,8,0.625,5,25,30,25,9,4,21,18,53,0.068,0,0,160,105,4394,657,1392,0.472,179,531,0.337,478,861,0.555,0.536,225,316,0.712,76,497,573,422,208,81,267,248,1718,0.173,0.139,0.219,0.101,COL
180,1630649,2024,Stanley Umude,stanley-umude,17,G,210,4/12/1999,26,2,Arkansas,78,47,2,395,42,111,0.378,27,69,0.391,33,38,0.868,12,56,68,15,12,14,17,48,144,-0.058,0,0,138,100,3656,705,1508,0.468,154,438,0.352,551,1070,0.515,0.519,396,532,0.744,108,611,719,224,92,121,243,305,1960,0.032,0.038,0.03,0.098,COL
181,1628398,2024,Kyle Kuzma,kyle-kuzma,18,F,221,7/24/1995,29,7,Utah,81,541,408,16855,3503,7790,0.45,1045,3127,0.334,1159,1608,0.721,549,2864,3413,1446,304,281,1174,1122,9210,-0.002,-0.034,0.004,96,64,2013,372,735,0.506,51,169,0.302,321,566,0.567,0.541,171,270,0.633,155,377,532,141,31,35,151,151,966,0.066,0.069,0.022,0.113,COL
182,1631260,2024,AJ Green,aj-green,20,G,190,9/27/1999,25,2,Northern Iowa,76,164,8,2618,318,745,0.427,268,637,0.421,43,50,0.86,33,250,283,160,52,11,61,237,947,0.003,0.002,0,99,99,3335,589,1422,0.414,266,704,0.378,323,718,0.45,0.508,325,361,0.9,30,296,326,254,72,5,263,172,1769,0.054,0.059,0.078,0.053,COL
183,1626192,2024,Pat Connaughton,pat-connaughton,24,G,209,1/6/1993,32,9,Notre Dame,77,595,72,11439,1309,2990,0.438,681,1913,0.356,280,362,0.773,406,1617,2023,829,283,159,329,698,3579,0.173,0.118,-0.071,139,123,4484,515,1145,0.45,268,695,0.386,247,450,0.549,0.567,167,215,0.777,137,686,823,257,93,71,135,232,1465,0.043,0.081,0.023,0.125,COL
184,1631250,2024,Pete Nance,pete-nance,35,F,225,2/19/2000,25,1,North Carolina,82,21,1,165,15,38,0.395,10,25,0.4,1,4,0.25,5,19,24,10,3,2,5,19,41,0,0,0,137,104,3492,497,1107,0.449,138,398,0.347,359,709,0.506,0.511,192,253,0.759,128,630,758,238,51,122,186,301,1324,0.15,0.189,0.121,0.13,COL
185,1641748,2024,Andre Jackson Jr.,andre-jackson,44,G,209,11/13/2001,23,1,Connecticut,78,124,51,1552,144,297,0.485,47,122,0.385,20,35,0.571,108,187,295,133,50,20,86,206,355,-0.015,0.015,0,85,65,2267,186,435,0.428,49,167,0.293,137,268,0.511,0.484,85,121,0.702,121,373,494,296,84,42,156,227,506,0.022,0.08,0.081,0.068,COL
186,1628978,2024,Donte DiVincenzo,donte-divincenzo,0,G,203,1/31/1997,28,6,Villanova,76,416,200,10612,1583,3710,0.427,917,2415,0.38,386,500,0.772,378,1405,1783,1199,495,112,596,745,4469,0.017,0.111,0.05,85,12,2163,303,646,0.469,130,344,0.378,173,302,0.573,0.57,134,190,0.705,93,250,343,204,79,18,137,151,870,0.015,0.036,0.012,0.011,COL
187,1630183,2024,Jaden McDaniels,jaden-mcdaniels,3,F,185,9/29/2000,24,4,Washington,81,366,290,10449,1494,3099,0.482,445,1277,0.348,351,467,0.752,405,1121,1526,562,334,306,416,1112,3784,0.035,-0.016,0.152,31,21,963,136,336,0.405,43,127,0.339,93,209,0.445,0.469,87,114,0.763,34,146,180,65,24,43,100,103,402,0,0,0,0,COL
188,1630162,2024,Anthony Edwards,anthony-edwards,5,G,225,8/5/2001,23,4,Georgia,76,381,363,13263,3200,7167,0.446,1109,3043,0.364,1588,1976,0.804,281,1736,2017,1600,504,233,1099,770,9097,0.029,0.035,0.028,32,32,1057,203,505,0.402,72,245,0.294,131,260,0.504,0.473,132,171,0.772,24,143,167,91,43,18,87,70,610,0,0,0,0,COL
189,204060,2024,Joe Ingles,joe-ingles,7,F-G,220,10/2/1987,37,10,Maccabi Tel Aviv,80,723,314,17483,2018,4514,0.447,1227,3001,0.409,459,593,0.774,222,1973,2195,2589,622,101,1058,1273,5722,0.032,0.054,0.026,275,115,5345.3,611,1387,0.441,250,693,0.361,,,,,310,427,0.726,95,527,622,497,207,38,355,445,1784,0.073,0.07,,0.118,INT
190,1631169,2024,Josh Minott,josh-minott,8,F,205,11/25/2002,22,2,Memphis,80,93,0,463,79,162,0.488,20,59,0.339,37,41,0.902,21,68,89,31,24,23,16,54,215,-0.012,0,0,33,5,483,83,159,0.522,2,14,0.143,81,145,0.559,0.528,49,65,0.754,52,72,124,31,27,22,31,58,217,0,0,0,0,COL
191,1629638,2024,Nickeil Alexander-Walker,nickeil-alexander-walker,9,G,205,9/2/1998,26,5,Virginia Tech,77,381,68,7942,1180,2853,0.414,560,1554,0.36,338,455,0.743,163,785,948,882,256,150,446,618,3258,0.041,0.008,0.056,67,67,2006,314,677,0.464,116,303,0.383,198,374,0.529,0.549,158,207,0.763,39,227,266,184,92,36,149,127,902,0.025,0.018,0.021,0.048,COL
192,201144,2024,Mike Conley,mike-conley,10,G,175,10/11/1987,37,17,Ohio State,72,1172,1128,36595,5784,13204,0.438,1930,4965,0.389,2972,3602,0.825,558,2896,3454,6625,1603,242,2180,2270,16470,0.01,0.058,0.094,39,39,1231,160,309,0.518,21,69,0.304,139,240,0.579,0.552,100,144,0.694,27,107,134,238,87,10,86,60,441,0,0,0,0,COL
193,1629675,2024,Naz Reid,naz-reid,11,C-F,264,8/26/1999,25,5,Louisiana State,81,406,74,8472,1779,3651,0.487,569,1524,0.373,572,786,0.728,456,1527,1983,542,256,367,484,971,4699,0.075,0.043,0.03,34,32,926,171,365,0.468,28,84,0.333,143,281,0.509,0.507,93,128,0.727,86,159,245,29,25,23,85,108,463,0,0,0,0,COL
194,203497,2024,Rudy Gobert,rudy-gobert,27,C,258,6/26/1992,33,11,Cholet,85,829,737,25430,3903,5950,0.656,0,17,0,2652,4137,0.641,2804,6896,9700,1123,576,1718,1337,2209,10458,0.17,0,0.149,65,40,1116.1,157,217,0.724,0,3,0,,,,,65,104,0.625,100,182,282,17,31,96,71,119,379,0.004,0,,0.268,INT
195,203944,2024,Julius Randle,julius-randle,30,F-C,250,11/29/1994,30,10,Kentucky,81,710,630,22738,4896,10384,0.471,850,2543,0.334,2875,3816,0.753,1409,5083,6492,2710,486,284,1994,2152,13517,0.043,0.056,0.039,40,40,1233,196,391,0.501,3,18,0.167,193,373,0.517,0.505,204,289,0.706,139,277,416,57,20,31,101,91,599,0,0,0,0,COL
196,1630568,2024,Luka Garza,luka-garza,55,C,243,12/27/1998,26,3,Iowa,82,124,5,973,217,443,0.49,49,156,0.314,121,173,0.699,141,107,248,53,22,12,50,151,604,0.041,-0.013,0.076,127,118,3440,870,1594,0.546,120,327,0.367,750,1267,0.592,0.583,446,636,0.701,342,589,931,153,68,154,181,302,2306,0.026,0.148,0.027,0.153,COL
197,1630538,2024,Bones Hyland,nahshon-hyland,77,G,169,9/14/2000,24,3,VCU,74,186,10,3174,602,1511,0.398,324,890,0.364,234,276,0.848,44,359,403,488,124,43,237,329,1762,-0.005,0.001,-0.007,55,33,1404,252,571,0.441,132,331,0.399,120,240,0.5,0.557,110,133,0.827,14,167,181,107,71,14,110,124,746,0.014,0.063,0.109,0,COL
198,1641727,2024,Dariq Whitehead,dariq-whitehead,0,G-F,220,8/1/2004,20,1,Duke,78,22,0,270,40,101,0.396,33,77,0.429,4,7,0.571,4,29,33,15,6,2,15,22,117,0,0,0,28,7,577,83,197,0.421,42,98,0.429,41,99,0.414,0.528,23,29,0.793,13,55,68,27,21,6,39,42,231,0,0,0,0,COL
199,1626156,2024,D'Angelo Russell,dangelo-russell,1,G,193,2/23/1996,29,9,Ohio State,75,629,536,18745,3908,9151,0.427,1576,4321,0.365,1476,1855,0.796,302,1814,2116,3586,666,207,1646,1201,10868,0.018,0.013,0.065,35,34,1188,231,515,0.449,95,231,0.411,136,284,0.479,0.541,118,156,0.756,35,163,198,175,55,11,102,74,675,0,0,0,0,COL
200,1629661,2024,Cameron Johnson,cameron-johnson,2,F,210,3/3/1996,29,5,North Carolina,80,340,181,9021,1512,3335,0.453,789,2014,0.392,582,684,0.851,267,1075,1342,664,282,106,312,578,4395,0.021,0.003,0.043,135,90,3425,516,1130,0.457,259,639,0.405,257,491,0.523,0.571,223,273,0.817,148,399,547,243,103,34,138,237,1514,0.112,0.116,0.125,0.039,COL
201,1630533,2024,Ziaire Williams,ziaire-williams,8,F,185,9/12/2001,23,3,Stanford,81,213,95,4486,639,1518,0.421,262,830,0.316,223,275,0.811,138,537,675,259,147,55,211,405,1763,-0.029,0.002,0.029,20,14,558,76,203,0.374,23,79,0.291,53,124,0.427,0.431,39,49,0.796,10,81,91,44,17,11,58,48,214,0,0,0,0,COL
202,1630570,2024,Trendon Watford,trendon-watford,9,G-F,237,11/9/2000,24,3,Louisiana State,80,217,30,3820,651,1251,0.52,90,258,0.349,313,413,0.758,188,603,791,407,107,71,261,435,1705,-0.012,0.112,0.003,59,58,1947,327,675,0.484,36,124,0.29,291,551,0.528,0.511,188,284,0.662,113,318,431,135,58,39,156,137,878,0.009,0.047,0.035,0.023,COL
203,1641787,2024,Tosan Evbuomwan,tosan-evbuomwan,12,F,217,2/16/2001,24,1,Princeton,79,45,8,1031,130,291,0.447,36,109,0.33,72,98,0.735,50,130,180,71,30,15,48,78,368,-0.104,-0.071,0.044,86,78,2213,412,781,0.528,17,66,0.258,395,715,0.552,0.538,192,319,0.602,129,307,436,321,77,36,192,183,1033,0.026,0,0.052,0.139,COL
204,1631213,2024,Tyrese Martin,tyrese-martin,13,F,215,3/7/1999,26,1,Connecticut,78,76,11,1380,198,488,0.406,100,289,0.346,48,60,0.8,63,168,231,124,35,9,76,79,544,0.015,0,0,114,99,3512,476,1093,0.435,136,393,0.346,340,700,0.486,0.498,183,273,0.67,258,508,766,146,105,44,189,242,1271,0.031,0.119,0.05,0.041,COL
205,1629001,2024,De'Anthony Melton,deanthony-melton,14,G,200,5/28/1998,27,6,Southern California,75,356,148,8147,1152,2810,0.41,542,1470,0.369,385,494,0.779,265,1051,1316,988,502,172,488,728,3231,0.019,0.064,0.032,36,25,972,101,231,0.437,21,74,0.284,80,157,0.51,0.483,77,109,0.706,50,120,170,125,69,37,64,81,300,0,0,0,0,COL
206,1630549,2024,Day'Ron Sharpe,dayron-sharpe,20,C,265,11/6/2001,23,3,North Carolina,81,191,14,2771,512,931,0.55,23,78,0.295,190,293,0.648,490,589,1079,230,90,133,205,393,1237,-0.027,0,0.063,29,4,556,112,216,0.519,0,2,0,112,214,0.523,0.519,51,101,0.505,97,122,219,42,23,26,57,59,275,0,0,0,0,COL
207,1641730,2024,Noah Clowney,noah-clowney,21,F-C,210,7/14/2004,20,1,Alabama,81,69,24,1412,183,465,0.394,99,294,0.337,88,110,0.8,69,193,262,58,32,37,61,130,553,-0.144,-0.027,0.1,36,36,915,123,253,0.486,34,120,0.283,89,133,0.669,0.553,72,111,0.649,75,210,285,29,21,34,46,90,352,0,0,0,0,COL
208,1630592,2024,Jalen Wilson,jalen-wilson,22,F,220,11/4/2000,24,1,Kansas,78,122,25,2695,322,799,0.403,146,436,0.335,173,211,0.82,122,279,401,190,51,9,98,212,963,-0.022,0.011,-0.006,104,89,3184,509,1172,0.434,140,443,0.316,369,729,0.506,0.494,317,433,0.732,179,623,802,204,79,41,189,206,1475,0.047,0.074,0.092,0.169,COL
209,1630560,2024,Cam Thomas,cameron-thomas,24,G,210,10/13/2001,23,3,Louisiana State,75,215,80,4979,1144,2603,0.439,310,898,0.345,657,764,0.86,67,486,553,442,113,33,304,303,3255,0.006,0.075,0.031,29,29,986,203,500,0.406,68,209,0.325,135,291,0.464,0.474,194,220,0.882,18,80,98,42,25,6,49,40,668,0,0,0,0,COL
210,1641721,2024,Maxwell Lewis,maxwell-lewis,27,F,215,7/27/2002,22,1,Pepperdine,79,62,1,430,49,129,0.38,20,59,0.339,9,13,0.692,20,39,59,25,11,8,24,34,127,0.208,0,0,52,33,1384,269,594,0.453,79,223,0.354,190,371,0.512,0.519,144,182,0.791,57,187,244,112,50,36,149,129,761,0.046,0.015,0.051,0.017,COL
211,1629651,2024,Nic Claxton,nicolas-claxton,33,C,215,4/17/1999,26,5,Georgia,83,311,229,8023,1395,2194,0.636,8,40,0.2,416,774,0.537,687,1710,2397,535,221,534,341,729,3214,0.073,0,0.013,65,37,1496,181,396,0.457,26,86,0.302,155,310,0.5,0.49,157,257,0.611,127,276,403,64,39,123,90,147,545,0.011,0,0.035,0.118,COL
212,1630553,2024,Keon Johnson,keon-johnson,45,G,185,3/10/2002,23,3,Tennessee,77,161,68,3099,474,1250,0.379,192,592,0.324,186,243,0.765,101,328,429,313,132,49,210,326,1326,0.042,-0.022,0.004,27,17,688,111,247,0.449,13,48,0.271,98,199,0.492,0.476,71,101,0.703,29,66,95,67,30,12,71,64,306,0,0,0,0,COL
213,1626153,2024,Delon Wright,delon-wright,0,G,185,4/26/1992,33,9,Utah,77,548,92,11174,1337,2994,0.447,362,1039,0.348,620,776,0.799,426,1224,1650,1636,655,188,477,562,3656,-0.008,0.009,0.056,68,68,2367,339,634,0.535,38,127,0.299,301,507,0.594,0.565,306,376,0.814,76,321,397,352,155,77,152,110,1022,0.052,0.134,0.079,0.043,COL
214,200782,2024,P.J. Tucker,pj-tucker,,F,245,5/5/1985,40,13,Texas,77,886,667,24994,2131,5018,0.425,880,2404,0.366,721,961,0.75,1304,3474,4778,1225,943,263,816,2152,5863,-0.078,0.05,0.012,87,69,2518,438,832,0.526,2,4,0.5,436,828,0.527,0.528,291,409,0.711,267,447,714,170,116,23,191,218,1169,0.032,0,0.033,0.097,COL
215,1626166,2024,Cameron Payne,cameron-payne,1,G,183,8/8/1994,30,9,Murray State,75,477,71,8356,1400,3339,0.419,547,1486,0.368,356,426,0.836,134,817,951,1527,302,98,527,801,3703,0.007,0.042,0.056,69,69,2238,435,1007,0.432,156,434,0.359,279,573,0.487,0.509,253,324,0.781,31,221,252,394,125,37,197,168,1279,0.052,0.036,0.057,0.013,COL
216,1630540,2024,Miles McBride,miles-mcbride,2,G,195,9/8/2000,24,3,West Virginia,73,236,28,4053,536,1324,0.405,281,780,0.36,131,168,0.78,95,258,353,414,168,33,101,321,1484,0.109,0.11,0.121,60,30,1679,259,618,0.419,70,190,0.368,189,428,0.442,0.476,168,214,0.785,50,136,186,196,90,24,94,103,756,0.029,0.11,0.007,0.066,COL
217,1628404,2024,Josh Hart,josh-hart,3,G,215,3/6/1995,30,7,Villanova,76,530,289,16128,2002,4253,0.471,652,1905,0.342,817,1085,0.753,684,3022,3706,1688,555,175,736,1242,5473,0.011,-0.052,0.051,146,77,4093,677,1326,0.511,207,532,0.389,470,794,0.592,0.589,360,500,0.72,252,560,812,266,161,43,194,327,1921,0.015,0.151,0.112,0.082,COL
218,1630173,2024,Precious Achiuwa,precious-achiuwa,5,F,243,9/19/1999,25,4,Memphis,80,320,72,6395,984,2031,0.484,121,398,0.304,331,546,0.606,611,1202,1813,313,181,209,314,568,2420,-0.056,-0.061,0.099,31,31,943,182,369,0.493,13,40,0.325,169,329,0.514,0.511,112,187,0.599,93,241,334,30,34,58,87,73,489,0,0,0,0,COL
219,1628384,2024,OG Anunoby,og-anunoby,8,F-G,240,7/17/1997,27,7,Indiana,79,492,418,14854,2382,5021,0.474,863,2299,0.375,706,928,0.761,549,1595,2144,831,637,289,649,1173,6333,0.005,0.005,0.131,50,10,868,134,238,0.563,27,74,0.365,107,164,0.652,0.62,47,90,0.522,70,107,177,41,48,47,54,85,342,0.012,0.137,0.092,0.087,COL
220,1628973,2024,Jalen Brunson,jalen-brunson,11,G,190,8/31/1996,28,6,Villanova,74,487,337,14240,3241,6631,0.489,778,1998,0.389,1561,1896,0.823,227,1322,1549,2449,351,48,850,895,8821,0.022,0.041,0.098,116,115,3349,579,1135,0.51,177,450,0.393,402,685,0.587,0.588,332,405,0.82,47,238,285,432,97,1,217,209,1667,0.089,0.03,0.111,0.102,COL
221,1628969,2024,Mikal Bridges,mikal-bridges,25,G-F,209,8/30/1996,28,6,Villanova,78,556,489,18514,3059,6318,0.484,977,2631,0.371,1109,1316,0.843,490,1717,2207,1517,650,317,691,1032,8204,0.051,0.038,0.049,116,73,3171,458,873,0.525,171,428,0.4,287,445,0.645,0.623,224,265,0.845,131,373,504,183,163,101,124,257,1311,0.035,0.136,0.123,0.124,COL
222,1626157,2024,Karl-Anthony Towns,karl-anthony-towns,32,C-F,248,11/15/1995,29,9,Kentucky,84,645,645,21970,5460,10424,0.524,1117,2790,0.4,2843,3395,0.837,1802,5334,7136,2037,523,771,1745,2197,14880,-0.018,0.059,0.026,39,39,822,145,256,0.566,2,8,0.25,143,248,0.577,0.57,109,134,0.813,92,169,261,44,18,88,53,115,401,0,0,0,0,COL
223,1629013,2024,Landry Shamet,landry-shamet,44,G,190,3/13/1997,28,6,Wichita State,76,398,97,8388,1112,2693,0.413,720,1871,0.385,369,443,0.833,92,570,662,597,190,56,264,671,3313,-0.025,-0.013,0.019,71,68,2029,296,617,0.48,159,364,0.437,137,253,0.542,0.609,163,201,0.811,39,174,213,288,54,14,108,146,914,0.017,0.003,0.044,0.023,COL
224,1641710,2024,Anthony Black,anthony-black,0,G,200,1/20/2004,21,1,Arkansas,79,147,43,3051,377,867,0.435,99,289,0.343,199,277,0.718,85,284,369,331,121,69,195,276,1052,-0.031,-0.051,0.105,36,36,1255,149,329,0.453,28,93,0.301,121,236,0.513,0.495,134,190,0.705,45,137,182,141,74,22,109,93,460,0,0,0,0,COL
225,1628371,2024,Jonathan Isaac,jonathan-isaac,1,F,230,10/3/1997,27,5,Florida State,82,276,109,5640,775,1751,0.443,221,684,0.323,326,435,0.749,381,978,1359,222,263,360,215,433,2097,0.064,-0.027,-0.006,32,32,839,130,256,0.508,31,89,0.348,99,167,0.593,0.568,92,118,0.78,56,195,251,37,37,49,48,70,383,0,0,0,0,COL
226,1631216,2024,Caleb Houstan,caleb-houstan,2,G,205,1/9/2003,22,2,Michigan,80,168,23,2415,226,578,0.391,182,489,0.372,51,61,0.836,81,177,258,94,49,17,47,186,685,0.028,0.034,0,34,34,1088,109,284,0.384,60,169,0.355,49,115,0.426,0.489,65,83,0.783,27,108,135,46,25,8,52,57,343,0,0,0,0,COL
227,1630217,2024,Desmond Bane,desmond-bane,3,G,215,6/25/1998,27,4,TCU,77,313,261,9274,2045,4333,0.472,812,1979,0.41,678,768,0.883,218,1220,1438,1179,312,117,577,755,5580,0.003,-0.022,0.067,141,114,4279,659,1331,0.495,249,575,0.433,410,756,0.542,0.589,217,270,0.804,137,524,661,333,132,54,220,306,1784,0.087,0.081,0.149,0.099,COL
228,1630591,2024,Jalen Suggs,jalen-suggs,4,G,205,6/3/2001,24,3,Gonzaga,77,211,174,5579,917,2187,0.419,337,1025,0.329,427,548,0.779,152,550,702,698,283,126,471,565,2598,0.058,0.115,0.006,30,30,868,155,308,0.503,35,104,0.337,120,204,0.588,0.56,86,114,0.754,18,142,160,136,57,10,88,78,431,0,0,0,0,COL
229,1631094,2024,Paolo Banchero,paolo-banchero,5,F,250,11/12/2002,22,2,Duke,82,198,198,6810,1531,3440,0.445,291,908,0.32,1079,1478,0.73,217,1179,1396,919,167,114,583,410,4432,0.018,0.022,-0.008,39,39,1286,245,513,0.478,44,130,0.338,201,383,0.525,0.52,137,188,0.729,68,236,304,124,41,36,92,75,671,0,0,0,0,COL
230,202709,2024,Cory Joseph,cory-joseph,10,G,200,8/20/1991,33,13,Texas,74,866,191,18296,2228,5061,0.44,525,1501,0.35,847,1078,0.786,413,1681,2094,2517,626,183,850,1355,5828,0.129,0.064,-0.065,36,36,1166,136,322,0.422,52,126,0.413,84,196,0.429,0.503,51,73,0.699,23,105,128,109,37,11,54,65,375,0,0,0,0,COL
231,1630243,2024,Trevelin Queen,trevelin-queen,12,G,190,2/25/1997,28,3,New Mexico State,77,62,2,739,92,247,0.372,36,133,0.271,36,42,0.857,44,63,107,66,45,21,43,63,256,-0.083,-0.068,0,51,25,1097,203,430,0.472,81,217,0.373,122,213,0.573,0.566,51,69,0.739,84,123,207,105,70,26,66,94,538,0.004,0.037,0.047,0.199,COL
232,1641724,2024,Jett Howard,jett-howard,13,G,215,9/14/2003,21,1,Michigan,78,78,0,767,108,292,0.37,62,211,0.294,18,27,0.667,21,56,77,50,15,13,39,72,296,0.037,0.014,0,29,29,922,137,331,0.414,78,212,0.368,59,119,0.496,0.532,60,75,0.8,8,74,82,59,12,19,37,64,412,0,0,0,0,COL
233,203914,2024,Gary Harris,gary-harris,14,G,210,9/14/1994,30,10,Michigan State,76,618,446,16666,2371,5318,0.446,911,2468,0.369,787,972,0.81,349,1066,1415,1141,667,139,633,1066,6440,0.139,0.164,0.068,69,67,2141,345,784,0.44,146,388,0.376,199,396,0.503,0.533,189,240,0.788,67,159,226,140,108,21,111,141,1025,0.027,0.059,0.01,0.055,COL
234,1629021,2024,Moritz Wagner,moritz-wagner,21,F-C,245,4/26/1997,28,6,Michigan,83,363,57,6051,1187,2259,0.525,260,802,0.324,694,860,0.807,368,1068,1436,439,185,109,418,791,3328,0.105,0.04,-0.003,107,77,2244,421,770,0.547,110,286,0.385,311,484,0.643,0.618,162,232,0.698,128,356,484,57,83,40,126,269,1114,0.079,0.001,0.1,0.032,COL
235,1630532,2024,Franz Wagner,franz-wagner,22,F,220,8/27/2001,23,3,Michigan,82,291,291,9398,2063,4350,0.474,424,1317,0.322,1002,1171,0.856,282,1126,1408,1067,296,100,561,662,5552,0.006,-0.032,-0.007,55,55,1718,237,510,0.465,76,234,0.325,161,276,0.583,0.539,111,133,0.835,44,290,334,111,69,45,76,130,661,0.025,0.032,0.047,0.002,COL
236,1628976,2024,Wendell Carter Jr.,wendell-carterjr,34,C-F,270,4/16/1999,26,6,Duke,82,383,345,10446,1723,3384,0.509,278,880,0.316,841,1154,0.729,880,2293,3173,765,247,281,583,1108,4565,0.023,0.127,-0.066,37,37,997,179,319,0.561,19,46,0.413,160,273,0.586,0.591,124,168,0.738,109,226,335,74,30,76,75,105,501,0,0,0,0,COL
237,1629048,2024,Goga Bitadze,goga-bitadze,35,C-F,250,7/20/1999,25,5,Mega Basket,82,319,97,4604,686,1269,0.541,62,269,0.23,298,450,0.662,501,818,1319,370,137,335,229,587,1732,0.075,0.045,-0.075,130,87,2912.3,608,1105,0.55,70,194,0.361,,,,,348,536,0.649,262,557,819,127,74,233,212,431,1634,0.152,0.206,,0.099,INT
238,1630169,2024,Tyrese Haliburton,tyrese-haliburton,0,G,185,2/29/2000,25,4,Iowa State,77,333,294,10996,2110,4423,0.477,856,2184,0.392,766,896,0.855,210,1008,1218,2947,490,199,711,440,5842,0.004,-0.014,-0.004,57,56,1970,209,411,0.509,101,237,0.426,108,174,0.621,0.631,55,71,0.775,58,191,249,267,108,45,89,75,574,0.011,0.015,0.093,0.13,COL
239,1631097,2024,Bennedict Mathurin,bennedict-mathurin,0,G-F,210,6/19/2002,23,2,Arizona,77,209,85,5910,1100,2467,0.446,278,812,0.342,836,1010,0.828,234,701,935,371,130,51,384,441,3314,0.012,0.019,0,63,49,1851,306,671,0.456,121,316,0.383,185,355,0.521,0.546,202,256,0.789,83,249,332,124,54,12,96,111,935,0.021,0.049,0,0.082,COL
240,1630167,2024,Obi Toppin,obadiah-toppin,1,F,220,3/4/1998,27,4,Dayton,81,362,47,6238,1191,2279,0.523,375,1055,0.355,317,411,0.771,265,966,1231,428,158,131,254,476,3074,0.025,0.049,0.04,64,46,1854,446,689,0.647,43,103,0.417,403,586,0.688,0.679,161,228,0.706,87,333,420,128,51,66,131,121,1096,0.033,0,0.022,0.011,COL
241,1629614,2024,Andrew Nembhard,andrew-nembhard,2,G-F,191,1/16/2000,25,2,Gonzaga,76,208,175,5650,791,1705,0.464,204,609,0.335,202,254,0.795,105,451,556,947,212,30,339,471,1988,0.023,-0.015,0.005,131,115,4199,485,1088,0.446,150,437,0.343,335,651,0.515,0.515,188,238,0.79,29,350,379,691,162,11,256,231,1308,0.066,0.075,0.144,0.119,COL
242,1628418,2024,Thomas Bryant,thomas-bryant,3,C-F,248,7/31/1997,27,7,Indiana,82,333,146,5911,1175,2019,0.582,170,492,0.346,438,563,0.778,467,1235,1702,326,115,234,234,533,2958,0.198,0.018,-0.002,69,69,1745,305,515,0.592,28,75,0.373,277,440,0.63,0.619,204,284,0.718,146,282,428,84,43,84,136,203,842,0.164,0,0.151,0.024,COL
243,1641716,2024,Jarace Walker,jarace-walker,5,F,235,9/4/2003,21,1,Houston,79,108,5,1527,215,470,0.457,97,240,0.404,54,78,0.692,37,255,292,150,69,36,95,144,581,0.048,0.004,0,36,35,992,158,340,0.465,35,101,0.347,123,239,0.515,0.516,53,80,0.663,82,163,245,65,35,46,53,74,404,0,0,0,0,COL
244,204456,2024,T.J. McConnell,tj-mcconnell,9,G,190,3/25/1992,33,9,Arizona,73,706,97,14923,2407,4663,0.516,172,498,0.345,410,527,0.778,385,1669,2054,3542,849,133,1126,982,5396,0.046,-0.001,0.144,139,137,4425,550,1123,0.49,138,363,0.38,412,760,0.542,0.551,176,235,0.749,94,444,538,751,324,24,281,258,1414,0.055,0.111,0.051,0.216,COL
245,1628396,2024,Tony Bradley,tony-bradley,13,C-F,248,1/8/1998,27,6,North Carolina,83,193,18,2107,375,593,0.632,7,15,0.467,96,144,0.667,295,476,771,96,44,108,106,258,853,-0.016,0,0.026,38,0,553,102,178,0.573,0,0,,102,178,0.573,0.573,65,105,0.619,98,97,195,23,10,22,25,69,269,0,0,0,0,COL
246,201949,2024,James Johnson,james-johnson,16,F,240,2/20/1987,38,15,Wake Forest,79,786,243,15561,2311,4881,0.473,381,1271,0.3,827,1220,0.678,605,2111,2716,1610,581,655,1048,1749,5830,0.02,-0.025,-0.054,61,59,1821,351,682,0.515,50,169,0.296,301,513,0.587,0.551,151,218,0.693,172,336,508,99,85,88,152,184,903,0.055,0.039,0.024,0.008,COL
247,1630543,2024,Isaiah Jackson,isaiah-jackson,22,F,205,1/10/2002,23,3,Kentucky,81,164,31,2438,464,780,0.595,7,34,0.206,235,350,0.671,278,419,697,116,93,214,135,397,1170,0.032,0,-0.003,23,9,308,22,62,0.355,3,13,0.231,19,49,0.388,0.379,24,32,0.75,11,27,38,8,9,6,29,38,71,0,0,0,0,COL
248,1630174,2024,Aaron Nesmith,aaron-nesmith,23,G-F,215,10/16/1999,25,4,Vanderbilt,78,288,148,6175,909,1964,0.463,410,1066,0.385,342,413,0.828,205,741,946,305,190,114,230,747,2570,0.025,0.015,0.042,46,33,1428,219,496,0.442,119,290,0.41,100,206,0.485,0.561,118,143,0.825,45,200,245,58,43,30,75,137,675,0.12,0.185,0.026,0,COL
249,1641767,2024,Ben Sheppard,ben-sheppard,26,G,190,7/16/2001,23,1,Belmont,78,120,10,2043,210,516,0.407,117,355,0.33,47,53,0.887,59,207,266,138,71,16,37,213,584,0.014,0.016,0.002,124,91,3230,546,1149,0.475,202,546,0.37,344,603,0.57,0.563,222,319,0.696,88,397,485,225,126,18,177,245,1516,0.11,0.136,0.127,0.052,COL
250,1631245,2024,Quenton Jackson,quenton-jackson,29,G,173,9/15/1998,26,2,Texas A&M,77,40,7,526,77,165,0.467,16,52,0.308,50,64,0.781,16,40,56,70,26,6,20,54,220,0.018,0,0.001,87,33,2160,323,713,0.453,86,261,0.33,237,452,0.524,0.513,303,382,0.793,42,225,267,154,128,31,183,195,1035,0.124,0.167,0.112,0.092,COL
251,1626167,2024,Myles Turner,myles-turner,33,C-F,250,3/24/1996,29,9,Texas,83,642,609,18454,3336,6683,0.499,756,2088,0.362,1603,2078,0.771,906,3443,4349,813,440,1412,909,1881,9031,0.001,0.015,0.044,34,7,755,117,257,0.455,17,62,0.274,100,195,0.513,0.488,94,112,0.839,44,178,222,20,10,89,47,82,345,0,0,0,0,COL
252,1627783,2024,Pascal Siakam,pascal-siakam,43,F,245,4/2/1994,31,8,New Mexico State,80,629,535,19637,4332,8686,0.499,692,2039,0.339,1969,2582,0.763,957,3226,4183,2261,569,374,1132,1695,11325,0.001,0.121,0.071,68,61,2224,441,800,0.551,3,17,0.176,438,783,0.559,0.553,241,339,0.711,243,414,657,103,62,136,131,180,1126,0.033,0,0.027,0.081,COL
253,1630178,2024,Tyrese Maxey,tyrese-maxey,0,G,200,11/4/2000,24,4,Kentucky,74,318,245,10187,2235,4847,0.461,696,1828,0.381,1036,1196,0.866,111,841,952,1403,290,107,449,634,6202,-0.001,0.08,-0.005,31,28,1069,150,351,0.427,33,113,0.292,117,238,0.492,0.474,100,120,0.833,12,121,133,99,27,12,67,74,433,0,0,0,0,COL
254,203083,2024,Andre Drummond,andre-drummond,1,C,279,8/10/1993,31,12,Connecticut,83,904,663,24218,4740,8753,0.542,18,140,0.129,1795,3696,0.486,3765,7216,10981,1107,1133,1148,1622,2599,11293,-0.069,-0.009,0.128,34,30,967,157,292,0.538,0,2,0,157,290,0.541,0.538,26,88,0.295,114,143,257,15,28,92,52,75,340,0,0,0,0,COL
255,1629656,2024,Quentin Grimes,quentin-grimes,5,G,210,5/8/2000,25,3,Houston,76,243,127,5945,883,1988,0.444,472,1257,0.375,287,376,0.763,147,600,747,488,187,66,266,462,2525,0.038,-0.008,-0.036,96,87,2809,406,989,0.411,196,536,0.366,210,453,0.464,0.51,192,274,0.701,85,286,371,208,89,21,194,219,1200,0.059,0.077,0.128,0.185,COL
256,200768,2024,Kyle Lowry,kyle-lowry,7,G,196,3/25/1986,39,18,Villanova,72,1173,898,36682,5250,12400,0.423,2205,5997,0.368,3651,4478,0.815,892,4069,4961,7099,1499,351,2628,3161,16356,0.056,0.11,-0.078,57,34,1524,181,403,0.449,13,40,0.325,168,363,0.463,0.465,168,228,0.737,82,137,219,171,108,13,110,148,543,0.045,0,0.014,0.151,COL
257,202331,2024,Paul George,paul-george,8,F,220,5/2/1990,35,14,Fresno State,80,908,860,30515,6400,14553,0.44,2349,6127,0.383,3548,4160,0.853,750,4934,5684,3369,1539,401,2423,2418,18697,-0.013,0.086,0.091,63,63,2138,320,716,0.447,122,308,0.396,198,408,0.485,0.532,212,264,0.803,118,304,422,151,123,58,173,176,974,0.046,0.094,0.001,0.212,COL
258,1626162,2024,Kelly Oubre Jr.,kelly-oubre,9,F-G,203,12/9/1995,29,9,Kansas,80,655,311,17743,3158,7205,0.438,982,3025,0.325,1398,1862,0.751,700,2332,3032,747,686,326,728,1727,8696,0.012,0.008,0.121,36,27,756,110,248,0.444,34,95,0.358,76,153,0.497,0.512,79,110,0.718,41,138,179,28,41,13,43,71,333,0,0,0,0,COL
259,1630288,2024,Jeff Dowtin Jr.,jeff-dowtin,11,G,177,5/10/1997,28,3,Rhode Island,75,87,3,1129,165,349,0.473,43,114,0.377,44,60,0.733,29,92,121,146,45,17,30,48,417,0.165,0,0,128,114,4067,519,1160,0.447,126,349,0.361,393,811,0.485,0.502,246,344,0.715,81,285,366,473,132,46,160,197,1410,0.057,0.036,0.075,0.186,COL
260,1630215,2024,Jared Butler,jared-butler,12,G,193,8/25/2000,24,3,Baylor,75,148,19,2045,377,837,0.45,119,349,0.341,117,143,0.818,40,177,217,417,93,29,168,207,990,0.046,0.023,-0.031,94,81,2731,461,1069,0.431,214,558,0.384,247,511,0.483,0.531,194,248,0.782,50,252,302,331,141,18,225,224,1330,0.076,0.065,0.068,0.019,COL
261,1641741,2024,Ricky Council IV,ricky-counciliv,14,G,207,8/3/2001,23,1,Arkansas,78,105,12,1538,231,575,0.402,67,245,0.273,176,224,0.786,65,195,260,113,40,14,57,84,705,-0.08,-0.102,0.04,85,37,2301,348,805,0.432,72,238,0.303,276,567,0.487,0.477,298,379,0.786,85,268,353,146,78,28,158,121,1066,0.016,0.174,0.088,0.213,COL
262,1629022,2024,Lonnie Walker IV,lonnie-walker,16,G-F,204,12/14/1998,26,6,Miami,76,342,95,7025,1268,3007,0.422,497,1396,0.356,385,484,0.795,88,703,791,518,184,93,306,453,3418,0.074,-0.05,0.074,32,18,888,132,318,0.415,56,162,0.346,76,156,0.487,0.503,48,65,0.738,13,70,83,61,30,15,37,51,368,0,0,0,0,COL
263,1641720,2024,Jalen Hood-Schifino,jalen-hood-schifino,17,G,210,6/19/2003,22,1,Indiana,77,36,0,423,47,143,0.329,16,61,0.262,30,41,0.732,5,35,40,45,8,9,27,38,140,0.124,0,0.132,32,32,1058,168,403,0.417,37,111,0.333,131,292,0.449,0.463,59,76,0.776,14,118,132,117,26,8,89,78,432,0,0,0,0,COL
264,203954,2024,Joel Embiid,joel-embiid,21,C-F,280,3/16/1994,31,8,Kansas,84,452,452,14407,4117,8212,0.501,532,1568,0.339,3757,4538,0.828,1008,3979,4987,1658,411,738,1547,1369,12523,0.035,-0.028,0.045,28,20,647,107,171,0.626,1,5,0.2,106,166,0.639,0.629,98,143,0.685,65,162,227,38,25,72,66,94,313,0,0,0,0,COL
265,201569,2024,Eric Gordon,eric-gordon,23,G,215,12/25/1988,36,16,Indiana,75,925,665,28885,4821,11214,0.43,2084,5602,0.372,2408,2974,0.81,338,1775,2113,2508,776,325,1676,1610,14134,-0.025,-0.017,-0.044,32,32,1110,184,425,0.433,70,208,0.337,114,217,0.525,0.515,231,277,0.834,23,81,104,78,42,20,115,69,669,0,0,0,0,COL
266,1627824,2024,Guerschon Yabusele,guerschon-yabusele,28,F,265,12/17/1995,29,2,"Rouen, France",80,144,48,2380,343,701,0.489,125,339,0.369,130,182,0.714,174,326,500,179,70,36,114,219,941,0.063,0.045,0.032,400,252,10258.5,1700,3346,0.508,504,1284,0.393,,,,,943,1268,0.744,599,1485,2084,525,391,206,591,749,4847,0.082,0.186,,0.127,INT
267,1626220,2024,Royce O'Neale,royce-oneale,0,F,226,6/5/1993,32,7,Baylor,78,600,319,15716,1503,3532,0.426,926,2404,0.385,312,405,0.77,394,2479,2873,1436,483,263,600,1408,4244,-0.001,0.027,-0.037,134,101,4057,411,862,0.477,145,363,0.399,266,499,0.533,0.561,301,401,0.751,207,549,756,400,160,45,258,324,1268,0.079,0.135,0.118,0.265,COL
268,1626164,2024,Devin Booker,devin-booker,1,G,206,10/30/1996,28,9,Kentucky,78,673,648,23148,5749,12390,0.464,1424,4024,0.354,3530,4042,0.873,424,2294,2718,3522,577,190,2035,1972,16452,0.041,0.011,0.033,128,94,3089,445,897,0.496,22,80,0.275,423,817,0.518,0.508,242,368,0.658,267,461,728,99,80,83,199,291,1154,0.114,0,0.091,0.201,COL
269,1630208,2024,Nick Richards,nick-richards,2,C,245,11/29/1997,27,4,Kentucky,84,257,108,4662,726,1135,0.64,1,5,0.2,425,576,0.738,505,1013,1518,156,60,221,240,529,1878,-0.038,0,0.043,105,70,1908,281,448,0.627,0,0,,281,448,0.627,0.627,209,287,0.728,193,334,527,23,10,146,101,250,771,0.044,0,0.044,0.062,COL
270,203078,2024,Bradley Beal,bradley-beal,3,G,207,6/28/1993,32,12,Florida,76,801,752,27559,6346,13664,0.464,1717,4569,0.376,2848,3467,0.821,689,2557,3246,3432,882,339,1938,1805,17257,0.054,-0.01,0.035,37,37,1267,175,393,0.445,63,186,0.339,112,207,0.541,0.525,133,173,0.769,50,199,249,83,51,31,79,76,546,0,0,0,0,COL
271,1628960,2024,Grayson Allen,grayson-allen,8,G,198,10/8/1995,29,6,Duke,76,403,252,10228,1416,3140,0.451,855,2064,0.414,563,657,0.857,205,1011,1216,812,293,112,399,636,4250,0.075,0.091,0.107,142,97,3965,606,1409,0.43,291,766,0.38,315,643,0.49,0.533,493,591,0.834,76,374,450,432,147,14,240,297,1996,0.071,0.071,0.059,0.039,COL
272,1627814,2024,Damion Lee,damion-lee,10,G-F,210,10/21/1992,32,6,Drexel,78,315,58,6188,855,1973,0.433,386,1032,0.374,371,421,0.881,142,860,1002,421,195,28,248,477,2467,0.025,0.124,0.122,125,121,4104,636,1468,0.433,257,710,0.362,379,758,0.5,0.521,487,578,0.843,112,486,598,244,142,26,217,298,2016,0.084,0.044,0.107,0.114,COL
273,1629626,2024,Bol Bol,bol-bol,11,C-F,220,11/16/1999,25,5,Oregon,87,202,45,2750,504,925,0.545,98,295,0.332,137,183,0.749,130,579,709,126,55,153,178,183,1243,0.045,-0.045,0.002,9,9,268,74,132,0.561,13,25,0.52,61,107,0.57,0.61,28,37,0.757,19,67,86,9,7,24,18,15,189,0,0,0,0,COL
274,1631221,2024,Collin Gillespie,collin-gillespie,12,G,195,6/25/1999,26,1,Villanova,73,57,9,686,100,227,0.441,54,128,0.422,27,34,0.794,23,76,99,105,34,5,31,54,281,-0.023,0.027,0,156,125,4516,588,1395,0.422,326,843,0.387,262,552,0.475,0.538,356,420,0.848,50,399,449,482,154,6,221,312,1858,0.046,0.058,0.028,0.105,COL
275,1631102,2024,TyTy Washington Jr.,tyty-washingtonjr,14,G,195,11/15/2001,23,2,Kentucky,75,58,2,607,78,225,0.347,25,107,0.234,13,24,0.542,7,56,63,68,21,2,19,34,194,-0.016,-0.01,0,31,29,905,152,337,0.451,36,103,0.35,116,234,0.496,0.504,48,64,0.75,20,87,107,120,40,6,51,47,388,0,0,0,0,COL
276,1628998,2024,Cody Martin,cody-martin,17,F,205,9/28/1995,29,5,Nevada,78,259,54,5677,608,1394,0.436,168,545,0.308,209,316,0.661,252,709,961,580,256,104,242,402,1593,0.003,0.071,0.022,122,87,3526,450,899,0.501,52,160,0.325,398,739,0.539,0.529,226,328,0.689,171,388,559,434,155,96,201,278,1178,0.049,0.064,0.105,0.166,COL
277,203995,2024,Vasilije Micic,vasilije-micic,18,G,188,1/13/1994,31,1,Serbia,75,101,37,1960,254,643,0.395,88,279,0.315,95,116,0.819,34,143,177,390,46,7,176,113,691,-0.012,0.071,-0.013,588,373,14843.1,2376,5179,0.459,876,2381,0.368,,,,,1534,1885,0.814,214,1205,1419,2745,590,25,1502,1449,3971,0.178,0.13,,0.221,INT
278,1626145,2024,Tyus Jones,tyus-jones,21,G,196,5/10/1996,29,9,Duke,73,682,218,14424,2033,4564,0.445,692,1833,0.378,491,598,0.821,191,1183,1374,3022,667,65,557,521,5249,0.086,0.076,0.103,39,39,1322,135,324,0.417,47,124,0.379,88,200,0.44,0.489,144,162,0.889,19,118,137,217,59,3,76,46,461,0,0,0,0,COL
279,203486,2024,Mason Plumlee,mason-plumlee,22,F-C,254,3/5/1990,35,11,Duke,82,860,478,18794,2720,4569,0.595,2,51,0.039,1476,2559,0.577,1766,4001,5767,2045,596,703,1198,2285,6918,-0.063,0,-0.043,141,99,3652,525,915,0.574,2,10,0.2,523,905,0.578,0.575,332,569,0.583,333,755,1088,212,115,199,282,347,1384,0.137,0,0.119,0.24,COL
280,1628420,2024,Monté Morris,monte-morris,23,G,183,6/27/1995,30,7,Iowa State,74,420,166,9810,1562,3297,0.474,470,1208,0.389,386,467,0.827,142,847,989,1510,303,73,306,428,3980,-0.023,-0.023,0.03,140,121,4734,636,1336,0.476,152,399,0.381,484,937,0.517,0.533,284,364,0.78,108,408,516,768,225,41,165,212,1708,0.077,0.048,0.102,0.118,COL
281,201142,2024,Kevin Durant,kevin-durant,35,F,240,9/29/1988,36,16,Texas,83,1123,1120,41235,10542,20999,0.502,2191,5620,0.39,7296,8271,0.882,740,7088,7828,4908,1174,1273,3554,2137,30571,0.074,0.102,0.011,35,35,1255,306,647,0.473,82,203,0.404,224,444,0.505,0.536,209,256,0.816,106,284,390,46,66,67,99,71,903,0,0,0,0,COL
282,1629028,2024,Deandre Ayton,deandre-ayton,2,C,252,7/23/1998,26,6,Arizona,84,398,391,12270,2905,4926,0.59,28,122,0.23,704,932,0.755,1219,2948,4167,649,292,380,688,1051,6542,0.005,0.024,0.009,35,35,1172,276,451,0.612,12,35,0.343,264,416,0.635,0.625,140,191,0.733,118,287,405,57,20,66,69,81,704,0,0,0,0,COL
283,1629680,2024,Matisse Thybulle,matisse-thybulle,4,G-F,201,3/4/1997,28,5,Washington,77,347,124,7270,642,1466,0.438,299,871,0.343,115,174,0.661,200,510,710,388,542,279,199,646,1698,0.014,-0.011,0.099,135,134,3963,441,1027,0.429,191,534,0.358,250,493,0.507,0.522,169,216,0.782,119,296,415,276,331,185,252,381,1242,0.051,0.1,0.125,0.137,COL
284,1630625,2024,Dalano Banton,dalano-banton,5,F,203,11/7/1999,25,3,Nebraska,80,216,19,3141,538,1339,0.402,159,523,0.304,228,313,0.728,120,362,482,422,117,77,234,224,1463,-0.009,0.051,0.153,58,34,1205,129,316,0.408,28,118,0.237,101,198,0.51,0.453,77,122,0.631,43,208,251,170,40,41,119,83,363,0.009,0.031,0.01,0.1,COL
285,1630166,2024,Deni Avdija,deni-avdija,8,F,240,1/3/2001,24,4,Maccabi Tel Aviv,81,359,209,9679,1441,3117,0.462,417,1236,0.337,746,991,0.753,342,1894,2236,1008,287,159,599,895,4045,0.045,0.022,0.109,110,35,1921.2,318,665,0.478,97,313,0.31,,,,,109,196,0.556,61,367,428,187,74,51,142,209,842,0.067,0.056,,0.076,INT
286,203924,2024,Jerami Grant,jerami-grant,9,F,210,3/12/1994,31,10,Syracuse,79,719,434,20053,3212,7160,0.449,941,2587,0.364,2063,2741,0.753,605,2221,2826,1150,485,748,914,1641,9428,0.097,0.05,0.155,72,29,1577,187,385,0.486,6,20,0.3,181,365,0.496,0.494,161,251,0.641,124,211,335,62,43,36,63,129,541,0.034,0,0.035,0.112,COL
287,1631303,2024,Justin Minaya,justin-minaya,10,F,205,3/26/1999,26,2,Providence,77,57,1,570,37,118,0.314,17,71,0.239,5,12,0.417,38,43,81,32,17,16,18,56,96,0.01,0,0,111,100,3308,292,727,0.402,110,371,0.296,182,356,0.511,0.477,115,180,0.639,216,381,597,186,77,70,123,234,809,0.071,0.131,0.145,0.128,COL
288,1631121,2024,Bryce McGowens,bryce-mcgowens,11,G,190,11/8/2002,22,2,Nebraska,78,118,21,1700,185,446,0.415,60,186,0.323,131,171,0.766,39,159,198,107,37,16,77,125,561,0.023,0.005,0.014,31,31,1032,160,397,0.403,40,146,0.274,120,251,0.478,0.453,162,195,0.831,22,139,161,43,22,10,65,62,522,0,0,0,0,COL
289,1641712,2024,Rayan Rupert,rayan-rupert,21,G-F,195,5/31/2004,21,1,New Zealand Breakers,78,91,12,1092,112,303,0.37,44,137,0.321,42,55,0.764,50,112,162,87,28,7,61,93,310,0.035,-0.038,0.004,102,67,2260.4,346,900,0.384,79,295,0.268,,,,,126,177,0.712,75,202,277,166,143,22,177,249,897,0.042,0.084,,0.115,INT
290,1631200,2024,Kris Murray,kris-murray,24,F,216,8/19/2000,24,1,Iowa,80,131,35,2388,262,645,0.406,76,303,0.251,63,113,0.558,161,245,406,148,88,38,98,158,663,0.01,-0.017,-0.103,77,30,1681,344,728,0.473,109,313,0.348,235,415,0.566,0.547,137,196,0.699,138,249,387,96,60,66,73,151,934,0.003,0.052,0.036,0.084,COL
291,1631321,2024,Sidy Cissoko,sidy-cissoko,25,G,200,4/2/2004,21,1,NBA G League Ignite,78,34,0,255,29,63,0.46,4,25,0.16,15,24,0.625,16,27,43,25,9,4,14,28,77,-0.025,0,0,33,7,744.5,116,277,0.419,28,113,0.248,,,,,86,137,0.628,29,66,95,77,27,10,91,83,346,0,0,,0,INT
292,1641871,2024,Duop Reath,duop-reath,26,C,245,6/26/1996,29,1,Louisiana State,81,114,20,1683,300,665,0.451,122,351,0.348,89,115,0.774,137,205,342,93,45,52,68,202,811,-0.01,-0.011,0.032,64,58,1659,324,615,0.527,30,80,0.375,294,535,0.55,0.551,108,175,0.617,129,239,368,47,31,78,121,186,786,0.034,0.108,0.03,0.026,COL
293,1641739,2024,Toumani Camara,toumani-camara,33,F,229,5/8/2000,25,1,Dayton,79,148,127,4287,525,1154,0.455,193,532,0.363,166,225,0.738,312,481,793,262,182,83,193,404,1409,0.005,0.026,-0.02,125,116,3421,525,1023,0.513,71,231,0.307,454,792,0.573,0.548,253,401,0.631,255,603,858,173,119,100,273,343,1374,0.06,0.191,0.053,0.078,COL
294,1631133,2024,Jabari Walker,jabari-walker,34,F,237,7/30/2002,22,2,Colorado,79,188,24,3068,435,936,0.465,85,267,0.318,212,287,0.739,258,592,850,142,85,41,129,329,1167,0.046,0.032,-0.017,59,33,1297,230,480,0.479,59,148,0.399,171,332,0.515,0.541,162,207,0.783,102,321,423,54,36,34,104,138,681,0.065,0.177,0.018,0.006,COL
295,1629057,2024,Robert Williams III,robert-williams,35,C-F,249,10/17/1997,27,6,Texas A&M,81,235,100,4753,751,1039,0.723,1,7,0.143,188,279,0.674,588,1015,1603,325,172,388,204,445,1691,0.017,0,0.013,122,59,2404,333,684,0.487,0,0,,333,684,0.487,0.487,141,256,0.551,270,305,575,49,54,71,152,358,807,0.149,0,0.149,0.082,COL
296,1628370,2024,Malik Monk,malik-monk,0,G,200,2/4/1998,27,7,Kentucky,75,523,83,11943,2321,5352,0.434,938,2680,0.35,864,1019,0.848,192,1185,1377,1657,317,174,844,864,6444,0.074,0.008,0.006,38,37,1218,251,558,0.45,104,262,0.397,147,296,0.497,0.543,148,180,0.822,12,83,95,87,36,19,75,72,754,0,0,0,0,COL
297,1629056,2024,Terence Davis,terence-davis,3,G,201,5/16/1997,28,4,Mississippi,76,228,24,3668,661,1525,0.433,330,902,0.366,166,201,0.826,101,524,625,306,151,51,225,395,1818,-0.023,-0.022,-0.045,121,82,2941,549,1234,0.445,176,519,0.339,373,715,0.522,0.516,238,332,0.717,141,456,597,249,140,69,242,318,1512,0.075,0.054,0.073,0.052,COL
298,203926,2024,Doug McDermott,doug-mcdermott,7,F,225,1/3/1992,33,10,Creighton,78,697,97,13572,2248,4779,0.47,984,2394,0.411,518,644,0.804,260,1195,1455,664,146,63,436,986,5998,0.064,0.092,-0.038,145,145,4569,1141,2075,0.55,274,598,0.458,867,1477,0.587,0.616,594,715,0.831,281,807,1088,194,34,14,321,265,3150,0.076,0.085,0.066,0.129,COL
299,203897,2024,Zach LaVine,zach-lavine,8,G,200,3/10/1995,30,10,UCLA,77,654,565,21460,4852,10331,0.47,1533,3922,0.391,2353,2825,0.833,293,2372,2665,2595,571,183,1725,1376,13590,0.052,0.056,-0.01,37,1,904,127,288,0.441,48,128,0.375,79,160,0.494,0.524,47,68,0.691,18,76,94,66,33,6,42,73,349,0,0,0,0,COL
300,201942,2024,DeMar DeRozan,demar-derozan,10,G-F,220,8/7/1989,35,15,Southern California,78,1187,1175,41227,9064,19315,0.469,615,2047,0.3,6549,7778,0.842,835,4373,5208,4869,1170,393,2379,2659,25292,-0.029,0.205,0.079,35,35,1168,192,367,0.523,6,36,0.167,186,331,0.562,0.531,95,147,0.646,84,117,201,51,31,13,73,73,485,0,0,0,0,COL
301,1627734,2024,Domantas Sabonis,domantas-sabonis,11,F-C,240,5/3/1996,29,8,Gonzaga,82,646,506,19898,4068,7266,0.56,310,893,0.347,1955,2680,0.729,1749,5131,6880,3162,496,297,1662,2018,10401,0.162,0.02,0.074,74,32,1971,384,608,0.632,5,14,0.357,379,594,0.638,0.636,229,314,0.729,192,502,694,97,39,43,151,219,1002,0.057,0,0.047,0.105,COL
302,1631099,2024,Keegan Murray,keegan-murray,13,F,225,8/19/2000,24,2,Iowa,80,233,231,7580,1161,2577,0.451,543,1461,0.372,225,277,0.812,341,957,1298,336,201,170,184,553,3090,-0.002,-0.039,0.047,66,39,1674,391,720,0.543,82,220,0.373,309,500,0.618,0.6,182,243,0.749,150,311,461,69,71,107,59,123,1046,0.048,0.102,0.014,0.008,COL
303,1630222,2024,Mason Jones,mason-jones,15,G,200,7/21/1998,26,3,Arkansas,76,51,1,458,70,164,0.427,28,85,0.329,57,86,0.663,11,68,79,62,10,2,33,38,225,0.006,0.003,0.006,65,56,2046,327,759,0.431,144,402,0.358,183,357,0.513,0.526,348,425,0.819,40,261,301,202,81,11,160,178,1146,0.049,0.014,0.074,0.022,COL
304,202685,2024,Jonas Valančiūnas,jonas-valanciunas,17,C,265,5/6/1992,33,12,Lietuvos rytas Vilnius,83,937,848,23558,4896,8739,0.56,238,698,0.341,2249,2833,0.794,2554,6169,8723,1301,379,868,1531,2626,12279,0.003,-0.068,0.009,84,59,1834.4,325,513,0.634,0,1,0,,,,,268,331,0.81,185,409,594,57,38,125,155,234,924,0.085,0,,0.082,INT
305,1628365,2024,Markelle Fultz,markelle-fultz,20,G,209,5/29/1998,27,7,Washington,76,255,164,6122,1124,2389,0.47,83,296,0.28,325,444,0.732,218,599,817,1111,286,70,451,464,2656,0.065,0.017,0.248,25,25,892,209,439,0.476,52,126,0.413,157,313,0.502,0.535,109,168,0.649,33,110,143,148,40,30,80,63,579,0,0,0,0,COL
306,1631165,2024,Keon Ellis,keon-ellis,23,G,175,1/8/2000,25,2,Alabama,76,153,49,2997,341,712,0.479,215,501,0.429,103,128,0.805,96,248,344,211,177,93,109,298,1000,0.019,0.01,0.075,65,40,1581,182,397,0.458,88,237,0.371,94,160,0.588,0.569,123,148,0.831,91,239,330,93,99,33,86,153,575,0.065,0.023,0.021,0.158,COL
307,1631222,2024,Jake LaRavia,jake-laravia,33,F,235,11/3/2001,23,2,Wake Forest,79,136,6,2569,315,735,0.429,137,369,0.371,175,233,0.751,160,290,450,237,103,39,149,250,942,0.054,0.048,-0.092,88,83,2598,382,729,0.524,49,132,0.371,333,597,0.558,0.558,260,350,0.743,202,348,550,227,109,88,194,259,1073,0.086,0.094,0.116,0.154,COL
308,1626168,2024,Trey Lyles,trey-lyles,41,F,234,11/5/1995,29,9,Kentucky,81,650,131,11971,1772,4018,0.441,646,1864,0.347,745,1005,0.741,584,2242,2826,697,260,229,517,918,4935,0.006,-0.039,0.058,36,21,828,117,240,0.488,4,29,0.138,113,211,0.536,0.496,75,102,0.735,65,123,188,38,19,16,41,57,313,0,0,0,0,COL
309,203109,2024,Jae Crowder,jae-crowder,99,F,235,7/6/1990,34,12,Marquette,78,812,436,20159,2590,6194,0.418,1232,3546,0.347,1103,1420,0.777,558,2833,3391,1281,789,269,674,1633,7515,0.032,0.015,0.134,72,52,2174,375,762,0.492,103,294,0.35,272,468,0.581,0.56,196,287,0.683,153,392,545,131,136,67,74,178,1049,0.013,0.014,0.047,0.119,COL
310,1629640,2024,Keldon Johnson,keldon-johnson,0,F-G,220,10/11/1999,25,5,Kentucky,77,370,232,10599,2127,4550,0.467,580,1650,0.352,927,1216,0.762,446,1546,1992,797,258,93,494,707,5761,-0.129,-0.239,-0.033,37,36,1137,172,373,0.461,45,118,0.381,127,255,0.498,0.521,109,155,0.703,49,168,217,60,28,6,60,83,498,0,0,0,0,COL
311,1641705,2024,Victor Wembanyama,victor-wembanyama,1,F-C,235,1/4/2004,21,1,Metropolitans 92,87,117,117,3633,959,2043,0.469,270,797,0.339,450,556,0.809,243,1018,1261,442,140,430,409,258,2638,0.004,0.014,0.013,129,89,3000.1,607,1339,0.453,118,436,0.271,,,,,302,382,0.791,203,696,899,173,92,297,256,253,1636,0.085,0.02,,0.134,INT
312,101108,2024,Chris Paul,chris-paul,3,G,175,5/6/1985,40,19,Wake Forest,72,1354,1314,45607,8147,17352,0.47,1860,5029,0.37,4857,5579,0.871,792,5186,5978,12499,2717,222,3093,3185,23011,0.04,0.088,0.024,63,62,2110,278,589,0.472,86,183,0.47,192,406,0.473,0.545,306,365,0.838,43,202,245,395,160,13,171,163,948,0.045,0.009,0.07,0.009,COL
313,1628368,2024,De'Aaron Fox,deaaron-fox,4,G,185,12/20/1997,27,7,Kentucky,75,531,517,17660,4210,8959,0.47,815,2467,0.33,2164,2900,0.746,330,1752,2082,3262,756,221,1449,1383,11399,0.057,0.021,0.031,36,34,1064,214,447,0.479,17,69,0.246,197,378,0.521,0.498,156,212,0.736,21,122,143,165,53,7,87,90,601,0,0,0,0,COL
314,1630561,2024,David Duke Jr.,david-duke,7,G,204,10/13/1999,25,3,Providence,76,55,7,654,91,218,0.417,16,61,0.262,33,43,0.767,44,67,111,47,27,8,32,72,231,0.042,0,0,91,91,2801,345,875,0.394,115,305,0.377,230,570,0.404,0.46,246,320,0.769,68,316,384,294,102,29,222,252,1051,0.022,0.123,0.048,0.104,COL
315,1631110,2024,Jeremy Sochan,jeremy-sochan,10,F,230,5/20/2003,22,2,Baylor,80,184,149,5014,841,1797,0.468,131,452,0.29,279,385,0.725,359,764,1123,519,150,90,321,437,2092,0.015,0.044,0.027,30,1,754,100,211,0.474,24,81,0.296,76,130,0.585,0.531,53,90,0.589,59,132,191,53,38,21,47,69,277,0,0,0,0,COL
316,1629162,2024,Jordan McLaughlin,jordan-mclaughlin,11,G,185,4/9/1996,29,5,Southern California,72,288,7,4049,437,982,0.445,174,466,0.373,124,167,0.743,89,326,415,807,225,32,188,206,1172,-0.045,-0.005,0.066,128,127,4294,572,1304,0.439,185,488,0.379,387,816,0.474,0.51,319,432,0.738,83,371,454,739,213,22,303,134,1648,0.119,0.152,0.093,0.146,COL
317,1631104,2024,Blake Wesley,blake-wesley,14,G,185,3/16/2003,22,2,Notre Dame,75,156,4,2228,252,616,0.409,49,165,0.297,116,183,0.634,47,190,237,378,91,20,174,202,669,0.088,-0.088,0.043,35,28,1027,178,441,0.404,54,178,0.303,124,263,0.471,0.465,94,143,0.657,24,105,129,84,44,2,77,67,504,0,0,0,0,COL
318,202687,2024,Bismack Biyombo,bismack-biyombo,15,C,255,8/28/1992,32,13,Baloncesto Fuenlabrada,80,867,377,16912,1720,3205,0.537,0,3,0,955,1733,0.551,1649,3460,5109,582,233,1100,793,1874,4395,0.074,0,0.066,14,3,239.4,32,58,0.552,0,0,0,,,,,26,47,0.553,27,44,71,4,5,32,24,28,90,0,0,,0,INT
319,1631103,2024,Malaki Branham,malaki-branham,22,F,180,5/12/2003,22,2,Ohio State,76,188,61,3570,627,1429,0.439,204,607,0.336,140,166,0.843,63,317,380,321,71,17,201,238,1598,-0.001,0.034,0.014,32,31,948,160,321,0.498,37,89,0.416,123,232,0.53,0.556,80,96,0.833,25,89,114,64,23,9,54,56,437,0,0,0,0,COL
320,1630170,2024,Devin Vassell,devin-vassell,24,G-F,200,8/23/2000,24,4,Florida State,77,303,186,8401,1602,3607,0.444,616,1671,0.369,460,571,0.806,137,1007,1144,788,319,132,333,470,4280,0.038,0.022,-0.037,63,30,1216,196,413,0.475,70,168,0.417,126,245,0.514,0.559,67,93,0.72,51,152,203,70,60,39,35,88,529,0.053,0.004,0.076,0.059,COL
321,1629646,2024,Charles Bassey,charles-bassey,28,C-F,230,10/28/2000,24,3,Western Kentucky,82,113,3,1256,214,339,0.631,3,13,0.231,57,88,0.648,176,307,483,93,43,97,87,187,488,-0.007,0,0.019,72,72,2199,439,736,0.596,29,91,0.319,410,645,0.636,0.616,235,306,0.768,219,538,757,56,46,184,182,182,1142,0.094,0,0.073,0.028,COL
322,1630577,2024,Julian Champagnie,julian-champagnie,30,F,217,6/29/2001,24,2,St. John's,79,173,91,3720,499,1197,0.417,312,839,0.372,174,203,0.857,119,465,584,224,115,82,142,217,1484,-0.04,-0.032,0.045,88,81,2701,508,1184,0.429,149,428,0.348,359,756,0.475,0.492,243,298,0.815,140,458,598,120,136,86,131,145,1408,0.039,0.068,0.054,0.133,COL
323,203084,2024,Harrison Barnes,harrison-barnes,40,F,225,5/30/1992,33,12,North Carolina,80,993,932,31035,4868,10586,0.46,1439,3742,0.385,2632,3250,0.81,1014,3728,4742,1739,672,178,1124,1462,13807,0.017,0.027,0.053,75,73,2198,438,1018,0.43,116,332,0.349,322,686,0.469,0.487,234,319,0.734,149,265,414,96,68,29,146,140,1226,0.019,0.014,0.001,0.027,COL
324,1630572,2024,Sandro Mamukelashvili,sandro-mamukelashvili,54,F-C,240,5/23/1999,26,3,Seton Hall,81,191,15,2198,368,781,0.471,131,376,0.348,125,171,0.731,212,389,601,181,52,50,95,175,992,-0.036,-0.084,-0.094,115,79,2802,402,876,0.459,101,298,0.339,301,578,0.521,0.517,195,294,0.663,194,457,651,184,66,84,181,235,1100,0.106,0.138,0.104,0.114,COL
325,1628983,2024,Shai Gilgeous-Alexander,shai-gilgeous-alexander,2,G,195,7/12/1998,26,6,Kentucky,78,462,453,15290,3943,7872,0.501,614,1729,0.355,2794,3243,0.862,351,1860,2211,2362,666,370,1072,1044,11294,0.025,-0.012,0.062,37,24,1248,183,377,0.485,23,57,0.404,160,320,0.5,0.516,143,175,0.817,33,120,153,189,61,18,100,62,532,0,0,0,0,COL
326,1629652,2024,Luguentz Dort,luguentz-dort,5,G,220,4/19/1999,26,5,Arizona State,76,363,354,10620,1511,3706,0.408,734,2039,0.36,686,868,0.79,391,1012,1403,585,348,150,406,1059,4442,0.014,0.063,-0.002,34,33,1072,174,430,0.405,54,176,0.307,120,254,0.472,0.467,145,207,0.7,44,101,145,79,52,7,99,102,547,0,0,0,0,COL
327,1631119,2024,Jaylin Williams,jaylin-williams,6,F,240,6/29/2002,23,2,Arkansas,81,165,46,2595,294,683,0.43,160,410,0.39,94,125,0.752,128,609,737,306,78,68,106,288,842,-0.006,-0.017,0.048,63,40,1585,175,377,0.464,24,94,0.255,151,283,0.534,0.496,125,171,0.731,85,400,485,116,60,59,91,148,499,0.017,0,0.038,0.013,COL
328,1631096,2024,Chet Holmgren,chet-holmgren,7,C-F,208,5/1/2002,23,1,Gonzaga,85,114,114,3289,672,1294,0.519,173,465,0.372,319,409,0.78,177,728,905,263,76,261,187,269,1836,-0.011,0.002,-0.013,32,31,861,170,280,0.607,41,105,0.39,129,175,0.737,0.68,71,99,0.717,57,260,317,61,26,117,61,85,452,0,0,0,0,COL
329,1631114,2024,Jalen Williams,jalen-williams,8,G-F,211,4/14/2001,24,2,Santa Clara,77,215,202,6735,1515,2955,0.513,300,786,0.382,571,711,0.803,180,808,988,924,294,126,396,524,3901,-0.008,0.026,-0.009,84,72,2559,375,799,0.469,90,256,0.352,285,543,0.525,0.526,215,274,0.785,43,271,314,241,104,46,135,215,1055,0.114,0.122,0.079,0.052,COL
330,1627936,2024,Alex Caruso,alex-caruso,9,G,186,2/28/1994,31,7,Texas A&M,77,417,133,9287,1005,2282,0.44,425,1130,0.376,422,557,0.758,258,943,1201,1178,557,213,486,860,2857,0.009,0.074,0.058,137,120,3933,382,840,0.455,91,268,0.34,291,572,0.509,0.509,235,343,0.685,104,409,513,649,276,59,346,343,1090,0.129,0.103,0.153,0.185,COL
331,1630198,2024,Isaiah Joe,isaiah-joe,11,G,165,7/2/1999,25,4,Arkansas,75,321,29,5436,815,1891,0.431,584,1454,0.402,220,263,0.837,112,531,643,361,168,46,154,386,2434,0.07,0.034,0.087,60,59,1963,280,718,0.39,207,548,0.378,73,170,0.429,0.534,143,173,0.827,35,166,201,103,88,12,87,112,910,0.046,0.072,0.035,0.134,COL
332,1631172,2024,Ousmane Dieng,ousmane-dieng,13,F,185,5/21/2003,22,2,New Zealand Breakers,81,109,2,1338,179,422,0.424,70,239,0.293,40,55,0.727,47,190,237,114,39,19,63,97,468,0.004,0.028,0,72,56,1806.6,279,764,0.365,127,428,0.297,,,,,77,98,0.786,36,245,281,125,85,33,164,162,762,0.061,0.059,,0.17,INT
333,1641745,2024,Adam Flagler,adam-flagler,14,G,180,12/1/1999,25,1,Baylor,75,39,0,216,26,103,0.252,15,78,0.192,1,2,0.5,7,20,27,16,8,3,4,15,68,0,0,0,127,99,3777,604,1382,0.437,309,780,0.396,295,602,0.49,0.549,235,291,0.808,81,250,331,326,125,16,169,215,1752,0.028,0.048,0.073,0.131,COL
334,1630598,2024,Aaron Wiggins,aaron-wiggins,21,G,190,1/2/1999,26,3,Maryland,77,274,79,5478,909,1805,0.504,282,725,0.389,251,316,0.794,260,609,869,368,185,62,234,395,2351,0.041,0.085,0.065,96,50,2707,375,922,0.407,172,477,0.361,203,445,0.456,0.5,130,169,0.769,104,341,445,150,87,36,138,169,1052,0.069,0.096,0.171,0.15,COL
335,1641717,2024,Cason Wallace,cason-wallace,22,G,195,11/7/2003,21,1,Kentucky,75,150,56,3568,449,931,0.482,172,442,0.389,59,74,0.797,123,293,416,293,196,72,104,274,1129,-0.009,-0.03,0.013,32,32,1030,139,312,0.446,44,127,0.346,95,185,0.514,0.516,53,70,0.757,30,89,119,136,63,15,67,78,375,0,0,0,0,COL
336,1629026,2024,Kenrich Williams,kenrich-williams,34,G-F,210,12/2/1994,30,6,TCU,78,391,78,7776,1004,2134,0.47,342,937,0.365,140,255,0.549,488,1121,1609,695,297,100,283,730,2490,0.086,0.032,0.195,102,85,3281,416,860,0.484,101,269,0.375,315,591,0.533,0.542,192,307,0.625,304,573,877,271,141,71,145,253,1125,0.018,0.04,0.082,0.102,COL
337,1628392,2024,Isaiah Hartenstein,isaiah-hartenstein,55,C-F,250,5/5/1998,27,6,Zalgiris,84,379,114,7376,1076,1817,0.592,27,106,0.255,405,590,0.686,848,1575,2423,757,272,351,412,962,2584,0.101,-0.139,0.001,52,20,832.8,145,285,0.509,30,84,0.357,,,,,78,128,0.609,40,234,274,50,56,59,87,139,398,0.036,0.14,,0.157,INT
338,1630639,2024,A.J. Lawson,aj-lawson,0,G,179,7/15/2000,24,2,South Carolina,78,83,2,905,156,355,0.439,56,176,0.318,60,94,0.638,40,117,157,53,25,9,32,77,428,-0.043,-0.072,0.022,81,80,2429,382,939,0.407,164,470,0.349,218,469,0.465,0.494,225,323,0.697,63,262,325,167,101,14,168,164,1153,0.02,0.019,0.044,0.057,COL
339,1641711,2024,Gradey Dick,gradey-dick,1,G-F,200,11/20/2003,21,1,Kansas,78,114,71,2855,454,1092,0.416,202,567,0.356,177,206,0.859,71,254,325,166,82,12,133,207,1287,-0.009,-0.009,-0.004,36,36,1177,174,394,0.442,83,206,0.403,91,188,0.484,0.547,76,89,0.854,40,145,185,60,52,9,45,76,507,0,0,0,0,COL
340,1627742,2024,Brandon Ingram,brandon-ingram,3,F,190,9/2/1997,27,8,Duke,80,495,456,16315,3528,7541,0.468,687,1892,0.363,1913,2429,0.788,361,2205,2566,2130,358,280,1268,1198,9656,0.066,0.069,0.167,36,34,1246,214,484,0.442,80,195,0.41,134,289,0.464,0.525,116,170,0.682,67,177,244,72,41,49,72,74,624,0,0,0,0,COL
341,1630567,2024,Scottie Barnes,scottie-barnes,4,F-G,237,8/1/2001,23,3,Florida State,79,276,275,9523,1843,3953,0.466,298,993,0.3,772,1014,0.761,624,1441,2065,1368,331,267,640,593,4756,-0.026,-0.001,0.026,24,7,595,98,195,0.503,11,40,0.275,87,155,0.561,0.531,41,66,0.621,35,61,96,98,35,11,59,52,248,0,0,0,0,COL
342,1630193,2024,Immanuel Quickley,immanuel-quickley,5,G,190,6/17/1999,26,4,Kentucky,74,324,98,8293,1504,3572,0.421,679,1811,0.375,855,996,0.858,147,950,1097,1203,237,43,416,627,4542,0.029,-0.01,-0.034,67,27,1672,193,479,0.403,92,232,0.397,101,247,0.409,0.499,197,220,0.895,18,173,191,100,43,5,81,114,675,0.045,0.083,0.001,0.095,COL
343,1631197,2024,Jared Rhoden,jared-rhoden,8,G,210,8/27/1999,25,2,Seton Hall,77,45,2,669,92,197,0.467,29,90,0.322,33,39,0.846,28,84,112,34,17,16,19,71,246,0.092,0.073,0,122,72,3167,439,1079,0.407,123,394,0.312,316,685,0.461,0.464,269,357,0.754,159,510,669,134,122,48,145,235,1270,0.099,0.091,0.114,0.265,COL
344,1629628,2024,RJ Barrett,rj-barrett,9,F-G,214,6/14/2000,25,5,Duke,78,387,386,12814,2652,6019,0.441,643,1856,0.346,1346,1930,0.697,358,1792,2150,1276,259,107,869,897,7293,0.046,0.028,0.086,38,38,1341,319,702,0.454,73,237,0.308,246,465,0.529,0.506,149,224,0.665,59,229,288,164,34,16,123,70,860,0,0,0,0,COL
345,1630658,2024,Colin Castleton,colin-castleton,11,C,250,5/25/2000,25,1,Florida,82,42,4,491,55,114,0.482,2,16,0.125,35,44,0.795,59,75,134,31,10,10,26,62,147,-0.016,0,0,122,75,2551,469,873,0.537,2,32,0.063,467,841,0.555,0.538,324,444,0.73,219,469,688,149,65,211,191,196,1264,0.097,0,0.081,0.125,COL
346,202066,2024,Garrett Temple,garrett-temple,17,G-F,195,5/8/1986,39,14,Louisiana State,77,771,289,15462,1635,4090,0.4,720,2105,0.342,592,795,0.745,318,1393,1711,1260,610,241,668,1364,4582,-0.046,-0.093,0.078,134,131,4432,293,789,0.371,113,406,0.278,180,383,0.47,0.443,202,258,0.783,107,395,502,482,191,113,293,355,901,0.061,0.061,0.155,0.138,COL
347,1627751,2024,Jakob Poeltl,jakob-poeltl,19,C,260,10/15/1995,29,8,Utah,84,595,341,13319,2348,3723,0.631,3,7,0.429,612,1102,0.555,1604,2549,4153,1083,381,757,721,1479,5311,0.047,0,0.017,70,70,1885,356,541,0.658,0,1,0,356,540,0.659,0.658,219,362,0.605,194,363,557,93,33,119,129,165,931,0.035,0,0.038,0.245,COL
348,1628449,2024,Chris Boucher,chris-boucher,25,F,200,1/11/1993,32,7,Oregon,81,407,23,7216,1284,2629,0.488,371,1096,0.339,673,864,0.779,708,1376,2084,201,197,384,221,764,3612,0.042,0.015,-0.007,69,47,1712,300,564,0.532,75,218,0.344,225,346,0.65,0.598,150,234,0.641,157,311,468,28,42,189,75,185,825,0.015,0.011,0.034,0.12,COL
349,1630534,2024,Ochai Agbaji,ochai-agbaji,30,G,215,4/20/2000,25,2,Kansas,77,201,95,4589,609,1353,0.45,244,692,0.353,127,173,0.734,178,401,579,248,121,89,159,341,1589,0.014,-0.016,-0.096,122,116,3978,590,1318,0.448,250,671,0.373,340,647,0.526,0.542,222,311,0.714,118,419,537,200,117,56,209,222,1652,0.055,0.1,0.097,0.07,COL
350,203903,2024,Jordan Clarkson,jordan-clarkson,0,G,194,6/7/1992,33,10,Missouri,75,753,231,20823,4491,10294,0.436,1402,4169,0.336,1645,1984,0.829,647,1876,2523,2211,614,116,1416,1266,12029,-0.009,0.026,-0.002,93,75,2952,473,1075,0.44,95,295,0.322,378,780,0.485,0.484,392,487,0.805,74,236,310,249,87,26,254,211,1433,0.015,0.093,0.04,0.047,COL
351,1641707,2024,Taylor Hendricks,taylor-hendricks,0,F,215,11/22/2003,21,1,UCF,81,43,26,930,112,258,0.434,56,152,0.368,26,33,0.788,51,149,200,34,33,34,29,85,306,0,0,0,34,34,1179,184,385,0.478,61,155,0.394,123,230,0.535,0.557,86,110,0.782,80,157,237,46,31,59,48,68,515,0,0,0,0,COL
352,1629012,2024,Collin Sexton,collin-sexton,2,G,190,1/4/1999,26,6,Alabama,75,407,335,12157,2784,5921,0.47,611,1578,0.387,1479,1764,0.838,357,787,1144,1505,317,53,951,920,7658,0.04,-0.015,-0.001,33,32,987,196,438,0.447,44,131,0.336,152,307,0.495,0.498,196,252,0.778,34,90,124,119,28,3,92,81,632,0,0,0,0,COL
353,1641718,2024,Keyonte George,keyonte-george,3,G,185,11/8/2003,21,1,Baylor,76,142,79,4131,678,1734,0.391,321,947,0.339,422,508,0.831,41,423,464,709,82,16,371,202,2099,0,0.005,-0.017,33,33,944,155,412,0.376,77,228,0.338,78,184,0.424,0.47,119,150,0.793,33,104,137,91,37,6,95,70,506,0,0,0,0,COL
354,1630531,2024,Jaden Springer,jaden-springer,11,G,202,9/25/2002,22,3,Tennessee,76,110,6,967,112,274,0.409,24,101,0.238,68,88,0.773,57,95,152,85,67,24,54,123,316,-0.085,0.006,-0.046,25,15,648,106,227,0.467,20,46,0.435,86,181,0.475,0.511,81,100,0.81,26,62,88,73,30,11,60,51,313,0,0,0,0,COL
355,1629004,2024,Svi Mykhailiuk,sviatoslav-mykhailiuk,19,G-F,205,6/10/1997,28,6,Kansas,79,331,69,5387,763,1897,0.402,444,1232,0.36,199,260,0.765,118,471,589,462,177,33,290,314,2169,0.07,0.038,0.149,136,70,3070,422,986,0.428,237,579,0.409,185,407,0.455,0.548,100,134,0.746,93,247,340,202,97,27,146,227,1181,0.144,0.156,0.193,0.124,COL
356,1628381,2024,John Collins,john-collins,20,F-C,226,9/23/1997,27,7,Wake Forest,81,472,410,13738,2936,5380,0.546,492,1356,0.363,1189,1502,0.792,1045,2760,3805,697,288,478,724,1436,7553,-0.03,0.023,0.077,64,34,1324,315,524,0.601,0,1,0,315,523,0.602,0.601,229,314,0.729,176,270,446,24,30,75,91,180,859,0.075,0,0.077,0.054,COL
357,1628374,2024,Lauri Markkanen,lauri-markkanen,23,F-C,240,5/22/1997,28,7,Arizona,84,450,424,13956,2824,6207,0.455,1142,3075,0.371,1410,1626,0.867,631,2570,3201,657,314,222,625,842,8200,0.021,0.009,0.024,37,37,1140,185,376,0.492,69,163,0.423,116,213,0.545,0.584,137,164,0.835,88,178,266,32,15,19,40,73,576,0,0,0,0,COL
358,1631117,2024,Walker Kessler,walker-kessler,24,C,245,7/26/2001,23,2,Auburn,84,196,120,4936,805,1183,0.68,11,56,0.196,217,404,0.537,662,1146,1808,226,92,465,210,431,1838,-0.04,0,0.021,63,34,1125,215,358,0.601,11,54,0.204,204,304,0.671,0.616,75,130,0.577,134,234,368,39,52,180,53,123,516,0.03,0,0.109,0.059,COL
359,1630695,2024,Micah Potter,micah-potter,25,C,248,4/6/1998,27,3,Wisconsin,81,64,10,974,91,201,0.453,44,128,0.344,25,30,0.833,60,172,232,41,20,21,39,73,251,-0.041,-0.093,0,111,39,1769,304,613,0.496,85,223,0.381,219,390,0.562,0.565,150,189,0.794,155,323,478,68,37,66,107,206,843,0.094,0.118,0.028,0.26,COL
360,1641729,2024,Brice Sensabaugh,brice-sensabaugh,28,F,235,10/30/2003,21,1,Ohio State,77,103,26,2016,360,817,0.441,191,487,0.392,102,114,0.895,58,254,312,165,59,14,154,154,1013,0.051,0.096,-0.007,33,21,809,197,410,0.48,60,148,0.405,137,262,0.523,0.554,83,100,0.83,42,135,177,38,18,13,67,82,537,0,0,0,0,COL
361,1630548,2024,Johnny Juzang,johnny-juzang,33,G,226,3/17/2001,24,2,UCLA,77,102,23,1873,290,689,0.421,165,454,0.363,57,71,0.803,57,202,259,99,47,13,52,168,802,0.084,0.125,0,85,57,2171,368,854,0.431,114,324,0.352,254,530,0.479,0.498,133,156,0.853,59,248,307,106,48,15,105,137,983,0.064,0.034,0.066,0.042,COL
362,1631131,2024,Oscar Tshiebwe,oscar-tshiebwe,34,F-C,255,11/27/1999,25,1,Kentucky,80,22,1,297,52,90,0.578,0,0,0,29,39,0.744,54,84,138,11,15,2,10,27,133,0.078,0,0,107,105,3077,590,1029,0.573,0,2,0,590,1027,0.574,0.573,370,525,0.705,529,788,1317,104,139,123,195,291,1550,0.083,0,0.083,0.122,COL
363,1630590,2024,Scotty Pippen Jr.,scotty-pippenjr,1,G,170,11/10/2000,24,2,Vanderbilt,73,106,37,2241,389,809,0.481,118,294,0.401,168,235,0.715,89,241,330,447,141,41,196,266,1064,-0.01,-0.015,-0.024,90,89,2842,468,1131,0.414,141,411,0.343,327,720,0.454,0.476,500,655,0.763,68,211,279,383,144,15,291,239,1577,0.035,0.037,0.061,0.141,COL
364,203484,2024,Kentavious Caldwell-Pope,kentavious-caldwell-pope,3,G,204,2/18/1993,32,11,Georgia,77,912,770,27034,3627,8479,0.428,1533,4182,0.367,1385,1685,0.822,522,2186,2708,1652,1057,265,923,1686,10172,0.032,0.048,0.052,64,60,2114,338,814,0.415,149,439,0.339,189,375,0.504,0.507,188,250,0.752,82,310,392,96,123,28,100,139,1013,0.037,0.069,0.014,0.145,COL
365,1631246,2024,Vince Williams Jr.,vince-williams,5,G,205,8/30/2000,24,2,Virginia Commonwealth,76,94,39,2039,248,586,0.423,109,332,0.328,125,156,0.801,85,318,403,234,65,43,130,192,730,0.123,0.185,-0.001,110,54,2573,298,678,0.44,120,327,0.367,178,351,0.507,0.528,232,300,0.773,108,374,482,204,130,59,208,254,948,0.135,0.213,0.191,0.126,COL
366,1630583,2024,Santi Aldama,santi-aldama,7,F-C,215,1/10/2001,24,3,Loyola (MD),84,235,71,5319,860,1873,0.459,326,944,0.345,247,357,0.692,284,942,1226,444,146,141,216,344,2293,0.057,0.22,0.067,27,26,899,196,396,0.495,45,147,0.306,151,249,0.606,0.552,76,119,0.639,46,202,248,60,26,46,78,55,513,0.054,0.151,0.073,0.171,COL
367,1630205,2024,Lamar Stevens,lamar-stevens,8,F,230,7/9/1997,27,4,Penn State,79,220,42,3348,484,1046,0.463,74,258,0.287,180,248,0.726,159,473,632,138,103,75,125,298,1222,0.004,0.127,0.011,135,135,4351,801,1841,0.435,86,312,0.276,715,1529,0.468,0.458,519,703,0.738,200,675,875,262,107,127,324,347,2207,0.043,0.124,0.061,0.074,COL
368,1628379,2024,Luke Kennard,luke-kennard,10,G,206,6/24/1996,29,7,Duke,77,460,121,10758,1604,3508,0.457,903,2062,0.438,406,461,0.881,140,1161,1301,1045,249,56,449,615,4517,0.018,0.029,0.029,73,47,2275,378,820,0.461,143,373,0.383,235,447,0.526,0.548,248,286,0.867,78,239,317,146,65,19,87,152,1147,0.068,0.118,0.003,0.033,COL
369,1629630,2024,Ja Morant,temetrius-morant,12,G,174,8/10/1999,25,5,Murray State,74,307,305,9801,2507,5344,0.469,415,1312,0.316,1513,1975,0.766,288,1160,1448,2267,315,86,1037,515,6942,-0.008,-0.019,-0.01,65,65,2295,398,821,0.485,84,245,0.343,314,576,0.545,0.536,333,411,0.81,95,301,396,532,88,40,249,112,1213,0.04,0.056,0.031,0.007,COL
370,1628991,2024,Jaren Jackson Jr.,jaren-jacksonjr,13,F-C,242,9/15/1999,25,6,Michigan State,82,407,398,11640,2658,5700,0.466,704,2008,0.351,1498,1891,0.792,548,1710,2258,602,414,777,762,1485,7518,-0.04,-0.008,0.026,35,34,764,119,232,0.513,38,96,0.396,81,136,0.596,0.595,106,133,0.797,52,151,203,39,21,106,62,112,382,0,0,0,0,COL
371,1629634,2024,Brandon Clarke,brandon-clarke,15,F,215,9/19/1996,28,5,Gonzaga,80,307,48,6392,1338,2209,0.606,51,192,0.266,409,586,0.698,556,1127,1683,409,222,246,221,590,3136,-0.012,-0.065,-0.054,98,69,2725,585,916,0.639,6,24,0.25,579,892,0.649,0.642,243,393,0.618,268,484,752,185,100,232,144,211,1419,0.095,0,0.111,0.133,COL
372,1630643,2024,Jay Huff,jay-huff,30,C,240,8/25/1997,27,3,Virginia,85,95,2,912,181,348,0.52,90,223,0.404,61,74,0.824,39,126,165,51,22,64,41,103,513,-0.079,0,0,101,43,1848,307,522,0.588,64,166,0.386,243,356,0.683,0.649,93,137,0.679,125,334,459,60,33,166,86,201,771,0.109,0.094,0.034,0.297,COL
373,1628963,2024,Marvin Bagley III,marvin-bagleyiii,35,F,235,3/14/1999,26,6,Duke,82,289,129,6468,1402,2705,0.518,125,431,0.29,550,797,0.69,664,1225,1889,253,130,181,331,536,3479,0.02,-0.028,0.004,33,32,1118,270,440,0.614,23,58,0.397,247,382,0.647,0.64,131,209,0.627,132,234,366,50,27,29,75,60,694,0,0,0,0,COL
374,1641713,2024,GG Jackson,gregory-jackson-ii,45,F,210,12/17/2004,20,1,South Carolina,81,77,21,1691,315,762,0.413,134,381,0.352,144,193,0.746,80,208,288,88,40,29,96,94,908,-0.015,-0.005,-0.006,32,29,1021,177,461,0.384,55,170,0.324,122,291,0.419,0.444,84,124,0.677,49,141,190,27,24,26,86,48,493,0,0,0,0,COL
375,1629723,2024,John Konchar,john-konchar,46,G,210,3/22/1996,29,5,Purdue Fort Wayne,77,307,57,5273,495,1056,0.469,199,551,0.361,109,150,0.727,313,909,1222,430,240,124,153,357,1298,-0.18,-0.016,-0.112,133,130,4675,759,1364,0.556,193,464,0.416,566,900,0.629,0.627,354,508,0.697,309,840,1149,553,272,78,247,272,2065,0.155,0.136,0.119,0.075,COL
376,1630175,2024,Cole Anthony,cole-anthony,50,G,185,5/15/2000,25,4,North Carolina,74,320,125,7935,1415,3380,0.419,435,1262,0.345,750,885,0.847,227,1145,1372,1223,222,135,596,753,4015,0.022,0.008,0.015,22,20,768,131,345,0.38,49,141,0.348,82,204,0.402,0.451,96,128,0.75,10,115,125,88,29,6,77,64,407,0,0,0,0,COL
377,1641731,2024,Bilal Coulibaly,bilal-coulibaly,0,G,195,7/26/2004,20,1,Metropolitans 92,80,122,74,3662,451,1056,0.427,127,409,0.311,230,316,0.728,147,403,550,309,135,89,212,276,1259,-0.008,-0.035,0.026,79,49,1979.5,325,653,0.498,58,205,0.283,,,,,174,250,0.696,102,238,340,124,116,51,132,150,882,0.073,0.127,,0.03,INT
378,1641774,2024,Tristan Vukcevic,tristan-vukcevic,0,F,220,3/11/2003,22,1,Real Madrid,84,45,5,665,149,309,0.482,48,138,0.348,69,89,0.775,32,134,166,52,16,30,52,85,415,0.049,0.07,0.002,129,32,1397.8,222,430,0.516,81,209,0.388,,,,,120,162,0.741,65,220,285,71,44,40,83,214,645,0.151,0.092,,0.325,INT
379,1641732,2024,Colby Jones,colby-jones,1,G,207,5/28/2002,23,1,Xavier,78,69,0,706,87,200,0.435,18,71,0.254,29,46,0.63,38,89,127,64,33,18,33,66,221,0.05,0.182,0,86,82,2811,389,787,0.494,75,218,0.344,314,569,0.552,0.542,209,308,0.679,152,382,534,313,120,43,179,190,1062,0.045,0.086,0.037,0.104,COL
380,1630551,2024,Justin Champagnie,justin-champagnie,9,G-F,206,6/29/2001,24,3,Pittsburgh,78,118,32,1890,278,571,0.487,98,271,0.362,71,97,0.732,171,313,484,94,84,52,72,158,725,0.028,0.008,0,53,46,1772,287,644,0.446,56,200,0.28,231,444,0.52,0.489,149,200,0.745,140,313,453,53,60,53,63,109,779,0.056,0.049,0.03,0.066,COL
381,1629673,2024,Jordan Poole,jordan-poole,13,G,194,6/19/1999,26,5,Michigan,76,412,249,11349,2343,5555,0.422,1015,2944,0.345,1241,1412,0.879,153,957,1110,1552,356,115,956,1045,6942,0.089,0.066,0.081,75,37,1700,236,544,0.434,115,311,0.37,121,233,0.519,0.54,118,142,0.831,11,152,163,102,60,14,82,114,705,0.007,0.001,0.004,0.006,COL
382,1630180,2024,Saddiq Bey,saddiq-bey,14,G-F,215,4/9/1999,26,4,Villanova,79,292,223,8803,1372,3360,0.408,650,1846,0.352,709,842,0.842,415,1117,1532,538,246,54,281,449,4103,0.007,-0.026,0.002,67,60,2115,284,605,0.469,128,306,0.418,156,299,0.522,0.575,99,136,0.728,114,216,330,120,55,24,74,155,795,0.019,0.077,0.061,0.125,COL
383,1627763,2024,Malcolm Brogdon,malcolm-brogdon,15,G,229,12/11/1992,32,8,Virginia,76,463,296,13480,2601,5621,0.463,752,1940,0.388,1123,1285,0.874,363,1554,1917,2156,370,108,789,846,7077,0.006,-0.016,0.009,136,109,4157,601,1399,0.43,185,507,0.365,416,892,0.466,0.496,422,482,0.876,82,481,563,335,117,31,207,250,1809,0.061,0.067,0.064,0.097,COL
384,1630264,2024,Anthony Gill,anthony-gill,16,F,230,10/17/1992,32,4,Virginia,80,230,15,2170,281,549,0.512,45,151,0.298,166,221,0.751,141,254,395,122,44,40,74,233,773,0.012,0.006,-0.062,139,99,3412,528,949,0.556,13,31,0.419,515,918,0.561,0.563,389,572,0.68,291,450,741,108,81,67,172,315,1458,0.134,0,0.124,0.119,COL
385,1630550,2024,JT Thor,jt-thor,21,F,203,8/26/2002,22,3,Auburn,81,185,11,2260,224,535,0.419,80,252,0.317,71,109,0.651,110,279,389,90,49,70,78,169,599,-0.021,0.058,0.051,27,27,622,84,191,0.44,22,74,0.297,62,117,0.53,0.497,63,85,0.741,44,92,136,23,22,37,42,55,253,0,0,0,0,COL
386,1626158,2024,Richaun Holmes,richaun-holmes,22,F,235,10/15/1993,31,9,Bowling Green,81,489,178,9357,1715,2834,0.605,49,182,0.269,685,912,0.751,854,1752,2606,479,243,449,406,1202,4164,0.089,0.075,0.06,95,63,2518,403,728,0.554,30,85,0.353,373,643,0.58,0.574,253,363,0.697,250,402,652,62,75,244,143,233,1089,0.126,0.119,0.103,0.092,COL
387,1630557,2024,Corey Kispert,corey-kispert,24,F,224,3/3/1999,26,3,Gonzaga,78,292,103,7563,1166,2458,0.474,579,1514,0.382,318,395,0.805,152,670,822,431,134,61,267,429,3229,0.019,0.032,-0.066,137,108,3755,555,1149,0.483,270,662,0.408,285,487,0.585,0.601,206,250,0.824,131,421,552,192,92,49,142,222,1586,0.092,0.089,0.113,0.211,COL
388,203114,2024,Khris Middleton,khris-middleton,32,F,222,8/12/1991,33,12,Texas A&M,79,776,671,23824,4688,10187,0.46,1409,3644,0.387,2116,2409,0.878,482,3218,3700,3066,903,151,1616,1950,12901,0.021,0.075,0.034,87,72,2263,340,789,0.431,92,287,0.321,248,502,0.494,0.489,209,272,0.768,131,265,396,175,87,17,173,187,981,0.035,0.101,0.038,0.034,COL
389,203935,2024,Marcus Smart,marcus-smart,36,G,220,3/6/1994,31,10,Oklahoma State,75,635,387,18726,2268,5843,0.388,1002,3094,0.324,1197,1543,0.776,505,1677,2182,2895,994,228,1198,1611,6735,0.021,-0.01,0.129,64,63,2120,314,760,0.413,87,295,0.295,227,465,0.488,0.47,349,465,0.751,94,281,375,287,188,40,193,183,1064,0.018,0.009,0.049,0.049,COL
390,1631105,2024,Jalen Duren,jalen-duren,0,C,250,11/18/2003,21,2,Memphis,82,206,169,5481,985,1508,0.653,0,6,0,401,580,0.691,698,1413,2111,431,131,195,357,625,2371,0.005,0,0.08,29,29,733,141,236,0.597,0,1,0,141,235,0.6,0.597,65,104,0.625,86,150,236,37,24,61,65,79,347,0,0,0,0,COL
391,1630595,2024,Cade Cunningham,cade-cunningham,2,G,220,9/25/2001,23,3,Oklahoma State,78,208,208,7014,1730,3879,0.446,399,1177,0.339,729,855,0.853,159,962,1121,1530,215,125,794,582,4588,0.03,0.025,0.008,27,26,956,175,400,0.438,62,155,0.4,113,245,0.461,0.515,132,156,0.846,19,148,167,94,43,21,109,67,544,0,0,0,0,COL
392,1627736,2024,Malik Beasley,malik-beasley,5,G,187,11/26/1996,28,8,Florida State,76,578,209,13738,2429,5702,0.426,1453,3715,0.391,427,555,0.769,249,1363,1612,789,387,67,474,779,6738,-0.03,0.065,0.107,34,33,1014,185,393,0.471,55,142,0.387,130,251,0.518,0.541,104,128,0.813,44,136,180,51,32,6,59,75,529,0,0,0,0,COL
393,1630194,2024,Paul Reed,paul-reed,7,F,210,6/14/1999,26,4,DePaul,81,260,28,3262,551,1005,0.548,32,105,0.305,141,200,0.705,419,607,1026,208,195,187,160,482,1275,0.01,-0.027,-0.009,93,58,2161,401,749,0.535,34,103,0.33,367,646,0.568,0.558,147,199,0.739,220,481,701,91,109,142,145,227,983,0.046,0.097,0.032,0.032,COL
394,203501,2024,Tim Hardaway Jr.,tim-hardaway-jr,8,G-F,205,3/16/1992,33,11,Michigan,77,813,422,22263,3860,9258,0.417,1844,5109,0.361,1587,1947,0.815,257,2081,2338,1486,495,108,799,1310,11151,-0.013,-0.004,-0.01,107,107,3560,527,1239,0.425,202,589,0.343,325,650,0.5,0.507,276,381,0.724,62,378,440,225,76,33,182,212,1532,0.019,0.091,0.052,0.071,COL
395,202699,2024,Tobias Harris,tobias-harris,12,F,226,7/15/1992,32,13,Tennessee,80,970,850,30727,5976,12493,0.478,1309,3573,0.366,2343,2802,0.836,970,4999,5969,2293,769,539,1344,1926,15604,0.009,0.109,0.02,34,33,993,185,402,0.46,23,76,0.303,162,326,0.497,0.489,128,170,0.753,67,180,247,44,24,29,62,70,521,0,0,0,0,COL
396,1631199,2024,Ron Harper Jr.,ron-harperjr,13,G-F,233,4/12/2000,25,2,Rutgers,76,11,0,68,9,24,0.375,3,15,0.2,3,3,1,7,7,14,7,0,1,0,5,24,0,0,0,121,109,3523,542,1234,0.439,181,533,0.34,361,701,0.515,0.513,260,351,0.741,120,502,622,170,94,78,143,251,1525,0.039,0.12,0.075,0.116,COL
397,203471,2024,Dennis Schröder,dennis-schroder,17,G,175,9/15/1993,31,11,Braunschweig,73,843,424,23024,4296,9951,0.432,1060,3100,0.342,2086,2495,0.836,353,2081,2434,4097,694,121,1886,1752,11738,0.047,0.107,0.163,61,14,1041.6,153,370,0.414,44,122,0.361,,,,,102,130,0.785,22,75,97,121,39,3,107,91,452,0.047,0,,0.211,INT
398,1631323,2024,Simone Fontecchio,simone-fontecchio,19,F,209,12/9/1995,29,2,Baskonia,79,193,49,3646,517,1233,0.419,273,752,0.363,159,194,0.82,147,400,547,208,90,43,161,267,1466,0.063,0.045,0.024,379,215,7712.1,1140,2554,0.446,440,1161,0.379,,,,,395,481,0.821,266,770,1036,459,265,89,497,714,3119,0.124,0.243,,0.207,INT
399,1631093,2024,Jaden Ivey,jaden-ivey,23,G,195,2/13/2002,23,2,Purdue,76,181,164,5419,1016,2369,0.429,307,873,0.352,578,775,0.746,199,477,676,802,146,69,516,513,2917,0.013,0.009,-0.001,59,46,1689,292,664,0.44,89,276,0.322,203,388,0.523,0.507,207,280,0.739,43,209,252,153,50,36,125,102,880,0.061,0.1,0.023,0.018,COL
400,1631204,2024,Marcus Sasser,marcus-sasser,25,G,195,9/21/2000,24,1,Houston,74,128,12,2161,356,808,0.441,148,392,0.378,101,117,0.863,29,165,194,369,81,16,144,175,961,0.013,0.003,-0.016,107,93,3130,474,1168,0.406,276,748,0.369,198,420,0.471,0.524,234,284,0.824,37,247,284,259,143,11,146,175,1458,0.075,0.102,0.118,0.108,COL
401,1630191,2024,Isaiah Stewart,isaiah-stewart,28,F-C,250,5/22/2001,24,4,Washington,80,307,181,7541,1033,2037,0.507,187,542,0.345,378,516,0.733,704,1473,2177,407,126,337,354,810,2631,-0.046,0.012,0.037,32,32,1031,192,337,0.57,5,20,0.25,187,317,0.59,0.577,154,199,0.774,88,193,281,27,17,66,71,84,543,0,0,0,0,COL
402,1630322,2024,Lindy Waters III,lindy-waters,43,F,210,7/28/1997,27,3,Oklahoma State,78,156,10,2054,282,706,0.399,212,579,0.366,30,38,0.789,49,249,298,128,65,37,48,158,806,-0.014,-0.002,0,121,105,3377,387,907,0.427,177,454,0.39,210,453,0.464,0.524,201,246,0.817,89,346,435,254,122,23,165,270,1152,0.114,0.131,0.116,0.164,COL
403,1628970,2024,Miles Bridges,miles-bridges,0,F,225,3/21/1998,27,5,Michigan State,79,424,319,13070,2493,5399,0.462,732,2155,0.34,924,1119,0.826,469,2158,2627,1135,322,294,675,790,6642,-0.002,0.015,0.073,62,60,1962,386,821,0.47,127,339,0.375,259,482,0.537,0.548,156,201,0.776,84,385,469,150,40,69,133,105,1055,0.029,0.025,0.023,0.168,COL
404,1629684,2024,Grant Williams,grant-williams,2,F,236,11/30/1998,26,5,Tennessee,78,380,108,8709,946,2094,0.452,446,1184,0.377,386,499,0.774,362,1031,1393,552,203,200,387,974,2724,0.041,0.126,0.048,104,101,3003,549,1064,0.516,30,103,0.291,519,961,0.54,0.53,501,661,0.758,257,421,678,219,89,160,219,331,1629,0.091,0.255,0.096,0.152,COL
405,1629610,2024,DaQuan Jeffries,daquan-jeffries,3,G-F,222,8/30/1997,27,5,Tulsa,77,111,25,1760,195,470,0.415,82,260,0.315,36,46,0.783,59,172,231,88,45,37,54,169,508,-0.083,-0.002,0,85,47,2009,302,570,0.53,80,212,0.377,222,358,0.62,0.6,157,204,0.77,125,298,423,100,64,92,107,236,841,0.072,0.027,0.017,0.037,COL
406,1631109,2024,Mark Williams,mark-williams,5,C,240,12/16/2001,23,2,Duke,84,106,77,2507,528,849,0.622,0,4,0,244,324,0.753,301,634,935,149,76,119,128,249,1300,-0.015,0,0.062,19,18,677,101,275,0.367,35,117,0.299,66,158,0.418,0.431,78,113,0.69,28,41,69,30,29,0,51,48,315,0,0,0,0,COL
407,1641733,2024,Nick Smith Jr.,nick-smith-jr,8,G,185,4/18/2004,21,1,Arkansas,74,111,27,2097,335,857,0.391,167,452,0.369,56,61,0.918,31,169,200,204,27,13,121,134,893,0,-0.063,0,17,14,438,76,202,0.376,24,71,0.338,52,131,0.397,0.436,37,50,0.74,4,24,28,29,14,2,27,26,213,0,0,0,0,COL
408,1631111,2024,Wendell Moore Jr.,wendell-moorejr,9,G,215,9/18/2001,23,2,Duke,77,90,3,726,86,187,0.46,16,64,0.25,22,27,0.815,34,91,125,66,33,11,39,49,210,0.042,-0.017,0,88,68,2586,338,736,0.459,78,218,0.358,260,518,0.502,0.512,188,231,0.814,117,310,427,284,106,18,185,172,942,0.084,0.112,0.1,0.043,COL
409,1630182,2024,Josh Green,josh-green,10,G,200,11/16/2000,24,4,Arizona,77,291,129,6415,736,1526,0.482,269,707,0.38,200,291,0.687,231,546,777,448,224,46,263,578,1941,0.03,0.22,0.122,30,30,926,122,288,0.424,30,83,0.361,92,205,0.449,0.476,85,109,0.78,39,98,137,78,46,13,49,73,359,0,0,0,0,COL
410,203994,2024,Jusuf Nurkić,jusuf-nurkic,11,C,290,8/23/1994,30,10,Cedevita,84,590,490,14347,2739,5462,0.501,129,452,0.285,1384,2076,0.667,1475,3744,5219,1468,536,647,1261,1856,6991,0.055,0.195,0.022,103,9,1467,318,598,0.532,10,30,0.333,,,,,292,430,0.679,170,283,453,62,77,94,150,273,940,0.099,0,,0.135,INT
411,1629006,2024,Josh Okogie,josh-okogie,12,G,213,9/1/1998,26,6,Georgia Tech,76,416,167,7952,852,2096,0.406,271,907,0.299,666,891,0.747,448,782,1230,480,388,175,346,710,2641,0.024,0.024,0.019,61,61,2014,327,748,0.437,66,173,0.382,261,575,0.454,0.481,313,403,0.777,109,242,351,120,90,50,138,164,1033,0.037,0.004,0.036,0.074,COL
412,1631217,2024,Moussa Diabaté,moussa-diabate,14,F,210,1/21/2002,23,2,Michigan,81,104,9,1500,201,346,0.581,1,8,0.125,88,146,0.603,233,279,512,64,58,49,72,128,491,0.073,0,0,32,26,796,117,216,0.542,3,14,0.214,114,202,0.564,0.549,52,84,0.619,76,115,191,26,11,28,47,86,289,0,0,0,0,COL
413,1630544,2024,Tre Mann,tre-mann,23,G,178,2/3/2001,24,3,Florida,75,181,59,3856,643,1566,0.411,250,715,0.35,171,217,0.788,84,429,513,415,145,30,223,273,1707,0.026,-0.008,-0.011,53,28,1293,190,450,0.422,67,192,0.349,123,258,0.477,0.497,93,118,0.788,24,166,190,103,50,5,100,110,540,0.103,0.127,0.056,0.176,COL
414,1641706,2024,Brandon Miller,brandon-miller,24,F,200,11/22/2002,22,1,Alabama,79,101,95,3306,674,1574,0.428,288,786,0.366,211,252,0.837,85,361,446,273,95,62,208,258,1847,-0.012,-0.007,0.01,37,37,1208,222,516,0.43,106,276,0.384,116,240,0.483,0.533,146,170,0.859,76,229,305,77,33,32,81,87,696,0,0,0,0,COL
415,203552,2024,Seth Curry,seth-curry,30,G,185,8/23/1990,34,10,Duke,73,550,224,12377,2007,4259,0.471,945,2183,0.433,517,599,0.863,174,950,1124,1035,359,73,529,817,5476,0.016,-0.022,0.031,141,120,4357,682,1582,0.431,325,825,0.394,357,757,0.472,0.534,412,498,0.827,84,314,398,290,173,27,225,249,2101,0.048,0.091,0.091,0.085,COL
416,201959,2024,Taj Gibson,taj-gibson,67,F,232,6/24/1985,40,15,Southern California,81,1002,461,23070,3478,6728,0.517,55,207,0.266,1386,1947,0.712,2133,3594,5727,946,530,964,1045,2425,8397,0.022,0.113,0.066,105,104,3435,502,866,0.58,0,0,,502,866,0.58,0.58,303,482,0.629,304,592,896,142,77,253,260,328,1307,0.043,0,0.043,0.065,COL
417,1630235,2023,Trent Forrest,trent-forrest,2,G,210,6/12/1998,26,3,Florida State,76,151,9,1758,167,376,0.444,12,65,0.185,72,87,0.828,50,181,231,281,57,15,104,107,418,-0.007,-0.003,0,137,69,3474,390,844,0.462,27,109,0.248,363,735,0.494,0.478,336,449,0.748,138,424,562,455,224,44,260,205,1143,0.053,0.048,0.048,0.146,COL
418,1631100,2023,AJ Griffin,aj-griffin,14,F,220,8/25/2003,20,1,Duke,78,92,12,1572,266,595,0.447,111,298,0.372,44,49,0.898,39,132,171,78,43,14,50,93,687,-0.018,-0.018,0,39,25,935,146,296,0.493,71,159,0.447,75,137,0.547,0.613,42,53,0.792,30,123,153,38,20,22,25,42,405,0,0,0,0,COL
419,1629685,2023,Dylan Windler,dylan-windler,20,G-F,196,9/22/1996,27,3,Belmont,79,101,0,1090,111,261,0.425,61,176,0.347,36,45,0.8,44,168,212,78,36,15,51,90,319,-0.016,0.007,0,128,97,3759,593,1096,0.541,217,534,0.406,376,562,0.669,0.64,284,373,0.761,209,790,999,251,128,98,210,306,1687,0.064,0.19,0.058,0.18,COL
420,1628981,2023,Bruno Fernando,bruno-fernando,24,F-C,240,8/15/1998,25,4,Maryland,81,220,21,2325,351,646,0.543,6,49,0.122,164,251,0.653,235,477,712,161,58,102,160,362,872,0.031,0,0.086,64,53,1692,291,489,0.595,4,13,0.308,287,476,0.603,0.599,184,241,0.763,145,413,558,89,33,101,148,179,770,0.029,0,0.036,0.039,COL
421,202083,2023,Wesley Matthews,wesley-matthews,32,G,220,10/14/1986,37,14,Marquette,77,986,757,28579,3822,9123,0.419,1845,4914,0.375,1721,2090,0.823,498,2259,2757,1843,925,204,1071,1999,11210,-0.065,-0.006,-0.006,127,118,3835,512,1152,0.444,100,293,0.341,412,859,0.48,0.488,549,687,0.799,202,426,628,271,155,38,275,287,1673,0.076,0.15,0.128,0.059,COL
422,1629052,2023,Oshae Brissett,oshae-brissett,12,F-G,210,6/20/1998,26,4,Syracuse,79,233,46,4073,504,1204,0.419,188,558,0.337,334,481,0.694,276,623,899,189,123,74,133,313,1530,0.058,-0.082,-0.073,71,71,2532,309,832,0.371,85,277,0.307,224,555,0.404,0.422,273,371,0.736,157,425,582,95,76,56,138,154,976,0.039,0.061,0.079,0.127,COL
423,1630600,2023,Isaiah Mobley,isaiah-mobley,15,F,238,9/24/1999,24,1,Southern California,80,23,0,173,24,59,0.407,7,21,0.333,5,7,0.714,8,26,34,14,7,4,3,17,60,-0.006,0,0,95,72,2617,353,768,0.46,68,189,0.36,285,579,0.492,0.504,186,312,0.596,202,462,664,188,58,79,146,210,960,0.029,0.15,0.037,0.161,COL
424,202694,2023,Marcus Morris Sr.,marcus-morris,24,F,218,9/2/1989,34,12,Kansas,80,832,509,22093,3648,8393,0.435,1300,3447,0.377,1369,1768,0.774,701,2989,3690,1235,545,238,942,1758,9965,0.138,0,0.116,109,90,2611,508,916,0.555,44,123,0.358,464,793,0.585,0.579,311,471,0.66,261,415,676,137,102,48,172,279,1371,0.075,0.033,0.117,0.084,COL
425,1627745,2023,Damian Jones,damian-jones,30,C,245,6/30/1995,29,7,Vanderbilt,82,279,75,3779,536,817,0.656,26,74,0.351,268,375,0.715,292,577,869,193,92,182,175,530,1366,0.157,0,0.079,99,95,2684,508,897,0.566,1,8,0.125,507,889,0.57,0.567,296,524,0.565,207,423,630,71,37,167,197,301,1313,0.047,0,0.052,0.063,COL
426,1631220,2023,Dereon Seabron,dereon-seabron,0,G,180,5/26/2000,24,1,NC State,77,11,0,66,6,18,0.333,1,2,0.5,5,6,0.833,2,6,8,5,2,1,0,5,18,0,0,0,56,40,1554,250,510,0.49,16,63,0.254,234,447,0.523,0.506,163,235,0.694,112,232,344,121,60,11,107,76,679,0.006,0,0.023,0.137,COL
427,1630792,2023,Malcolm Hill,malcolm-hill,33,F,220,10/26/1995,28,2,Illinois,78,24,0,221,26,56,0.464,14,39,0.359,11,14,0.786,11,27,38,8,7,3,3,25,77,0.016,0.02,0,137,112,3864,583,1347,0.433,159,453,0.351,424,894,0.474,0.492,521,655,0.795,160,487,647,281,122,39,220,264,1846,0.06,0.075,0.084,0.051,COL
428,1630346,2023,Matt Ryan,matt-ryan,37,F,215,4/17/1997,27,2,Chattanooga,78,82,1,773,100,257,0.389,80,199,0.402,25,28,0.893,10,64,74,37,14,2,29,60,305,0.08,0.034,0,134,62,2539,345,854,0.404,229,631,0.363,116,223,0.52,0.538,139,165,0.842,43,290,333,121,39,11,110,217,1058,0.087,0.106,0.095,0.129,COL
429,203469,2023,Cody Zeller,cody-zeller,40,F-C,240,10/5/1992,31,10,Indiana,83,552,275,11509,1649,3172,0.52,33,150,0.22,1045,1438,0.727,1067,2058,3125,740,332,330,552,1359,4376,0.094,-0.049,-0.003,72,72,2087,399,674,0.592,0,2,0,399,672,0.594,0.592,359,475,0.756,188,337,525,92,86,87,141,177,1157,0.059,0,0.056,0.002,COL
430,1630535,2023,Greg Brown III,greg-brown,36,F,206,9/1/2001,22,2,Texas,79,70,6,772,97,229,0.424,21,71,0.296,53,86,0.616,43,120,163,42,30,33,46,108,268,-0.004,0,0,26,24,20.6,3.1,7.4,0.42,1.2,3.5,0.33,2,3.9,0.5,0.497,2,2.8,0.708,1.2,5,6.2,0.4,0.6,1,2.3,3,9.3,0,0,0,0,COL
431,202704,2023,Reggie Jackson,reggie-jackson,7,G,208,4/16/1990,34,12,Boston College,74,884,530,21858,4063,9603,0.423,1171,3395,0.345,1548,1813,0.854,433,2030,2463,3606,593,110,1563,1677,10845,0.102,0.133,-0.009,99,52,2775,455,979,0.465,121,345,0.351,334,634,0.527,0.527,223,296,0.753,135,298,433,350,83,46,203,172,1254,0.073,0.147,0.058,0.111,COL
432,203200,2023,Justin Holiday,justin-holiday,9,F-G,180,4/5/1989,35,10,Washington,78,680,296,15716,1910,4779,0.4,1080,2962,0.365,544,666,0.817,235,1591,1826,968,614,283,544,1092,5444,0.063,0.041,0.007,123,56,2414,252,569,0.443,58,169,0.343,194,400,0.485,0.494,92,125,0.736,160,288,448,188,94,62,128,199,654,0.043,0.026,0.109,0.028,COL
433,1630586,2023,Usman Garuba,usman-garuba,12,F,229,3/9/2002,22,2,Real Madrid,80,105,3,1227,106,227,0.467,29,80,0.362,35,56,0.625,144,253,397,82,55,43,55,165,276,0.043,0.117,0,140,71,2383.3,306,573,0.534,52,170,0.306,,,,,126,197,0.64,215,457,672,123,99,95,157,254,790,0.233,0,,0.199,INT
434,1629010,2023,Jerome Robinson,jerome-robinson,18,G,190,2/22/1997,27,3,Boston College,77,135,12,1685,198,548,0.361,80,269,0.297,69,97,0.711,21,193,214,136,52,29,83,194,545,-0.035,-0.002,-0.024,90,90,3118,562,1249,0.45,159,423,0.376,403,826,0.488,0.514,308,408,0.755,46,297,343,294,117,24,259,226,1591,0.062,0.076,0.086,0.187,COL
435,1630207,2023,Nate Hinton,nate-hinton,14,G-F,210,6/8/1999,25,2,Houston,77,38,0,170,26,69,0.377,11,33,0.333,11,15,0.733,8,23,31,18,10,4,9,19,74,0.025,0,0,68,32,1650,197,479,0.411,74,202,0.366,123,277,0.444,0.489,128,160,0.8,124,308,432,106,81,8,72,125,596,0.003,0.05,0.029,0.101,COL
436,203493,2023,Reggie Bullock Jr.,reggie-bullock,25,G-F,205,3/16/1991,33,10,North Carolina,78,556,294,12557,1441,3395,0.424,879,2284,0.385,278,336,0.827,188,1263,1451,647,318,81,301,783,4039,0.068,0.083,0.041,100,53,2457,358,815,0.439,188,486,0.387,170,329,0.517,0.555,85,118,0.72,156,339,495,169,87,21,94,121,989,0.116,0.14,0.08,0,COL
437,1626246,2023,Boban Marjanovic,boban-marjanovic,51,C,290,8/15/1988,35,8,Crvena zvezda,88,331,25,2882,700,1211,0.578,10,42,0.238,425,558,0.762,402,787,1189,154,60,96,210,344,1835,-0.023,0,0.003,246,198,4838.2,1064,1678,0.634,2,14,0.143,,,,,649,837,0.775,548,1266,1814,227,114,244,354,433,2779,0.182,0,,0.259,INT
438,1628464,2023,Daniel Theis,daniel-theis,10,F-C,245,4/4/1992,32,6,Brose Bamberg,80,411,160,7732,1154,2148,0.537,195,599,0.326,401,552,0.726,605,1334,1939,514,190,339,325,1019,2904,-0.005,0.018,-0.031,332,69,6159.9,1022,1948,0.525,160,484,0.331,,,,,638,828,0.771,468,1185,1653,281,182,339,376,944,2839,0.142,0.158,,0.153,INT
439,1629875,2023,Xavier Moon,xavier-moon,22,G,165,1/2/1995,29,2,Morehead State,72,28,1,276,43,106,0.406,8,34,0.235,4,7,0.571,10,25,35,50,10,6,12,19,98,-0.078,0,0,67,51,1948,299,662,0.452,118,287,0.411,181,375,0.483,0.541,141,170,0.829,29,172,201,207,70,13,95,145,857,0.041,0.002,0.064,0.135,COL
440,1630219,2023,Skylar Mays,skylar-mays,4,G,205,9/5/1997,26,3,Louisiana State,75,105,16,1111,173,389,0.445,50,145,0.345,55,64,0.859,27,95,122,182,48,7,49,61,451,-0.018,-0.02,0,130,121,3963,520,1168,0.445,173,501,0.345,347,667,0.52,0.519,404,478,0.845,62,409,471,382,213,25,238,221,1617,0.08,0.081,0.099,0.048,COL
441,1629629,2023,Cam Reddish,cam-reddish,5,F-G,217,9/1/1999,24,4,Duke,79,254,116,5876,742,1865,0.398,277,861,0.322,390,475,0.821,144,534,678,297,261,90,277,439,2151,0.021,-0.006,0.036,36,35,1069,154,432,0.356,89,267,0.333,65,165,0.394,0.459,88,114,0.772,20,113,133,70,56,21,96,86,485,0,0,0,0,COL
442,1628385,2023,Harry Giles III,harry-giles,20,F-C,240,4/22/1998,26,3,Duke,82,165,17,1934,379,746,0.508,11,45,0.244,119,180,0.661,152,421,573,180,63,56,143,338,888,0.005,0,0.034,26,6,300,45,78,0.577,0,0,,45,78,0.577,0.577,12,24,0.5,41,59,100,9,9,17,18,58,102,0,0,0,0,COL
443,1626174,2023,Christian Wood,christian-wood,35,F,214,9/27/1995,28,7,UNLV,80,339,140,7856,1671,3252,0.514,415,1117,0.372,860,1239,0.694,460,1906,2366,469,183,295,487,637,4617,0.099,0.086,0.077,63,34,1468,235,493,0.477,36,138,0.261,199,355,0.561,0.513,148,198,0.747,120,306,426,53,21,119,95,132,654,0.087,0.064,0.011,0.064,COL
444,1626196,2023,Josh Richardson,josh-richardson,0,G,200,9/15/1993,30,8,Tennessee,77,554,322,15814,2327,5433,0.428,873,2405,0.363,854,1009,0.846,378,1307,1685,1463,566,297,732,1230,6381,-0.023,-0.093,0.183,136,110,3842,458,1005,0.456,98,308,0.318,360,697,0.516,0.504,238,314,0.758,116,323,439,246,147,88,209,301,1252,0.121,0.145,0.122,0.158,COL
445,1631214,2023,Alondes Williams,alondes-williams,15,G,210,6/19/1999,25,1,Wake Forest,76,9,0,24,4,10,0.4,1,5,0.2,1,1,1,0,2,2,1,0,1,4,3,10,0,0,0,90,59,2154,378,774,0.488,61,226,0.27,317,548,0.578,0.528,179,256,0.699,79,272,351,231,70,22,185,169,996,0.069,0.001,0.074,0.203,COL
446,1631306,2023,Cole Swider,cole-swider,21,F,220,5/8/1999,25,1,Syracuse,80,35,0,297,40,110,0.364,28,85,0.329,2,3,0.667,7,34,41,12,5,3,12,19,110,-0.024,0.003,0,110,50,2387,305,706,0.432,167,438,0.381,138,268,0.515,0.55,85,107,0.794,87,322,409,102,54,25,88,187,862,0.067,0.128,0.145,0,COL
447,1631115,2023,Orlando Robinson,orlando-robinson,25,C,235,7/10/2000,23,1,Fresno State,82,111,16,1498,199,422,0.472,25,73,0.342,95,126,0.754,165,265,430,136,36,36,83,188,518,-0.066,-0.007,0.057,90,90,2779,495,1041,0.476,65,202,0.322,430,839,0.513,0.507,360,504,0.714,224,495,719,200,83,91,220,208,1415,0.049,0.102,0.087,0.016,COL
448,201568,2023,Danilo Gallinari,danilo-gallinari,12,F,236,8/8/1988,35,13,Olimpia Milano,82,777,563,22408,3537,8266,0.428,1456,3825,0.381,3077,3511,0.876,521,3097,3618,1469,551,268,908,1355,11607,-0.021,-0.066,-0.089,90,88,2741.6,376,842,0.447,118,333,0.354,,,,,417,502,0.831,126,304,430,111,163,33,131,239,1287,0.035,0.085,,0.013,INT
449,201976,2023,Patrick Beverley,patrick-beverley,21,G,180,7/12/1988,35,11,Arkansas,74,666,518,17688,1929,4671,0.413,973,2623,0.371,689,906,0.76,685,2044,2729,2245,708,343,792,1947,5520,-0.006,-0.009,-0.063,70,67,2386,286,681,0.42,138,361,0.382,148,320,0.463,0.521,197,270,0.73,81,306,387,194,105,30,139,162,907,0.015,0.008,0.026,0.168,COL
450,203648,2023,Thanasis Antetokounmpo,thanasis-antetokounmpo,43,F,219,7/18/1992,31,5,Panathinaikos,79,198,11,1520,200,393,0.509,9,63,0.143,72,136,0.529,128,179,307,115,55,31,107,208,481,0.006,0,0.046,156,59,2219,356,688,0.517,48,182,0.264,,,,,149,275,0.542,153,290,443,84,83,93,126,360,909,0.098,0.081,,0.109,INT
451,203933,2023,T.J. Warren,tj-warren,24,F,220,9/5/1993,30,8,NC State,80,385,236,10365,2274,4502,0.505,271,772,0.351,678,869,0.78,480,1035,1515,446,353,181,365,867,5497,-0.024,0.118,0.08,70,49,2182,528,951,0.555,45,143,0.315,483,808,0.598,0.579,195,298,0.654,187,209,396,68,105,36,117,174,1296,0.097,0.252,0.052,0.148,COL
452,1628372,2023,Dennis Smith Jr.,dennis-smithjr,4,G,205,11/25/1997,26,6,NC State,75,326,152,7602,1224,3009,0.407,270,906,0.298,442,656,0.674,212,755,967,1381,377,109,633,678,3160,0.016,-0.008,-0.027,32,32,1114,191,420,0.455,55,153,0.359,136,267,0.509,0.52,143,200,0.715,26,120,146,197,62,14,108,67,580,0,0,0,0,COL
453,1628966,2023,Keita Bates-Diop,keita-bates-diop,13,F,229,1/23/1996,28,5,Ohio State,80,283,67,4566,634,1337,0.474,146,438,0.333,283,377,0.751,208,640,848,241,146,99,154,242,1697,0.041,0.082,0.1,109,70,2702,469,993,0.472,123,349,0.352,346,644,0.537,0.534,211,272,0.776,124,497,621,121,68,128,134,155,1272,0.047,0.138,0.095,0.115,COL
454,1631367,2023,Jacob Gilyard,jacob-gilyard,14,G,160,7/14/1998,25,1,Richmond,68,42,14,739,61,153,0.399,52,129,0.403,2,2,1,9,41,50,144,36,5,32,42,176,-0.009,-0.01,0,154,154,5747,685,1560,0.439,332,917,0.362,353,643,0.549,0.546,337,411,0.82,71,380,451,782,466,14,283,248,2039,0.077,0.048,0.139,0.089,COL
455,1630613,2023,Duane Washington Jr.,duane-washingtonjr,1,G,197,3/24/2000,24,2,Ohio State,74,79,10,1361,267,683,0.391,121,326,0.371,62,85,0.729,6,113,119,148,32,7,91,89,717,-0.014,-0.006,-0.025,94,48,2295,370,931,0.397,185,512,0.361,185,419,0.442,0.497,148,185,0.8,20,249,269,167,34,3,141,127,1073,0.04,0.087,0.044,0.188,COL
456,1629718,2023,Charlie Brown Jr.,charlie-brown,4,G,199,2/2/1997,27,3,Saint Joseph's,78,49,3,407,31,111,0.279,11,49,0.224,23,25,0.92,20,35,55,17,16,10,16,45,96,-0.026,0,0,63,61,2199,334,821,0.407,134,362,0.37,200,459,0.436,0.488,204,244,0.836,99,253,352,81,58,46,95,150,1006,0.055,0.028,0.108,0.026,COL
457,1629603,2023,Mamadi Diakite,mamadi-diakite,21,F,228,1/21/1997,27,3,Virginia,81,55,6,529,69,143,0.483,8,35,0.229,23,33,0.697,34,93,127,20,16,24,23,77,169,0.074,0,0,134,52,2795,396,756,0.524,28,83,0.337,368,673,0.547,0.542,177,246,0.72,163,391,554,41,63,156,137,289,997,0.099,0,0.078,0.235,COL
458,202711,2023,Bojan Bogdanovic,bojan-bogdanovic,44,F,226,4/18/1989,35,9,Fenerbahce,79,719,572,20889,3872,8424,0.46,1511,3831,0.394,1929,2245,0.859,381,2178,2559,1194,398,55,1205,1185,11184,0.005,0.037,0.037,185,131,4861.5,869,1807,0.481,270,740,0.365,,,,,480,598,0.803,103,342,445,314,113,53,270,297,2491,0.083,0.078,,0.067,INT
459,1630284,2023,Kevon Harris,kevon-harris,8,G,216,6/24/1997,27,1,Stephen F. Austin,77,36,0,463,49,110,0.445,16,43,0.372,31,41,0.756,28,44,72,17,17,5,22,56,145,0,0,0,127,104,3551,587,1215,0.483,188,474,0.397,399,741,0.538,0.56,471,648,0.727,215,456,671,203,133,46,312,257,1833,0.071,0.093,0.107,0.091,COL
460,1629678,2023,Admiral Schofield,admiral-schofield,25,F,241,3/30/1997,27,3,Tennessee,77,131,3,1372,154,369,0.417,75,230,0.326,43,55,0.782,50,165,215,78,21,14,49,178,426,0.037,0.011,0,132,95,3288,585,1277,0.458,184,476,0.387,401,801,0.501,0.53,216,283,0.763,168,536,704,177,88,47,188,349,1570,0.03,0.117,0.057,0.199,COL
461,1631112,2023,Kendall Brown,kendall-brown,10,G,205,5/11/2003,21,1,Baylor,79,21,0,102,12,22,0.545,0,3,0,6,10,0.6,5,6,11,8,4,0,4,18,30,0,0,0,34,34,918,132,226,0.584,14,41,0.341,118,185,0.638,0.615,51,74,0.689,59,107,166,63,34,12,58,77,329,0,0,0,0,COL
462,1628964,2023,Mo Bamba,mohamed-bamba,5,C,231,5/12/1998,26,5,Texas,84,364,101,6115,953,1998,0.477,291,818,0.356,264,387,0.682,555,1425,1980,306,132,460,287,749,2461,-0.004,0.058,0.096,30,29,906,146,270,0.541,14,51,0.275,132,219,0.603,0.567,81,119,0.681,96,220,316,15,23,111,46,76,387,0,0,0,0,COL
463,203496,2023,Robert Covington,robert-covington,33,F,209,12/14/1990,33,10,Tennessee State,79,614,466,17331,2235,5469,0.409,1263,3493,0.362,904,1114,0.811,552,2833,3385,884,938,578,861,1738,6637,0.016,-0.013,-0.01,118,111,3536,623,1309,0.476,182,431,0.422,441,878,0.502,0.545,320,399,0.802,306,570,876,145,181,150,275,354,1748,0.098,0.075,0.123,0.075,COL
464,202738,2023,Isaiah Thomas,isaiah-thomas,4,G,185,2/7/1989,35,11,Washington,69,556,362,15582,3170,7300,0.434,1044,2880,0.362,2339,2682,0.872,283,1037,1320,2641,472,61,1242,1146,9723,-0.018,-0.019,0.04,105,104,3197,554,1301,0.426,164,505,0.325,390,796,0.49,0.489,449,630,0.713,70,296,366,415,122,7,279,208,1721,0.03,0.058,0.037,0.046,COL
465,1630688,2023,Ish Wainright,ish-wainright,12,F,250,9/12/1994,29,2,Baylor,77,116,2,1336,132,355,0.372,83,252,0.329,35,45,0.778,75,132,207,69,62,29,37,174,382,-0.022,0.007,0,132,76,2458,175,419,0.418,59,178,0.331,116,241,0.481,0.488,89,135,0.659,152,274,426,259,108,29,142,263,498,0.045,0.114,0.089,0.23,COL
466,1629642,2023,Nassir Little,nassir-little,25,F-G,220,2/11/2000,24,4,North Carolina,78,237,36,3735,479,1060,0.452,172,521,0.33,183,249,0.735,162,526,688,170,73,93,123,310,1313,0.022,0.093,0.099,36,0,656,131,274,0.478,14,52,0.269,117,222,0.527,0.504,77,100,0.77,57,109,166,24,19,19,48,59,353,0,0,0,0,COL
467,1628962,2023,Udoka Azubuike,udoka-azubuike,27,C-F,270,9/17/1999,24,3,Kansas,83,84,10,723,116,153,0.758,0,0,0,24,54,0.444,64,171,235,14,9,36,37,85,256,0.023,0,0,87,79,2033,469,629,0.746,0,0,,469,629,0.746,0.746,131,315,0.416,227,458,685,60,41,172,172,240,1069,0.141,0,0.141,0.097,COL
468,201152,2023,Thaddeus Young,thaddeus-young,30,F,225,6/21/1988,36,16,Georgia Tech,80,1172,726,33013,6143,12202,0.503,522,1593,0.328,1417,2143,0.661,2296,4318,6614,2135,1612,458,1641,2486,14225,-0.037,-0.009,-0.08,31,31,917,177,370,0.478,39,93,0.419,138,277,0.498,0.531,52,70,0.743,72,79,151,63,39,12,67,61,445,0,0,0,0,COL
469,1630240,2023,Saben Lee,saben-lee,38,G,183,6/23/1999,25,3,Vanderbilt,74,134,8,1942,237,563,0.421,35,129,0.271,188,256,0.734,60,200,260,378,94,29,123,165,697,-0.055,-0.038,0.05,96,78,2951,440,935,0.471,87,265,0.328,353,670,0.527,0.517,371,517,0.718,54,261,315,355,121,19,258,197,1338,0.023,0.055,0.056,0.077,COL
470,1629650,2023,Moses Brown,moses-brown,10,C,258,10/13/1999,24,4,UCLA,86,163,46,1910,342,596,0.574,0,0,0,174,320,0.544,302,499,801,25,54,89,103,236,858,0.047,0,-0.082,32,31,748,133,219,0.607,0,0,,133,219,0.607,0.607,45,128,0.352,108,158,266,9,19,62,49,75,311,0,0,0,0,COL
471,1630204,2023,Ashton Hagans,ashton-hagans,19,G-F,190,7/8/1999,24,1,Kentucky,75,21,1,319,29,71,0.408,8,25,0.32,14,17,0.824,14,31,45,54,11,9,31,40,80,0,0,0,67,59,2048,207,479,0.432,30,113,0.265,177,366,0.484,0.463,185,234,0.791,29,184,213,351,119,10,197,151,629,0.063,0.017,0.08,0.049,COL
472,201580,2023,JaVale McGee,javale-mcgee,0,C-F,270,1/19/1988,36,15,Nevada,84,909,343,14676,2955,5110,0.578,15,78,0.192,982,1627,0.604,1624,2953,4577,386,345,1258,896,1923,6907,0.079,-0.023,-0.066,66,31,1232,234,432,0.542,16,45,0.356,218,387,0.563,0.56,90,175,0.514,114,200,314,23,32,122,105,135,574,0.071,0,0.041,0.054,COL
473,1630537,2023,Chris Duarte,chris-duarte,3,G,190,6/13/1997,27,2,Oregon,77,177,62,3232,483,1190,0.406,199,571,0.349,183,225,0.813,91,376,467,231,109,27,158,247,1348,-0.026,-0.022,0.012,54,54,1730,286,605,0.473,108,284,0.38,178,321,0.555,0.562,126,157,0.803,61,216,277,115,96,36,102,82,806,0.118,0.088,0.149,0.015,COL
474,1630564,2023,RaiQuan Gray,raiquan-gray,0,F,269,7/7/1999,24,1,Florida State,79,4,0,74,16,29,0.552,5,12,0.417,2,2,1,5,11,16,13,1,2,5,5,39,0,0,0,90,52,1664,217,474,0.458,27,103,0.262,190,371,0.512,0.486,150,205,0.732,90,264,354,122,90,43,139,194,611,0.125,0.093,0.1,0.067,COL
475,1628984,2023,Devonte' Graham,devonte-graham,4,G,195,2/22/1995,29,5,Kansas,73,336,171,8358,1189,3202,0.371,767,2167,0.354,588,724,0.812,135,623,758,1448,258,53,470,428,3733,0.029,0.073,0.041,142,111,4498,546,1295,0.422,296,723,0.409,250,572,0.437,0.536,362,460,0.787,62,377,439,632,197,14,270,237,1750,0.067,0.053,0.127,0.103,COL
476,1626224,2023,Cedi Osman,cedi-osman,16,F,230,4/8/1995,29,6,Anadolu Efes,79,476,186,10816,1605,3711,0.432,714,1998,0.357,503,707,0.711,216,1195,1411,933,312,71,483,908,4427,-0.052,-0.011,0.146,272,149,5415.3,755,1728,0.437,282,799,0.353,,,,,365,533,0.685,220,668,888,285,262,52,242,566,2157,0.102,0.162,,0.17,INT
477,1630846,2023,Olivier Sarr,olivier-sarr,30,C,240,2/20/1999,25,2,Kentucky,82,46,3,632,84,150,0.56,16,43,0.372,39,51,0.765,56,104,160,25,7,27,29,87,223,-0.017,0,0,110,56,2423,316,664,0.476,23,74,0.311,293,590,0.497,0.493,279,377,0.74,220,406,626,83,42,111,167,319,934,0.179,0,0.156,0.191,COL
478,202330,2023,Gordon Hayward,gordon-hayward,33,F,225,3/23/1990,34,13,Butler,79,835,649,25653,4425,9725,0.455,1111,3002,0.37,2726,3317,0.822,629,3069,3698,2940,808,321,1597,1420,12687,-0.03,-0.102,0.108,69,69,2284,298,634,0.47,116,314,0.369,182,320,0.569,0.562,280,340,0.824,118,394,512,125,88,60,138,142,992,0.015,0.154,0.069,0.014,COL
479,203488,2023,Mike Muscala,mike-muscala,50,F-C,240,7/1/1991,33,10,Bucknell,82,548,45,8239,1144,2538,0.451,519,1390,0.373,399,481,0.83,428,1271,1699,464,174,248,302,780,3206,0.016,-0.039,-0.061,133,118,3815,723,1443,0.501,21,67,0.313,702,1376,0.51,0.508,569,695,0.819,301,792,1093,211,56,271,217,312,2036,0.055,0,0.045,0.064,COL
480,1629667,2023,Jalen McDaniels,jalen-mcdaniels,2,F,190,1/31/1998,26,4,San Diego State,81,252,45,4550,635,1414,0.449,174,540,0.322,255,328,0.777,178,651,829,292,165,84,215,485,1699,-0.02,-0.05,0.092,67,55,1870,338,670,0.504,28,94,0.298,310,576,0.538,0.525,182,240,0.758,141,388,529,101,65,35,118,177,886,0.12,0,0.127,0.056,COL
481,1629670,2023,Jordan Nwora,jordan-nwora,13,F,225,9/9/1998,25,3,Louisville,80,206,30,3358,580,1341,0.433,237,631,0.376,167,207,0.807,125,534,659,216,92,52,200,222,1564,-0.022,-0.075,0.046,93,59,2446,439,986,0.445,178,452,0.394,261,534,0.489,0.535,238,303,0.785,107,454,561,95,72,23,168,174,1294,0.024,0.065,0.039,0.048,COL
482,1630554,2023,Jason Preston,jason-preston,10,G,181,8/10/1999,24,1,Ohio,75,21,0,194,24,60,0.4,5,21,0.238,0,2,0,8,31,39,43,4,1,12,10,53,0,0,0,82,73,2795,402,807,0.498,79,221,0.357,323,586,0.551,0.547,149,212,0.703,65,393,458,486,100,11,215,95,1032,0.081,0.199,0.051,0.169,COL
483,1630184,2023,Kira Lewis Jr.,kira-lewisjr,13,G,170,4/6/2001,23,3,Alabama,73,131,0,1744,263,663,0.397,72,245,0.294,89,105,0.848,35,134,169,233,68,15,84,142,687,0.007,-0.054,0.006,65,65,2242,363,812,0.447,110,304,0.362,253,508,0.498,0.515,195,246,0.793,39,196,235,260,84,28,184,142,1031,0.026,0.008,0.021,0.019,COL
484,1629677,2023,Luka Samanic,luka-samanic,19,F,227,1/9/2000,24,3,Union Olimpija,82,86,16,921,138,336,0.411,36,146,0.247,72,102,0.706,39,171,210,55,19,19,60,98,384,-0.032,-0.04,0.154,84,28,1470,236,537,0.439,54,172,0.314,,,,,144,195,0.738,100,286,386,79,35,39,111,159,670,0.11,0.056,,0.058,INT
485,1629647,2023,Darius Bazley,darius-bazley,26,F,216,6/12/2000,24,4,Princeton HS (OH),81,237,118,5535,773,1869,0.414,234,757,0.309,333,492,0.677,194,1050,1244,282,138,177,292,230,2113,0.026,-0.033,-0.035,47,15,1170.7,213,438,0.486,53,159,0.333,,,,,126,188,0.67,53,309,362,125,42,78,69,50,605,0,0,,0,INT
486,1631254,2023,Kenneth Lofton Jr.,kenneth-loftonjr,35,F,275,8/14/2002,21,1,Louisiana Tech,78,45,1,374,85,171,0.497,13,41,0.317,33,53,0.623,31,58,89,53,11,7,26,52,216,-0.033,0,0.03,65,61,1619,356,647,0.55,4,20,0.2,352,627,0.561,0.553,216,339,0.637,188,400,588,138,71,47,179,170,932,0.028,0,0.01,0.076,COL
487,1630209,2023,Omer Yurtseven,omer-yurtseven,77,C,275,6/19/1998,26,2,Georgetown,83,113,24,1334,245,458,0.535,9,42,0.214,62,95,0.653,165,360,525,80,27,40,82,152,561,0.009,0,0.017,81,61,1911,405,752,0.539,26,61,0.426,379,691,0.548,0.556,142,205,0.693,219,355,574,72,32,114,125,234,978,0.115,0,0.123,0.14,COL
488,1629139,2023,Yuta Watanabe,yuta-watanabe,18,G-F,215,10/13/1994,29,5,George Washington,81,213,9,2839,320,751,0.426,153,413,0.37,102,151,0.675,106,391,497,137,83,61,87,234,895,0.125,-0.029,-0.121,134,107,4027,509,1197,0.425,156,463,0.337,353,734,0.481,0.49,286,363,0.788,147,462,609,197,93,147,170,240,1460,0.06,0.058,0.087,0.124,COL
489,201565,2023,Derrick Rose,derrick-rose,23,G,200,10/4/1988,35,14,Memphis,75,723,518,22052,4921,10798,0.456,590,1866,0.316,2141,2575,0.831,553,1771,2324,3770,536,242,1746,887,12573,-0.019,0.098,0.045,40,39,1168,208,436,0.477,35,104,0.337,173,332,0.521,0.517,146,205,0.712,54,127,181,189,48,15,107,68,597,0,0,0,0,COL
490,1631098,2023,Johnny Davis,jonathan-davis,1,G,195,2/27/2002,22,1,Wisconsin,76,112,11,1277,160,403,0.397,38,139,0.273,37,66,0.561,38,137,175,71,43,24,37,123,395,0.011,0.03,0.03,62,31,1813,296,687,0.431,51,157,0.325,245,530,0.462,0.468,187,240,0.779,75,308,383,101,70,41,105,129,830,0.014,0.083,0.013,0.064,COL
491,1630647,2023,Eugene Omoruyi,eugene-omoruyi,97,F,235,2/14/1997,27,2,Oregon,78,87,6,1056,184,400,0.46,39,137,0.285,85,128,0.664,80,123,203,65,55,8,55,155,492,-0.014,0.023,0.066,121,72,2762,441,973,0.453,55,170,0.324,386,803,0.481,0.482,260,386,0.674,229,357,586,196,105,56,213,284,1197,0.124,0.065,0.111,0.224,COL
492,1629002,2023,Chimezie Metu,chimezie-metu,4,F-C,225,3/22/1997,27,5,Southern California,82,260,38,3565,589,1191,0.495,107,359,0.298,237,301,0.787,174,734,908,197,139,95,199,325,1522,0.168,-0.05,0.091,104,71,2809,495,928,0.533,13,43,0.302,482,885,0.545,0.54,281,406,0.692,191,465,656,121,74,168,180,261,1284,0.034,0,0.031,0.228,COL
493,1628972,2023,Troy Brown Jr.,troy-brown,7,G-F,215,7/28/1999,24,5,Oregon,79,356,99,6776,824,1949,0.423,306,873,0.351,242,309,0.783,257,1031,1288,508,235,42,235,461,2196,0.003,0.027,0.108,35,35,1093,143,322,0.444,32,110,0.291,111,212,0.524,0.494,78,105,0.743,53,164,217,111,55,7,86,78,396,0,0,0,0,COL
494,1630164,2023,James Wiseman,james-wiseman,13,C,240,3/31/2001,23,2,Memphis,83,148,55,2798,569,1016,0.56,16,61,0.262,196,287,0.683,238,592,830,110,30,102,177,370,1350,0.041,-0.04,0.058,3,3,69,20,26,0.769,0,1,0,20,25,0.8,0.769,19,27,0.704,13,19,32,1,1,9,3,5,59,0,0,0,0,COL
495,1630201,2023,Malachi Flynn,malachi-flynn,18,G,185,5/9/1998,26,3,San Diego State,73,217,21,3076,427,1103,0.387,188,564,0.333,142,190,0.747,59,317,376,414,120,23,148,248,1184,0.02,0.013,-0.066,94,92,3132,450,1072,0.42,211,582,0.363,239,490,0.488,0.518,244,293,0.833,50,290,340,385,126,6,188,171,1355,0.046,0.049,0.111,0.122,COL
496,1631205,2023,Buddy Boeheim,buddy-boeheim,27,F,205,11/11/1999,24,1,Syracuse,77,20,0,174,14,56,0.25,12,50,0.24,10,12,0.833,5,11,16,7,2,1,0,11,50,0.065,0.08,0,121,94,3806,623,1520,0.41,309,854,0.362,314,666,0.471,0.512,210,254,0.827,62,225,287,264,133,13,169,188,1765,0.052,0.042,0.045,0.17,COL
497,203095,2023,Evan Fournier,evan-fournier,31,G-F,205,10/29/1992,31,11,Poitiers Basket 86,78,704,504,19514,3447,7823,0.441,1359,3631,0.374,1354,1694,0.799,277,1601,1878,1760,615,108,1083,1648,9607,-0.054,-0.033,0.03,59,19,1196,217,503,0.431,48,183,0.262,,,,,126,162,0.778,56,99,155,85,64,7,89,156,608,0.021,0.06,,0.087,INT
498,202722,2023,Davis Bertans,davis-bertans,9,F,225,11/12/1992,31,7,Baskonia,82,475,41,8544,1186,2810,0.422,885,2234,0.396,404,468,0.863,147,1012,1159,448,205,167,250,770,3661,-0.025,-0.009,0.043,218,114,4432.1,641,1451,0.442,390,944,0.413,,,,,251,314,0.799,119,419,538,201,122,104,217,561,1923,0.043,0.083,,0.134,INT
499,1629716,2023,Marques Bolden,marques-bolden,12,C,249,4/17/1998,26,2,Duke,82,18,2,152,18,28,0.643,0,1,0,8,12,0.667,13,29,42,4,6,9,5,11,44,0,0,0,88,24,1195,130,227,0.573,0,7,0,130,220,0.591,0.573,74,108,0.685,120,166,286,35,30,93,52,145,334,0.158,0,0.16,0.133,COL
500,1630197,2023,Aleksej Pokusevski,aleksej-pokusevski,17,F,210,12/26/2001,22,3,Olympiacos,84,168,65,3429,482,1234,0.391,171,563,0.304,118,168,0.702,165,613,778,327,94,136,255,226,1253,0.053,0.028,-0.026,18,12,367.1,64,157,0.408,27,73,0.37,,,,,28,37,0.757,18,99,117,45,24,34,32,26,183,0.023,0,,0,INT
501,1629662,2022,Mfiondu Kabengele,mfiondu-kabengele,28,C,250,8/14/1997,25,2,Florida State,82,55,0,380,49,128,0.383,22,73,0.301,23,27,0.852,18,63,81,19,12,15,18,48,143,-0.057,-0.146,0,71,0,1301,249,500,0.498,34,91,0.374,215,409,0.526,0.532,202,279,0.724,142,236,378,21,36,85,83,169,734,0.011,0.016,0.024,0.104,COL
502,201933,2022,Blake Griffin,blake-griffin,91,F,250,3/16/1989,34,12,Oklahoma,81,765,692,24385,5419,10988,0.493,538,1639,0.328,3137,4508,0.696,1487,4622,6109,3055,626,359,1732,2058,14513,-0.02,0.041,0.061,68,63,2102,484,783,0.618,3,10,0.3,481,773,0.622,0.62,307,521,0.589,243,562,805,141,72,69,192,171,1278,0.086,0,0.088,0.001,COL
503,201937,2022,Ricky Rubio,ricky-rubio,13,G,190,10/21/1990,32,11,FC Barcelona,74,698,603,20694,2468,6364,0.388,637,1969,0.324,1997,2370,0.843,428,2402,2830,5160,1226,94,1768,1738,7570,0.031,-0.016,0.04,284,168,5792.9,519,1377,0.377,183,591,0.31,,,,,586,748,0.783,214,591,805,1038,542,41,537,645,1807,0.083,0.175,,0.112,INT
504,201980,2022,Danny Green,danny-green,14,G,215,6/22/1987,36,13,North Carolina,78,832,709,20898,2546,6047,0.421,1577,3946,0.4,535,665,0.805,501,2326,2827,1277,853,634,825,1454,7204,0.037,0.127,0.016,145,39,2889,491,1079,0.455,184,491,0.375,307,588,0.522,0.54,202,239,0.845,204,386,590,256,160,154,209,277,1368,0.06,0.122,0.058,0.081,COL
505,201577,2022,Robin Lopez,robin-lopez,33,C,281,4/1/1988,35,14,Stanford,84,992,607,20935,3484,6488,0.537,57,192,0.297,1301,1751,0.743,2147,2513,4660,819,219,1045,1063,1858,8326,0.019,0.083,0.051,67,61,1626,236,462,0.511,1,2,0.5,235,460,0.511,0.512,128,209,0.612,171,205,376,51,23,156,109,166,601,0.054,0,0.051,0.107,COL
506,1626195,2022,Willy Hernangomez,willy-hernangomez,9,C-F,250,5/27/1994,29,6,Cajasol Sevilla,83,344,48,5148,974,1827,0.533,37,121,0.306,539,756,0.713,709,1273,1982,364,145,134,347,573,2524,0.006,-0.057,-0.021,143,47,2163,426,751,0.567,2,11,0.182,,,,,215,312,0.689,246,361,607,59,82,67,168,271,1069,0.141,0,,0.061,INT
507,1630250,2022,Marko Simonovic,marko-simonovic,19,C,220,10/15/1999,23,1,Mega Basket,84,16,0,54,6,22,0.273,2,9,0.222,9,13,0.692,6,6,12,0,1,1,2,11,23,0,0,0,233,88,4380.8,770,1474,0.522,132,410,0.322,,,,,465,604,0.77,460,751,1211,225,148,91,299,571,2137,0.191,0.152,,0.21,INT
508,1630637,2022,Carlik Jones,carlik-jones,22,G,174,12/23/1997,25,1,Louisville,72,12,0,79,7,24,0.292,3,7,0.429,7,10,0.7,2,6,8,11,3,0,5,2,24,0,0,0,118,106,3923,658,1472,0.447,123,378,0.325,535,1094,0.489,0.489,432,547,0.79,73,487,560,554,163,17,259,206,1871,0.086,0.162,0.104,0.057,COL
509,1630678,2022,Terry Taylor,terry-taylor,32,F,230,9/23/1999,23,1,Austin Peay,76,98,9,1171,194,335,0.579,19,66,0.288,46,67,0.687,140,117,257,63,22,16,39,104,453,-0.053,0,0,127,127,4370,967,1804,0.536,153,449,0.341,814,1355,0.601,0.578,420,579,0.725,515,733,1248,172,130,132,275,260,2507,0.029,0.153,0.049,0.142,COL
510,1629033,2022,Theo Pinson,theo-pinson,1,G-F,212,11/5/1995,27,4,North Carolina,79,127,1,1081,116,363,0.32,59,226,0.261,55,61,0.902,26,153,179,141,34,7,69,100,346,-0.017,0.01,0,122,58,2647,257,602,0.427,46,179,0.257,211,423,0.499,0.465,197,264,0.746,147,389,536,416,96,39,186,212,757,0.105,0.064,0.103,0.146,COL
511,1628373,2022,Frank Ntilikina,frank-ntilikina,21,G,200,7/28/1998,24,5,Strasbourg IG,76,321,65,5453,575,1558,0.369,206,643,0.32,179,235,0.762,98,465,563,693,210,66,330,602,1535,0.007,0.005,0.065,100,37,1455.1,150,355,0.423,46,127,0.362,,,,,49,75,0.653,65,88,153,120,53,13,73,182,395,0.147,0,,0,INT
512,1630593,2022,McKinley Wright IV,mckinley-wrightiv,23,G,192,10/25/1998,24,1,Colorado,71,32,1,353,48,101,0.475,10,30,0.333,13,19,0.684,9,38,47,61,8,5,20,25,119,0,0,0,131,130,4333,668,1429,0.467,133,405,0.328,535,1024,0.522,0.514,388,483,0.803,146,498,644,683,140,41,366,219,1857,0.046,0.064,0.054,0.074,COL
513,202397,2022,Ish Smith,ishmael-smith,14,G,175,7/5/1988,34,12,Wake Forest,72,805,172,15492,2452,5714,0.429,307,945,0.325,501,741,0.676,279,1641,1920,3044,543,197,988,1031,5712,0.036,0.032,0.106,121,91,3667,458,1078,0.425,66,219,0.301,392,859,0.456,0.455,132,273,0.484,71,377,448,612,153,23,350,232,1114,0.01,0.132,0.022,0.498,COL
514,203210,2022,JaMychal Green,jamychal-green,1,F-C,227,6/21/1990,33,8,Alabama,81,544,166,10932,1579,3311,0.477,430,1170,0.368,620,791,0.784,891,2095,2986,496,298,226,570,1389,4208,-0.096,0.041,0.033,123,114,3340,614,1184,0.519,3,17,0.176,611,1167,0.524,0.52,425,598,0.711,365,547,912,152,125,212,312,390,1656,0.051,0,0.058,0.047,COL
515,2738,2022,Andre Iguodala,andre-iguodala,9,G-F,215,1/28/1984,39,18,Arizona,78,1231,784,39505,5028,10870,0.463,1081,3278,0.33,2831,3994,0.709,1118,4929,6047,5147,1765,633,2240,2180,13968,-0.03,-0.001,-0.033,62,34,1576,205,483,0.424,32,117,0.274,173,366,0.473,0.458,152,206,0.738,134,275,409,213,95,29,132,136,594,0.069,0.11,0.055,0.118,COL
516,1630237,2022,Anthony Lamb,anthony-lamb,40,F,227,1/20/1998,25,2,Vermont,78,88,7,1617,194,434,0.447,96,272,0.353,64,81,0.79,83,203,286,121,34,25,73,168,548,0.059,0.032,-0.067,118,113,3243,685,1440,0.476,144,428,0.336,541,1012,0.535,0.526,419,535,0.783,193,572,765,195,100,160,248,277,1933,0.104,0.12,0.085,0.084,COL
517,1626161,2022,Willie Cauley-Stein,willie-cauley-stein,0,C,240,8/18/1993,29,7,Kentucky,84,422,255,9274,1552,2853,0.544,6,32,0.188,565,923,0.612,694,1776,2470,598,349,335,384,974,3675,-0.017,0,-0.036,105,70,2575,346,583,0.593,0,0,,346,583,0.593,0.593,151,297,0.508,250,405,655,90,115,233,127,246,843,0.049,0,0.049,0.245,COL
518,201571,2022,D.J. Augustin,dj-augustin,4,G,183,11/10/1987,35,14,Texas,71,976,334,22852,2994,7270,0.412,1262,3311,0.381,2009,2317,0.867,292,1513,1805,3761,567,32,1428,1350,9259,-0.019,-0.056,-0.026,73,73,2662,396,894,0.443,119,296,0.402,277,598,0.463,0.51,323,400,0.808,41,170,211,452,100,3,220,142,1234,0.01,0.06,0.019,0.055,COL
519,1626163,2022,Frank Kaminsky,frank-kaminsky,33,F-C,240,4/4/1993,30,7,Wisconsin,84,413,49,8159,1306,3034,0.43,428,1226,0.349,590,791,0.746,300,1279,1579,651,174,146,314,609,3630,0.022,0.015,0.013,144,79,2943,529,1013,0.522,103,279,0.369,426,734,0.58,0.573,297,389,0.763,182,484,666,188,77,153,121,235,1458,0.136,0.13,0.035,0.015,COL
520,1627885,2022,Shaquille Harrison,shaquille-harrison,0,G,195,10/6/1993,29,5,Tulsa,76,183,23,2779,364,837,0.435,52,185,0.281,178,248,0.718,73,372,445,301,178,65,120,269,958,-0.049,0.062,-0.02,133,133,4017,513,1156,0.444,33,153,0.216,480,1003,0.479,0.458,422,654,0.645,123,482,605,461,244,49,306,310,1481,0.101,0.119,0.099,0.049,COL
521,1629117,2022,Wenyen Gabriel,wenyen-gabriel,35,F,205,3/26/1997,26,3,Kentucky,81,150,8,1939,262,500,0.524,38,122,0.311,103,170,0.606,203,311,514,72,53,63,101,293,665,0.035,0.009,-0.064,75,30,1526,147,345,0.426,62,169,0.367,85,176,0.483,0.516,69,111,0.622,126,256,382,47,41,74,70,204,425,0.037,0.079,0.024,0.007,COL
522,203506,2022,Victor Oladipo,victor-oladipo,4,G,213,5/4/1992,31,9,Indiana,75,504,397,16247,3118,7152,0.436,814,2349,0.347,1453,1843,0.788,289,1956,2245,1970,805,230,1266,1202,8503,0.015,0.018,0.008,104,75,2558,406,754,0.538,48,142,0.338,358,612,0.585,0.57,257,359,0.716,207,330,537,175,161,56,203,248,1117,0.128,0.233,0.121,0.138,COL
523,2617,2022,Udonis Haslem,udonis-haslem,40,F,235,6/9/1980,43,19,Florida,79,879,501,21721,2669,5462,0.489,9,71,0.127,1239,1639,0.756,1615,4176,5791,733,424,252,810,2069,6586,0.031,0,-0.008,130,125,3236,633,1084,0.584,0,3,0,633,1081,0.586,0.584,515,773,0.666,234,443,831,139,107,120,304,409,1781,0.041,0,0.045,0.117,COL
524,203086,2022,Meyers Leonard,meyers-leonard,3,F-C,260,2/27/1992,31,9,Illinois,84,456,95,7271,972,2016,0.482,334,856,0.39,267,329,0.812,333,1438,1771,396,85,127,315,981,2545,-0.063,-0.028,0.002,65,30,1290,198,349,0.567,1,12,0.083,197,337,0.585,0.569,105,144,0.729,83,220,303,48,20,73,94,144,502,0.101,0,0.113,0,COL
525,1629623,2022,Lindell Wigginton,lindell-wigginton,28,G,189,3/28/1998,25,1,Iowa State,73,29,1,293,46,103,0.447,15,46,0.326,29,46,0.63,3,29,32,37,5,3,25,25,136,0.023,0,0,56,33,1671,269,649,0.414,115,290,0.397,154,359,0.429,0.503,202,294,0.687,38,179,217,141,47,22,141,127,855,0.001,0.011,0.018,0.06,COL
526,201609,2022,Goran Dragic,goran-dragic,31,G,190,5/6/1986,37,14,Union Olimpija,76,946,530,25602,4605,10029,0.459,1150,3181,0.362,2208,2883,0.766,643,2173,2816,4405,876,167,2064,2119,12568,0.067,-0.011,-0.01,40,17,788.2,96,221,0.434,20,67,0.299,,,,,40,59,0.678,36,52,88,85,32,8,74,105,252,0.122,0.051,,0,INT
527,1629669,2022,Jaylen Nowell,jaylen-nowell,4,G,201,7/9/1999,23,3,Washington,76,205,4,3518,697,1577,0.442,197,624,0.316,224,283,0.792,92,353,445,380,99,34,147,281,1815,0.084,0.196,-0.029,70,67,2346,421,884,0.476,90,227,0.396,331,657,0.504,0.527,195,247,0.789,68,257,325,204,82,18,191,177,1127,0.051,0.089,0.041,0.021,COL
528,1630233,2022,Nathan Knight,nathan-knight,13,F-C,253,9/20/1997,25,2,William & Mary,80,108,2,836,128,269,0.476,18,68,0.265,127,172,0.738,81,132,213,43,26,24,54,105,401,0.106,0.073,-0.062,125,98,3321,765,1365,0.56,52,184,0.283,713,1181,0.604,0.579,559,760,0.736,270,694,964,268,67,221,281,378,2141,0.054,0.062,0.03,0.179,COL
529,203085,2022,Austin Rivers,austin-rivers,25,G,200,8/1/1992,30,10,Duke,76,707,184,16856,2214,5289,0.419,789,2260,0.349,779,1193,0.653,222,1220,1442,1513,494,112,732,1479,5996,0.045,0.018,0.1,34,33,1129,174,402,0.433,58,159,0.365,116,243,0.477,0.505,121,184,0.658,21,94,115,71,33,1,79,76,527,0,0,0,0,COL
530,1628410,2022,Edmond Sumner,edmond-sumner,4,G,196,12/31/1995,27,4,Xavier,76,161,41,2256,356,758,0.47,87,255,0.341,198,244,0.811,51,193,244,182,91,34,133,242,997,0.125,0.082,0.186,58,49,1541,205,478,0.429,37,130,0.285,168,348,0.483,0.468,216,296,0.73,30,172,202,223,68,22,128,132,663,0.082,0.028,0.09,0.008,COL
531,203925,2022,Joe Harris,joe-harris-,12,G-F,220,9/6/1991,31,8,Virginia,78,504,283,12299,1891,3949,0.479,1026,2354,0.436,377,489,0.771,264,1257,1521,790,241,95,522,1009,5185,0.079,0.067,0.063,135,128,4084,568,1276,0.445,263,646,0.407,305,630,0.484,0.548,299,414,0.722,116,393,509,254,116,48,213,307,1698,0.05,0.045,0.082,0.132,COL
532,1629676,2022,Isaiah Roby,isaiah-roby,18,F,230,2/3/1998,25,3,Nebraska,80,151,64,2858,440,908,0.485,94,268,0.351,185,274,0.675,185,482,667,216,106,78,188,325,1159,0.002,0.057,-0.069,97,52,2319,280,588,0.476,49,146,0.336,231,442,0.523,0.518,177,252,0.702,155,375,530,143,80,154,154,273,786,0.171,0.072,0.173,0.047,COL
533,203487,2022,Michael Carter-Williams,michael-carter-williams,11,G,190,10/10/1991,31,8,Syracuse,77,395,217,9943,1498,3730,0.402,183,716,0.256,861,1221,0.705,379,1339,1718,1708,498,215,916,964,4040,-0.005,-0.012,-0.003,66,40,1678,180,452,0.398,42,137,0.307,138,315,0.438,0.445,142,209,0.679,60,177,237,345,129,27,154,117,544,0.038,0,0.014,0,COL
534,201588,2022,George Hill,george-hill,7,G,188,5/4/1986,37,14,IUPUI,76,915,484,24500,3377,7393,0.457,1066,2808,0.38,1725,2141,0.806,533,2198,2731,2807,806,233,1091,1759,9545,0.055,0.049,0.023,95,87,3164,536,1013,0.529,90,223,0.404,446,790,0.565,0.574,457,582,0.785,183,364,547,317,155,29,241,267,1619,0.036,0.13,0.028,0.103,COL
535,1628221,2022,Gabe York,gabe-york,32,G,190,8/2/1993,29,1,Arizona,75,5,0,77,10,28,0.357,7,24,0.292,5,7,0.714,0,8,8,9,4,1,1,9,32,0,0,0,124,59,2904,379,915,0.414,229,569,0.402,150,346,0.434,0.539,156,208,0.75,40,236,276,191,72,26,131,173,1143,0.069,0.036,0.184,0.138,COL
536,1626149,2022,Montrezl Harrell,montrezl-harrell,5,F-C,240,1/26/1994,29,7,Louisville,79,515,36,10544,2506,4050,0.619,9,83,0.108,1199,1807,0.664,930,1658,2588,675,269,404,550,1058,6220,-0.022,0,0.149,112,75,2961,533,910,0.586,11,40,0.275,522,870,0.6,0.592,217,407,0.533,294,483,777,102,91,118,145,214,1294,0.043,0,0.032,0.133,COL
537,203473,2022,Dewayne Dedmon,dewayne-dedmon,14,C,245,8/12/1989,33,9,Southern California,82,515,210,8897,1287,2445,0.526,187,557,0.336,494,676,0.731,784,2186,2970,358,258,409,496,1290,3255,-0.004,-0.04,0.078,51,49,1156,153,294,0.52,0,4,0,153,290,0.528,0.52,54,88,0.614,119,206,325,25,48,85,78,157,360,0.051,0,0.047,0.144,COL
538,1629663,2022,Louis King,louis-king,23,F,205,4/6/1999,24,3,Oregon,79,27,1,279,48,115,0.417,20,57,0.351,13,20,0.65,8,36,44,25,12,4,8,37,129,0.011,0,0,31,28,943,148,340,0.435,59,153,0.386,89,187,0.476,0.522,62,79,0.785,41,130,171,40,27,7,64,77,417,0,0,0,0,COL
539,1627863,2022,Danuel House Jr.,danuel-house,25,F-G,220,6/7/1993,30,6,Texas A&M,78,294,107,6270,734,1692,0.434,368,1024,0.359,319,419,0.761,156,723,879,335,165,98,214,467,2155,-0.003,0.102,-0.051,119,102,3587,547,1315,0.416,202,598,0.338,345,717,0.481,0.493,387,554,0.699,150,410,560,238,85,53,228,223,1683,0.04,0.091,0.061,0.075,COL
540,1627788,2022,Furkan Korkmaz,furkan-korkmaz,30,G-F,202,7/24/1997,25,5,Anadolu Efes,79,328,49,5446,778,1917,0.406,405,1138,0.356,283,372,0.761,85,561,646,391,178,43,214,329,2244,0.12,0.031,-0.054,165,37,2287.3,321,718,0.447,151,375,0.403,,,,,112,156,0.718,71,221,292,164,83,13,108,206,905,0.103,0.149,,0.161,INT
541,203082,2022,Terrence Ross,terrence-ross,8,G-F,206,2/5/1991,32,10,Washington,79,733,187,17957,2940,7032,0.418,1329,3673,0.362,838,1001,0.837,256,1805,2061,936,587,231,700,1230,8047,0.013,0.03,0.121,69,39,1681,317,700,0.453,116,319,0.364,201,381,0.528,0.536,97,127,0.764,77,244,321,82,63,45,94,168,847,0.014,0.019,0.034,0.008,COL
542,1626159,2022,Justise Winslow,justise-winslow,26,F-G,222,3/26/1996,27,7,Duke,78,344,128,8907,1121,2718,0.412,229,728,0.315,358,561,0.638,364,1396,1760,890,307,137,500,794,2829,-0.008,0.031,-0.051,39,39,1135,173,356,0.486,46,110,0.418,127,246,0.516,0.551,100,156,0.641,49,203,252,82,52,34,71,108,492,0,0,0,0,COL
543,203521,2022,Matthew Dellavedova,matthew-dellavedova,8,G,200,9/8/1990,32,8,Saint Mary's,75,479,93,9287,894,2323,0.385,409,1127,0.363,313,375,0.835,168,643,811,1690,213,21,562,865,2510,-0.025,-0.008,0.041,136,132,4944,590,1423,0.415,288,761,0.378,302,662,0.456,0.516,465,541,0.86,113,356,469,768,150,7,342,264,1933,0.056,0.043,0.151,0.031,COL
544,1628408,2022,PJ Dozier,pj-dozier,35,G-F,205,10/25/1996,26,5,South Carolina,78,130,6,2008,270,670,0.403,85,273,0.311,75,116,0.647,67,270,337,204,65,35,93,177,700,0.021,-0.026,-0.061,70,64,1680,282,708,0.398,52,188,0.277,230,520,0.442,0.435,114,197,0.579,66,208,274,171,94,23,168,183,730,0.026,0.085,0.032,0.053,COL
545,203920,2022,Khem Birch,khem-birch,24,C,233,9/28/1992,30,5,UNLV,80,282,75,4825,537,1032,0.52,14,70,0.2,314,450,0.698,544,697,1241,274,136,154,153,460,1402,-0.026,0.06,0.01,69,53,1755,208,392,0.531,0,0,,208,392,0.531,0.531,195,292,0.668,212,324,536,55,41,211,82,149,611,0.061,0,0.061,0.051,COL
546,1629641,2022,Romeo Langford,romeo-langford,35,G-F,216,10/25/1999,23,3,Indiana,77,141,32,2267,253,589,0.43,55,191,0.288,89,135,0.659,114,184,298,97,60,42,67,171,650,0.079,0.124,-0.083,32,32,1090,177,395,0.448,34,125,0.272,143,270,0.53,0.491,140,194,0.722,45,127,172,75,25,26,68,60,528,0,0,0,0,COL
547,203476,2022,Gorgui Dieng,gorgui-dieng,41,C,248,1/18/1990,33,9,Louisville,82,628,209,12626,1736,3500,0.496,196,552,0.355,923,1167,0.791,1048,2486,3534,837,468,549,687,1339,4591,-0.005,0.062,0.159,102,81,2789,338,620,0.545,1,3,0.333,337,617,0.546,0.546,174,272,0.64,304,497,801,127,104,267,166,280,851,0.093,0,0.098,0.138,COL
548,203115,2022,Will Barton,will-barton,1,G,181,1/6/1991,32,10,Memphis,77,679,286,17115,2824,6561,0.43,893,2516,0.355,1084,1377,0.787,471,2321,2792,1817,504,272,948,1050,7625,0.046,0.216,0.019,70,59,2306,397,842,0.471,76,254,0.299,321,588,0.546,0.517,192,262,0.733,119,333,452,201,104,42,164,154,1062,0.081,0.081,0.032,0.05,COL
549,1630580,2022,Joe Wieskamp,joe-wieskamp,11,G-F,205,8/23/1999,23,1,Iowa,78,38,0,254,23,70,0.329,17,55,0.309,7,13,0.538,4,14,18,12,4,3,3,17,70,0,0,0,97,97,2885,430,921,0.467,184,447,0.412,246,474,0.519,0.567,239,310,0.771,130,436,566,141,92,41,131,158,1283,0.064,0.115,0.072,0.179,COL
550,203490,2022,Otto Porter Jr.,otto-porter,32,F,198,6/3/1993,30,9,Georgetown,80,527,319,13400,2088,4376,0.477,684,1724,0.397,559,701,0.797,602,1997,2599,783,586,221,399,919,5419,0.111,0.208,0.066,64,38,2077,293,588,0.498,55,155,0.355,238,433,0.55,0.545,181,241,0.751,121,336,457,135,94,55,85,125,822,0.045,0.196,0.107,0.075,COL
551,1630176,2022,Vernon Carey Jr.,vernon-careyjr,13,C,270,2/25/2001,22,2,Duke,82,37,5,187,27,57,0.474,1,7,0.143,17,26,0.654,17,33,50,5,5,8,10,22,72,0,0,0,31,30,772,199,345,0.577,8,21,0.381,191,324,0.59,0.588,146,218,0.67,83,189,272,30,22,49,63,85,552,0,0,0,0,COL
552,200752,2022,Rudy Gay,rudy-gay,22,F-G,250,8/17/1986,36,16,Connecticut,80,1120,779,34560,6670,14771,0.452,1186,3429,0.346,3116,3898,0.799,1447,4836,6283,2280,1231,798,2245,2524,17642,0.027,-0.02,0.075,64,59,1908,319,692,0.461,56,148,0.378,263,544,0.483,0.501,176,244,0.721,121,257,378,116,83,111,143,146,870,0.001,0.149,0.04,0.024,COL
553,1629308,2022,Juan Toscano-Anderson,juan-toscano-anderson,95,F,209,4/10/1993,30,3,Marquette,78,202,37,3126,332,662,0.502,82,249,0.329,84,130,0.646,98,503,601,372,119,59,181,347,830,0.036,-0.039,-0.062,181,159,5040.1,781,1666,0.469,202,625,0.323,,,,,309,473,0.653,175,816,991,601,239,105,349,442,2073,0.067,0.079,,0.092,INT
554,1629134,2022,Kendrick Nunn,kendrick-nunn,20,G,190,8/3/1995,27,2,Oakland,75,193,113,4576,911,2022,0.451,338,934,0.362,176,201,0.876,57,411,468,458,136,36,260,326,2336,0.007,0.01,0.022,126,87,3796,631,1473,0.428,294,762,0.386,337,711,0.474,0.528,239,291,0.821,57,398,455,262,146,27,213,225,1795,0.055,0.034,0.075,0.044,COL
555,1628977,2022,Hamidou Diallo,hamidou-diallo,6,G,202,7/31/1998,24,4,Kentucky,77,265,44,4917,908,1834,0.495,76,277,0.274,380,610,0.623,269,740,1009,283,225,76,280,580,2272,0.036,0.123,0.017,37,37,918,134,313,0.428,26,77,0.338,108,236,0.458,0.47,77,125,0.616,33,102,135,46,28,13,51,96,371,0,0,0,0,COL
556,1630165,2022,Killian Hayes,killian-hayes,7,G,195,7/27/2001,21,2,Ratiopharm Ulm,77,216,150,5640,689,1801,0.383,174,620,0.281,206,265,0.777,86,551,637,1121,249,97,427,547,1758,0.03,0.003,0.001,108,74,2537.7,421,898,0.469,92,331,0.278,,,,,242,282,0.858,52,259,311,525,167,38,311,263,1176,0.055,0.134,,0.056,INT
557,1630587,2022,Isaiah Livers,isaiah-livers,12,F,232,7/28/1998,24,1,Michigan,78,94,33,2051,201,494,0.407,123,344,0.358,56,71,0.789,58,190,248,87,54,40,61,183,581,-0.049,-0.064,0,119,69,2785,346,744,0.465,164,398,0.412,182,346,0.526,0.575,131,153,0.856,104,349,453,110,58,62,90,190,987,0.04,0.069,0.103,0.177,COL
558,203585,2022,Rodney McGruder,rodney-mcgruder,17,G,205,7/29/1991,31,6,Kansas State,76,317,132,6157,681,1622,0.42,301,836,0.36,162,241,0.672,253,632,885,381,161,50,190,459,1825,0.007,0.028,0.056,135,100,3702,568,1257,0.452,188,494,0.381,380,763,0.498,0.527,252,332,0.759,254,400,654,186,116,36,171,205,1576,0.056,0.083,0.08,0.092,COL
559,1630547,2022,James Bouknight,james-bouknight,2,G,190,9/18/2000,22,1,Connecticut,76,79,0,900,136,375,0.363,63,188,0.335,48,63,0.762,31,102,133,73,22,7,49,81,383,0.015,-0.012,-0.101,43,30,1200,226,496,0.456,47,147,0.32,179,349,0.513,0.503,146,182,0.802,67,133,200,63,38,10,92,102,645,0.015,0.054,0.026,0.044,COL
560,1630177,2022,Theo Maledon,theo-maledon,9,G,175,6/12/2001,22,2,ASVEL,77,177,64,3752,467,1255,0.372,182,588,0.31,257,324,0.793,63,426,489,518,131,34,283,275,1373,0,-0.032,0.038,195,125,4079.4,559,1310,0.427,214,591,0.362,,,,,376,474,0.793,78,399,477,560,167,20,447,460,1708,0.046,0.076,,0.1,INT
561,1630270,2022,Xavier Sneed,xavier-sneed,19,F,215,12/21/1997,25,1,Kansas State,77,13,0,86,7,20,0.35,4,14,0.286,4,4,1,2,9,11,6,0,1,3,9,22,0,0,0,137,104,3854,477,1202,0.397,216,651,0.332,261,551,0.474,0.487,293,417,0.703,144,468,612,205,195,39,168,328,1463,0.064,0.042,0.145,0.069,COL
562,1628424,2022,Kobi Simmons,kobi-simmons,23,G,180,7/4/1997,25,2,Arizona,77,42,12,740,90,216,0.417,14,52,0.269,27,27,1,16,45,61,85,24,9,46,66,221,0.001,0,0,37,19,871,111,281,0.395,32,98,0.327,79,183,0.432,0.452,69,89,0.775,13,47,60,73,24,3,46,70,323,0,0,0,0,COL
563,1627789,2021,Timothe Luwawu-Cabarrot,timothe-luwawu-cabarrot,7,G-F,215,5/9/1995,27,5,Mega Basket,79,328,60,5253,648,1657,0.391,320,956,0.335,321,387,0.829,124,532,656,293,132,42,232,605,1937,-0.013,0.021,-0.029,75,54,1828,259,646,0.401,90,270,0.333,,,,,170,235,0.723,61,197,258,158,101,14,163,227,778,0.003,0.071,,0.066,INT
564,1630238,2021,Malik Fitts,malik-fitts,8,F,230,7/4/1997,24,1,St. Mary's (CA),77,18,0,73,9,22,0.409,6,12,0.5,0,0,0,2,18,20,5,0,0,2,7,24,0,0,0,95,85,2867,447,975,0.458,149,380,0.392,298,595,0.501,0.535,237,318,0.745,120,502,622,105,104,29,155,254,1280,0.08,0.07,0.079,0.261,COL
565,203917,2021,Nik Stauskas,nik-stauskas,13,G,207,10/7/1993,28,5,Michigan,78,343,63,6700,770,1981,0.389,400,1131,0.354,350,431,0.812,78,613,691,515,139,80,340,426,2290,0.026,0.037,-0.041,75,69,2471,323,692,0.467,172,390,0.441,151,302,0.5,0.591,242,291,0.832,35,186,221,170,42,20,111,73,1060,0.007,0.002,0,0.027,COL
566,1629752,2021,Juwan Morgan,juwan-morgan,16,F,232,4/17/1997,25,2,Indiana,79,52,0,312,31,59,0.525,8,23,0.348,6,11,0.545,21,40,61,16,5,3,10,43,76,-0.059,0,0,128,85,2952,517,920,0.562,57,192,0.297,460,728,0.632,0.593,283,422,0.671,260,497,757,151,106,138,170,302,1374,0.067,0.052,0.117,0.169,COL
567,1629164,2021,Brandon Goodwin,brandon-goodwin,0,G,180,10/2/1995,26,3,Florida Gulf Coast,72,133,11,1608,230,590,0.39,79,251,0.315,89,122,0.73,34,177,211,251,54,5,104,130,628,0.129,0.015,-0.212,126,106,3633,575,1212,0.474,118,392,0.301,457,820,0.557,0.523,383,535,0.716,116,396,512,477,137,11,290,214,1651,0.115,0.091,0.136,0.199,COL
568,200765,2021,Rajon Rondo,rajon-rondo,1,G,180,2/22/1986,36,15,Kentucky,73,957,733,28570,3886,8516,0.456,449,1384,0.324,1116,1826,0.611,910,3439,4349,7584,1518,125,2586,1997,9337,0.035,0.123,-0.046,68,62,1908,249,505,0.493,28,99,0.283,221,406,0.544,0.521,128,222,0.577,57,249,306,285,156,13,148,133,654,0.028,0.03,0.011,0.012,COL
569,202334,2021,Ed Davis,ed-davis,21,C-F,218,6/5/1989,33,11,North Carolina,81,722,106,13756,1773,3128,0.567,0,4,0,745,1277,0.583,1590,3026,4616,539,349,566,532,1749,4291,-0.013,0,0.033,61,25,1357,210,383,0.548,0,0,,210,383,0.548,0.548,142,228,0.623,149,321,470,44,24,129,86,116,562,0.06,0,0.06,0.086,COL
570,1629607,2021,Jared Harper,jared-harper,2,G,175,9/14/1997,24,2,Auburn,70,16,0,67,15,34,0.441,5,15,0.333,7,8,0.875,2,2,4,15,4,1,5,6,42,0,0,0,106,104,3129,398,1037,0.384,213,594,0.359,185,443,0.418,0.486,418,528,0.792,36,207,243,511,122,5,215,190,1427,0.039,0.026,0.074,0.123,COL
571,1629109,2021,Gary Clark,gary-clark,12,F,225,11/16/1994,27,3,Cincinnati,78,170,19,2239,177,504,0.351,139,427,0.326,31,37,0.838,117,314,431,84,52,62,44,148,524,0.022,0.027,0,139,137,4003,542,1033,0.525,54,141,0.383,488,892,0.547,0.551,324,464,0.698,422,710,1132,279,163,180,158,272,1462,0.01,0.234,0.063,0.116,COL
572,203503,2021,Tony Snell,tony-snell,21,G,213,11/10/1991,30,8,New Mexico,78,601,310,13092,1335,3097,0.431,728,1848,0.394,274,324,0.846,172,1199,1371,669,266,138,329,846,3672,0.046,0.071,0.082,104,76,2583,311,738,0.421,165,434,0.38,146,304,0.48,0.533,165,201,0.821,41,210,251,213,53,36,154,122,952,0.084,0.045,0.185,0.108,COL
573,1629744,2021,Matt Thomas,matt-thomas,21,G,190,8/4/1994,27,2,Iowa State,75,126,1,1226,178,411,0.433,109,270,0.404,37,46,0.804,19,136,155,61,22,4,38,74,502,-0.063,-0.086,0,138,77,3510,394,923,0.427,254,634,0.401,140,289,0.484,0.564,128,157,0.815,51,380,431,181,92,21,114,211,1170,0.11,0.115,0.091,0.235,COL
574,1629076,2021,Tyler Cook,tyler-cook,25,F,255,9/23/1997,24,2,Iowa,80,65,3,691,100,153,0.654,1,2,0.5,45,75,0.6,50,112,162,21,15,6,31,68,246,-0.016,0,0.053,93,92,2601,494,911,0.542,3,21,0.143,491,890,0.552,0.544,324,507,0.639,196,423,619,164,63,49,239,231,1315,0.056,0,0.056,0.063,COL
575,1628425,2021,Sterling Brown,sterling-brown,0,G-F,219,2/10/1995,27,4,Southern Methodist,77,268,29,4459,531,1267,0.419,248,683,0.363,121,152,0.796,154,737,891,268,140,47,177,379,1431,0.02,0.012,-0.094,136,106,3492,394,782,0.504,128,284,0.451,266,498,0.534,0.586,194,252,0.77,190,463,653,294,139,51,210,304,1110,0.143,0.174,0.167,0.286,COL
576,203504,2021,Trey Burke,trey-burke,3,G,185,11/12/1992,29,8,Michigan,72,498,130,10400,1847,4500,0.41,564,1637,0.345,534,659,0.81,164,714,878,1522,274,52,555,641,4792,0.034,0.018,-0.089,73,71,2605,436,969,0.45,133,362,0.367,303,607,0.499,0.519,226,291,0.777,43,199,242,416,93,33,180,126,1231,0.03,0.036,0.016,0.057,COL
577,1627737,2021,Marquese Chriss,marquese-chriss,35,F,240,7/2/1997,24,5,Washington,81,292,147,5337,830,1822,0.456,161,555,0.29,385,577,0.667,362,1004,1366,298,187,227,348,738,2206,0,-0.033,0.045,34,34,848,179,338,0.53,21,60,0.35,158,278,0.568,0.561,88,129,0.682,85,98,183,26,32,55,69,138,467,0,0,0,0,COL
578,1630210,2021,Markus Howard,markus-howard,0,G,175,3/3/1999,23,1,Marquette,70,68,1,381,79,207,0.382,46,135,0.341,27,32,0.844,3,30,33,25,13,1,25,40,231,0.005,0.064,0,128,121,3853,864,1945,0.444,434,1017,0.427,430,928,0.463,0.556,599,679,0.882,52,361,413,392,122,6,380,306,2761,0.086,0.144,0.099,0.091,COL
579,202326,2021,DeMarcus Cousins,demarcus-cousins,4,C,270,8/13/1990,31,10,Kentucky,82,654,561,19509,4562,9924,0.46,426,1288,0.331,3252,4411,0.737,1692,4972,6664,1979,874,742,2149,2421,12802,0.028,0.158,0.055,38,37,893,206,369,0.558,1,6,0.167,205,363,0.565,0.56,162,268,0.604,154,220,374,38,37,67,78,122,575,0,0,0,0,COL
580,1627854,2021,Bryn Forbes,bryn-forbes,6,G,205,7/23/1993,28,5,Michigan State,74,431,167,8581,1359,3119,0.436,720,1757,0.41,338,409,0.826,69,649,718,523,163,14,297,594,3776,0.071,0.089,0.169,138,108,4010,565,1258,0.449,324,745,0.435,241,513,0.47,0.578,288,351,0.821,67,272,339,182,87,8,164,219,1742,0.048,0.092,0.043,0.036,COL
581,1630267,2021,Facundo Campazzo,facundo-campazzo,7,G,195,3/23/1991,31,1,Murcia,70,138,23,2661,230,624,0.369,137,420,0.326,141,171,0.825,45,208,253,461,148,37,143,259,738,-0.009,-0.024,-0.051,729,602,18612.3,2601,5896,0.441,1052,2941,0.358,,,,,2187,2695,0.812,334,1743,2077,3914,1217,47,1642,1747,8443,0.114,0.113,,0.145,INT
582,1628432,2021,Davon Reed,davon-reed,9,G,206,6/11/1995,27,2,Miami,77,122,7,1299,136,333,0.408,67,174,0.385,34,51,0.667,28,184,212,92,50,15,47,122,373,0.1,0.09,-0.045,131,99,3679,438,1018,0.43,202,512,0.395,236,506,0.466,0.529,265,340,0.779,86,391,477,216,113,48,187,247,1343,0.127,0.1,0.209,0.16,COL
583,1629185,2021,Chris Chiozza,chris-chiozza,2,G,175,11/21/1995,26,3,Florida,71,91,4,1037,112,317,0.353,59,172,0.343,20,25,0.8,22,95,117,217,42,11,81,90,303,0.073,-0.012,0,139,65,3494,344,879,0.391,130,398,0.327,214,481,0.445,0.465,207,277,0.747,56,386,442,571,191,7,223,288,1025,0.073,0.036,0.131,0.332,COL
584,202357,2021,Nemanja Bjelica,nemanja-bjelica,8,F,234,5/9/1988,34,6,Fenerbahce,81,449,162,9172,1279,2746,0.466,498,1296,0.384,356,469,0.759,486,1565,2051,825,288,184,459,1058,3412,-0.003,-0.004,0.032,295,132,6186.8,898,1891,0.475,313,862,0.363,,,,,360,495,0.727,400,1137,1537,400,222,110,342,768,2469,0.159,0.172,,0.143,INT
585,1629683,2021,Quinndary Weatherspoon,quinndary-weatherspoon,15,G,205,9/10/1996,25,2,Mississippi State,75,42,0,272,33,73,0.452,3,16,0.188,19,23,0.826,6,26,32,24,12,4,18,41,88,0.043,0,0,131,117,4081,706,1471,0.48,187,508,0.368,519,963,0.539,0.544,413,524,0.788,188,487,675,315,201,46,307,301,2012,0.06,0.083,0.096,0.043,COL
586,202322,2021,John Wall,john-wall,1,G,210,9/6/1990,31,10,Kentucky,75,647,604,22586,4373,10171,0.43,651,2021,0.322,2691,3468,0.776,361,2343,2704,5735,1045,439,2412,1394,12088,0.021,0.026,0.01,37,37,1288,202,438,0.461,37,114,0.325,165,324,0.509,0.503,175,232,0.754,30,129,159,241,66,19,149,72,616,0,0,0,0,COL
587,1628021,2021,David Nwaba,david-nwaba,2,G-F,219,1/14/1993,29,5,Cal Poly,77,237,50,4583,603,1231,0.49,87,272,0.32,329,489,0.673,236,630,866,246,177,106,163,447,1622,-0.09,-0.024,0.032,88,77,2291,373,788,0.473,4,24,0.167,369,764,0.483,0.476,297,457,0.65,164,302,466,180,96,49,141,174,1047,0.098,0,0.088,0.063,COL
588,203918,2021,Rodney Hood,rodney-hood,22,G-F,208,10/20/1992,29,7,Duke,80,448,253,10977,1688,4023,0.42,647,1770,0.366,633,753,0.841,158,1002,1160,736,301,80,426,855,4656,0.005,-0.003,0.086,67,62,2200,318,699,0.455,118,298,0.396,200,401,0.499,0.539,136,176,0.773,60,231,291,139,38,23,84,132,890,0.021,0.056,0.012,0.148,COL
589,201961,2021,Wayne Ellington,wayne-ellington,2,G,207,11/29/1987,34,12,North Carolina,76,770,206,16100,2233,5441,0.41,1214,3175,0.382,510,605,0.843,238,1405,1643,852,412,66,508,884,6190,-0.013,-0.013,-0.028,115,112,3278,616,1331,0.463,229,577,0.397,387,754,0.513,0.549,233,288,0.809,126,343,469,258,109,14,175,168,1694,0.05,0.046,0.051,0.059,COL
590,2546,2021,Carmelo Anthony,carmelo-anthony,7,F,238,5/29/1984,38,18,Syracuse,79,1260,1120,43513,10119,22643,0.447,1731,4873,0.355,6320,7764,0.814,1983,5825,7808,3422,1223,644,3052,3543,28289,0.021,0.034,0.039,35,35,1274,277,612,0.453,56,166,0.337,221,446,0.496,0.498,168,238,0.706,101,248,349,77,55,30,77,77,778,0,0,0,0,COL
591,203145,2021,Kent Bazemore,kent-bazemore,9,G-F,195,7/1/1989,32,9,Old Dominion,76,657,310,13545,1929,4668,0.413,694,1947,0.356,862,1190,0.724,237,1835,2072,1154,658,309,905,1338,5414,0.039,0.06,0.105,140,103,3681,516,1155,0.447,100,299,0.334,416,856,0.486,0.49,284,489,0.581,191,451,642,379,250,67,320,306,1416,0.079,0.143,0.059,0.233,COL
592,1626169,2021,Stanley Johnson,stanley-johnson,14,F-G,242,5/29/1996,26,6,Arizona,78,449,104,8877,1028,2630,0.391,340,1114,0.305,410,548,0.748,253,1151,1404,679,383,106,480,871,2806,0.016,-0.005,-0.026,38,37,1081,174,390,0.446,43,116,0.371,131,274,0.478,0.501,132,178,0.742,75,172,247,63,57,15,82,100,523,0,0,0,0,COL
593,202340,2021,Avery Bradley,avery-bradley,20,G,180,11/26/1990,31,11,Texas,75,660,544,18151,2914,6716,0.434,859,2353,0.365,592,756,0.783,397,1466,1863,1105,655,128,868,1427,7279,0.086,-0.043,-0.008,34,32,1003,159,368,0.432,42,112,0.375,117,256,0.457,0.489,36,66,0.545,33,65,98,71,44,18,52,80,396,0,0,0,0,COL
594,1628539,2021,Mychal Mulder,mychal-mulder,12,G,195,6/12/1994,28,2,Kentucky,75,84,12,1208,169,409,0.413,118,320,0.369,27,38,0.711,13,94,107,39,18,15,29,89,483,0.009,0.05,0,56,2,428,56,149,0.376,37,108,0.343,19,41,0.463,0.5,14,15,0.933,25,50,75,20,9,6,13,33,163,0,0,0,0,COL
595,201586,2021,Serge Ibaka,serge-ibaka,25,F,235,9/18/1989,32,12,Ricoh Manresa,82,919,697,25127,4575,8916,0.513,614,1709,0.359,1264,1669,0.757,1894,4619,6513,749,373,1759,1187,2480,11028,-0.033,0.014,0.134,43,9,675.2,124,223,0.556,1,5,0.2,,,,,44,58,0.759,62,130,192,6,17,33,39,73,293,0.027,0,,0,INT
596,1629730,2021,Rayjon Tucker,rayjon-tucker,59,G,209,9/24/1997,24,2,Little Rock,75,39,0,300,35,70,0.5,9,29,0.31,38,49,0.776,7,32,39,21,7,1,13,23,117,0,0,0,98,37,2368,334,661,0.505,115,278,0.414,219,383,0.572,0.592,298,394,0.756,70,333,403,113,67,28,151,192,1081,0.054,0.094,0.087,0.063,COL
597,1627774,2021,Jake Layman,jake-layman,10,F,209,3/7/1994,28,5,Maryland,80,243,49,3099,458,996,0.46,131,437,0.3,128,178,0.719,102,315,417,127,99,71,122,254,1175,0.168,0.045,0.01,141,115,3938,482,1083,0.445,198,547,0.362,284,536,0.53,0.536,274,361,0.759,159,515,674,156,123,113,204,272,1436,0.104,0.097,0.169,0.138,COL
598,202328,2021,Greg Monroe,greg-monroe,15,F-C,250,6/4/1990,32,9,Georgetown,82,646,417,17670,3371,6556,0.514,1,17,0.059,1659,2361,0.703,1799,3494,5293,1376,680,373,1198,1435,8402,-0.035,0,0.08,65,65,2122,345,635,0.543,9,33,0.273,336,602,0.558,0.55,243,359,0.677,136,395,531,207,99,97,189,164,942,0.047,0,0.033,0.04,COL
599,200746,2021,LaMarcus Aldridge,lamarcus-aldridge,21,C-F,250,7/19/1985,36,15,Texas,83,1076,997,36242,8311,16872,0.493,227,710,0.32,3709,4563,0.813,2776,5960,8736,2076,758,1187,1643,2598,20558,-0.011,0.092,0.091,53,53,1602,276,471,0.586,0,0,,276,471,0.586,0.586,161,248,0.649,178,256,434,34,67,97,87,141,713,0.094,0,0.094,0.011,COL
600,203457,2021,Nerlens Noel,nerlens-noel,3,C-F,220,4/10/1994,28,7,Kentucky,83,467,223,10280,1375,2518,0.546,3,15,0.2,585,893,0.655,898,1936,2834,501,588,683,593,1192,3338,0.088,0,0.05,24,24,765,98,166,0.59,0,0,,98,166,0.59,0.59,55,104,0.529,65,162,227,38,50,106,45,62,251,0,0,0,0,COL
601,202689,2021,Kemba Walker,kemba-walker,8,G,184,5/8/1990,32,10,Connecticut,72,750,697,24809,4999,11954,0.418,1670,4642,0.36,2818,3354,0.84,418,2413,2831,3938,923,282,1574,1111,14486,0.052,0.055,0.051,111,77,3647,578,1350,0.428,126,387,0.326,452,963,0.469,0.475,501,640,0.783,116,377,493,460,185,28,258,171,1783,0.067,0.068,0.092,0.104,COL
602,1627853,2021,Ryan Arcidiacono,ryan-arcidiacono,51,G,195,3/26/1994,28,4,Villanova,75,257,40,3939,358,851,0.421,181,491,0.369,134,166,0.807,53,399,452,487,122,7,135,359,1031,0.001,0.081,-0.067,144,142,4592,487,1228,0.397,261,729,0.358,226,499,0.453,0.503,369,461,0.8,44,289,333,535,169,4,253,282,1604,0.102,0.067,0.12,0.133,COL
603,1629649,2021,Ignas Brazdeikis,ignas-brazdeikis,17,F,221,1/8/1999,23,2,Michigan,78,64,1,837,122,293,0.416,39,124,0.315,35,51,0.686,36,86,122,58,14,7,31,73,318,0.149,-0.062,0,37,37,1096,188,407,0.462,56,143,0.392,132,264,0.5,0.531,116,150,0.773,43,158,201,31,26,18,46,79,548,0,0,0,0,COL
604,1629962,2021,Devin Cannady,devin-cannady,30,G,183,5/21/1996,26,1,Princeton,74,13,0,218,26,72,0.361,21,53,0.396,11,14,0.786,1,10,11,11,10,4,7,18,84,-0.032,0,0,104,67,3235,481,1091,0.441,268,665,0.403,213,426,0.5,0.564,285,318,0.896,53,375,428,169,113,18,140,198,1515,0.069,0.096,0.102,0.069,COL
605,202362,2021,Lance Stephenson,lance-stephenson,6,F,210,9/5/1990,31,9,Cincinnati,77,554,200,12680,1885,4240,0.445,373,1189,0.314,595,857,0.694,344,1907,2251,1621,357,76,908,1086,4738,0.116,0.186,0.064,34,32,960,162,368,0.44,16,73,0.219,146,295,0.495,0.462,79,119,0.664,63,119,182,84,31,6,81,66,419,0,0,0,0,COL
606,200794,2021,Paul Millsap,paul-millsap,8,F,257,2/10/1985,37,15,Louisiana Tech,79,1085,746,30497,5455,11158,0.489,541,1588,0.341,3085,4190,0.736,2343,5330,7673,2378,1327,1045,1829,3248,14536,-0.037,-0.049,0.063,92,91,3240,658,1141,0.577,6,16,0.375,652,1125,0.58,0.579,386,623,0.62,504,668,1172,87,121,183,224,289,1708,0.016,0,0.009,0.04,COL
607,202339,2021,Eric Bledsoe,eric-bledsoe,5,G,214,12/9/1989,32,11,Kentucky,73,756,568,21020,3689,8169,0.452,854,2545,0.336,2116,2698,0.784,570,2367,2937,3545,1028,344,1888,1493,10348,0.03,0.061,0.041,37,35,1122,144,312,0.462,49,128,0.383,95,184,0.516,0.54,82,123,0.667,19,95,114,107,52,12,112,82,419,0,0,0,0,COL
608,1629604,2021,CJ Elleby,cj-elleby,16,F-G,200,6/16/2000,22,1,Washington State,78,88,28,1366,146,374,0.39,44,160,0.275,71,99,0.717,77,182,259,97,41,22,61,143,407,0.011,0.069,0,64,60,2060,365,883,0.413,127,346,0.367,238,537,0.443,0.485,203,271,0.749,90,388,478,156,89,44,165,176,1060,0.04,0.075,0.008,0.162,COL
609,1630190,2021,Elijah Hughes,elijah-hughes,19,G,215,3/10/1998,24,1,Syracuse,77,54,4,498,57,174,0.328,33,118,0.28,10,13,0.769,7,60,67,28,15,9,23,40,157,-0.006,-0.076,0,91,73,2798,411,999,0.411,189,552,0.342,222,447,0.497,0.506,258,338,0.763,48,315,363,191,93,64,160,176,1269,0.078,0.096,0.075,0.129,COL
610,1629833,2021,Keljin Blevins,keljin-blevins,21,G,200,11/24/1995,26,1,Montana State,76,48,1,424,39,131,0.298,23,80,0.288,6,11,0.545,19,36,55,23,15,1,22,37,107,0.048,0,0,117,99,2710,319,800,0.399,45,192,0.234,274,608,0.451,0.427,207,321,0.645,150,363,513,122,62,31,210,225,890,0.161,0.155,0.078,0.059,COL
611,203463,2021,Ben McLemore,ben-mclemore,23,G,195,2/11/1993,29,8,Kansas,75,556,268,12533,1768,4270,0.414,868,2392,0.363,611,783,0.78,222,1047,1269,563,353,106,608,1175,5015,0.035,0.041,-0.025,37,36,1191,198,400,0.495,73,174,0.42,125,226,0.553,0.586,120,138,0.87,47,145,192,73,37,25,77,69,589,0,0,0,0,COL
612,1629712,2021,Didi Louzada,didi-louzada,35,G,188,7/2/1999,22,1,Sydney,77,12,1,185,15,46,0.326,11,31,0.355,2,2,1,6,14,20,8,4,2,8,18,43,-0.019,-0.031,0,225,139,5381.3,842,1941,0.434,351,976,0.36,,,,,339,445,0.762,155,651,806,374,200,25,274,414,2374,0.107,0.163,,0.29,INT
613,203090,2021,Maurice Harkless,maurice-harkless,8,F-G,220,5/11/1993,29,9,St. John's (NY),79,621,372,14018,1686,3554,0.474,378,1182,0.32,509,816,0.624,658,1540,2198,572,583,399,521,1265,4259,0.013,0.044,0.059,32,32,1155,193,427,0.452,17,79,0.215,176,348,0.506,0.472,94,139,0.676,88,188,276,47,51,45,80,74,497,0,0,0,0,COL
614,203087,2021,Jeremy Lamb,jeremy-lamb,26,G-F,180,5/30/1992,30,9,Connecticut,77,573,136,11896,2127,4841,0.439,601,1755,0.342,950,1109,0.857,303,1770,2073,904,417,218,466,924,5805,0.083,0.041,0.056,75,74,2406,399,828,0.482,117,336,0.348,282,492,0.573,0.553,145,180,0.806,82,267,349,124,77,46,120,121,1060,0.009,0.032,0.055,0.013,COL
615,1628367,2021,Josh Jackson,josh-jackson,55,G-F,207,2/10/1997,25,4,Kansas,80,291,92,6718,1222,2939,0.416,263,901,0.292,569,837,0.68,250,909,1159,534,251,169,536,733,3276,-0.003,0.026,0.049,35,35,1077,220,429,0.513,34,90,0.378,186,339,0.549,0.552,98,173,0.566,81,177,258,104,59,37,97,104,572,0,0,0,0,COL
616,1629719,2021,Devontae Cacok,devontae-cacok,18,F,240,10/8/1996,25,2,UNC Wilmington,79,36,1,227,41,66,0.621,0,0,0,9,18,0.5,22,57,79,8,13,11,8,24,91,0.047,0,0,129,97,3064,651,1018,0.639,1,1,1,650,1017,0.639,0.64,290,490,0.592,450,812,1262,66,112,91,198,418,1593,0.215,0,0.215,0.205,COL
617,1630218,2021,Robert Woodard II,robert-woodard,28,F,235,9/22/1999,22,1,Mississippi State,78,25,0,87,10,36,0.278,2,10,0.2,5,10,0.5,9,18,27,5,1,4,2,7,27,0,0,0,97,18,1342,164,346,0.474,6,14,0.429,158,332,0.476,0.483,91,142,0.641,247,85,63,,,4,31,100,425,0.183,0,0.153,0.043,COL
618,1628982,2021,Melvin Frazier Jr.,melvin-frazier,6,G-F,215,8/30/1996,25,2,Tulane,77,32,0,289,35,103,0.34,9,43,0.209,8,15,0.533,10,18,28,5,11,2,9,25,87,0.007,0,0,94,69,2601,359,746,0.481,81,260,0.312,278,486,0.572,0.536,198,303,0.653,115,298,413,156,152,45,187,189,997,0.155,0.121,0.144,0.196,COL
619,202324,2021,Derrick Favors,derrick-favors,15,F,265,7/15/1991,30,11,Georgia Tech,81,790,503,19201,3420,6407,0.534,38,192,0.198,1476,2225,0.663,1933,3675,5608,851,577,939,995,1976,8354,0.022,-0.002,0.046,36,35,989,179,293,0.611,0,1,0,179,292,0.613,0.611,90,143,0.629,108,195,303,37,32,74,90,94,448,0,0,0,0,COL
620,1629717,2021,Armoni Brooks,armoni-brooks,1,G,195,6/5/1998,24,1,Houston,75,84,16,1468,191,527,0.362,145,438,0.331,26,35,0.743,37,152,189,97,41,17,52,111,553,-0.052,-0.063,0,100,40,2180,327,788,0.415,229,577,0.397,98,211,0.464,0.56,59,83,0.711,80,345,425,56,65,25,61,133,942,0.028,0.057,0.128,0.185,COL
621,1629067,2021,Isaac Bonga,isaac-bonga,17,G,180,11/8/1999,22,3,Skyliners Frankfurt,80,143,57,1870,156,361,0.432,39,130,0.3,88,116,0.759,102,218,320,118,73,37,88,238,439,0.288,-0.03,0,89,45,1883.8,212,515,0.412,37,145,0.255,,,,,191,242,0.789,100,257,357,220,109,43,244,191,652,0.1,0.087,,0.222,INT
622,1629672,2021,Eric Paschall,eric-paschall,0,F,255,11/4/1996,25,2,Villanova,78,158,31,3085,580,1173,0.494,95,291,0.326,297,392,0.758,140,369,509,214,53,25,164,244,1552,-0.003,0.039,-0.016,137,109,4057,589,1259,0.468,170,513,0.331,419,746,0.562,0.535,339,443,0.765,210,494,704,209,101,71,265,314,1687,0.114,0.077,0.151,0.118,COL
623,202355,2021,Hassan Whiteside,hassan-whiteside,21,C,265,6/13/1989,33,9,Marshall,84,511,332,12646,2687,4583,0.586,8,26,0.308,1068,1765,0.605,1608,3915,5523,326,271,1143,756,1341,6450,0.142,0,0.106,34,23,889,167,319,0.524,3,5,0.6,164,314,0.522,0.528,110,187,0.588,92,211,303,10,19,182,64,82,447,0,0,0,0,COL
624,1627823,2021,Juancho Hernangomez,juancho-hernangomez,41,F,214,9/28/1995,26,5,Estudiantes,81,339,76,5268,590,1379,0.428,266,777,0.342,265,392,0.676,268,863,1131,216,131,71,167,365,1711,-0.027,-0.06,-0.092,62,25,1085.9,131,295,0.444,39,115,0.339,,,,,95,132,0.72,85,171,256,27,35,17,57,68,396,0.055,0,,0,INT
625,1630179,2021,Tyrell Terry,tyrell-terry,3,G,160,9/28/2000,21,1,Stanford,74,13,0,59,6,17,0.353,0,7,0,1,3,0.333,0,6,6,6,5,0,2,3,13,0,0,0,31,31,1010,147,333,0.441,62,152,0.408,85,181,0.47,0.535,98,110,0.891,11,128,139,99,43,2,82,64,454,0,0,0,0,COL
626,1629633,2021,Jarrett Culver,jarrett-culver,23,G-F,195,2/20/1999,23,2,Texas Tech,78,144,43,2479,367,915,0.401,92,333,0.276,108,212,0.509,127,275,402,173,100,54,136,239,934,-0.003,-0.016,0.035,75,58,2212,399,870,0.459,104,305,0.341,295,565,0.522,0.518,217,316,0.687,93,327,420,209,98,48,160,150,1119,0.006,0.078,0.012,0.059,COL
627,1629681,2021,Killian Tillie,killian-tillie,35,F-C,220,3/5/1998,24,1,Gonzaga,81,54,4,642,62,184,0.337,37,119,0.311,14,19,0.737,27,57,84,30,28,23,15,78,175,0.004,0.008,0,108,59,2188,385,702,0.548,106,239,0.444,279,463,0.603,0.624,147,196,0.75,128,369,497,148,88,77,113,250,1023,0.08,0.079,0.102,0.052,COL
628,1630216,2021,Cassius Winston,cassius-winston,5,G,185,2/28/1998,24,1,Michigan State,73,29,0,137,18,44,0.409,10,23,0.435,9,10,0.9,0,10,10,19,2,1,8,17,55,0,0,0,139,108,3997,648,1405,0.461,259,602,0.43,389,803,0.484,0.553,414,490,0.845,32,342,374,890,125,12,374,275,1969,0.084,0.117,0.069,0.125,COL
629,203107,2021,Tomas Satoransky,tomas-satoransky,31,G,210,10/30/1991,30,5,FC Barcelona,79,388,182,8616,997,2132,0.468,237,670,0.354,445,543,0.82,312,805,1117,1586,309,60,513,658,2676,0.045,0.1,0.121,342,231,7582.4,1043,2116,0.493,253,657,0.385,,,,,548,697,0.786,215,710,925,1125,310,53,604,700,2887,0.107,0.152,,0.141,INT
630,1629035,2021,Carsen Edwards,carsen-edwards,4,G,200,3/12/1998,24,2,Purdue,71,72,1,705,98,269,0.364,46,155,0.297,25,33,0.758,11,68,79,52,21,5,27,63,267,0.036,-0.014,0,108,94,3180,634,1538,0.412,281,763,0.368,353,775,0.455,0.504,371,454,0.817,41,322,363,270,126,21,241,206,1920,0.076,0.066,0.092,0.094,COL
631,1628402,2021,Frank Jackson,frank-jackson,5,G,205,5/4/1998,24,3,Duke,75,214,31,3873,656,1557,0.421,247,743,0.332,257,327,0.786,82,310,392,222,84,16,169,311,1816,-0.012,0.019,0.046,52,13,1164,92,195,0.472,0,0,,92,195,0.472,0.472,77,140,0.55,226,15,8,,,50,29,59,261,0.016,0,0.016,0.119,COL
632,203524,2020,Solomon Hill,solomon-hill,18,F,226,3/18/1991,30,7,Arizona,78,448,189,9654,843,2175,0.388,362,1093,0.331,405,508,0.797,289,1110,1399,662,307,99,377,765,2453,-0.036,0.034,-0.032,139,129,4030,487,1012,0.481,115,307,0.375,372,705,0.528,0.538,341,458,0.745,250,523,773,304,127,49,290,339,1430,0.042,0.036,0.043,0.075,COL
633,203953,2020,Jabari Parker,jabari-parker,20,F,245,3/15/1995,26,6,Duke,80,310,190,8537,1767,3579,0.494,212,651,0.326,634,853,0.743,449,1254,1703,610,271,118,534,627,4380,0.006,0.059,0.038,35,35,1074,236,499,0.473,38,106,0.358,198,393,0.504,0.511,160,214,0.748,105,201,306,41,37,43,81,83,670,0,0,0,0,COL
634,1628400,2020,Semi Ojeleye,semi-ojeleye,37,F,240,12/5/1994,26,3,Southern Methodist,78,284,24,4111,331,862,0.384,189,549,0.344,124,173,0.717,145,468,613,126,76,19,93,300,975,0.03,0.019,0.107,58,35,1338,222,463,0.479,81,195,0.415,141,268,0.526,0.567,186,237,0.785,90,179,269,56,22,18,55,79,711,0,0,0,0,COL
635,1629682,2020,Tremont Waters,tremont-waters,51,G,175,1/10/1998,23,1,Louisiana State,70,40,4,406,52,147,0.354,21,71,0.296,24,25,0.96,5,32,37,85,30,3,46,34,149,0.075,0.139,0,66,61,2159,340,803,0.423,128,376,0.34,212,427,0.496,0.503,221,274,0.807,20,183,203,390,163,7,210,138,1029,0.013,0.024,0.022,0.012,COL
636,1629605,2020,Tacko Fall,tacko-fall,99,C,311,12/10/1995,25,1,UCF,89,37,1,226,37,55,0.673,0,0,0,8,25,0.32,24,66,90,6,2,30,12,32,82,0,0,0,115,110,2649,497,672,0.74,0,1,0,497,671,0.741,0.74,166,384,0.432,307,580,887,50,25,280,240,299,1160,0.052,0,0.049,0.196,COL
637,1629725,2020,Jeremiah Martin,jeremiah-martin,3,G,185,6/19/1996,25,1,Memphis,74,18,0,174,33,86,0.384,8,30,0.267,12,19,0.632,3,14,17,22,12,4,10,8,86,-0.069,0,0,124,99,3679,517,1173,0.441,147,452,0.325,370,721,0.513,0.503,444,596,0.745,96,301,397,436,222,70,249,238,1625,0.118,0.064,0.191,0.148,COL
638,1628422,2020,Damyean Dotson,damyean-dotson,21,G,210,5/6/1994,27,3,Houston,77,213,49,4241,603,1446,0.417,253,733,0.345,135,190,0.711,58,474,532,315,109,20,151,255,1594,-0.03,0.022,0.015,134,133,3906,645,1390,0.464,243,639,0.38,402,751,0.535,0.551,199,250,0.796,166,509,675,149,101,21,154,214,1732,0.068,0.13,0.163,0.11,COL
639,1628411,2020,Wes Iwundu,wesley-iwundu,4,F,195,12/20/1994,26,3,Kansas State,78,226,51,3828,345,845,0.408,74,253,0.292,225,282,0.798,115,440,555,208,102,51,120,341,989,-0.028,0.077,0.076,132,123,3728,425,917,0.463,51,151,0.338,374,766,0.488,0.491,348,506,0.688,152,466,618,366,121,52,280,277,1249,0.077,0.176,0.104,0.172,COL
640,203263,2020,James Nunnally,james-nunnally,21,F,205,7/14/1990,30,2,UC Santa Barbara,79,37,0,314,32,93,0.344,20,62,0.323,11,15,0.733,3,30,33,18,7,2,10,22,95,0.028,0,0,123,93,3618,558,1201,0.465,187,484,0.386,371,717,0.517,0.542,382,487,0.784,119,514,633,247,70,25,276,234,1685,0.015,0.094,0.098,0.084,COL
641,202329,2020,Al-Farouq Aminu,al-farouq-aminu,5,F,220,9/21/1990,30,10,Wake Forest,80,711,445,17698,1948,4641,0.42,543,1634,0.332,911,1221,0.746,982,3298,4280,879,678,397,863,1302,5350,0.025,0.017,-0.027,62,60,1869,313,657,0.476,25,105,0.238,288,552,0.522,0.495,241,351,0.687,204,381,585,87,74,82,180,172,892,0.069,0.094,0.086,0.027,COL
642,1626245,2020,Cristiano Felicio,cristiano-felicio,6,F-C,270,7/7/1992,28,5,Flamengo,83,252,20,3553,431,754,0.572,0,14,0,216,321,0.673,381,611,992,183,72,50,155,358,1078,0.016,0,-0.035,121,28,1852.8,295,482,0.612,7,29,0.241,,,,,155,225,0.689,222,315,537,61,43,47,130,289,752,0.101,0,,0.102,INT
643,1629690,2020,Adam Mokoka,adam-mokoka,20,G,190,7/18/1998,22,1,Mega Basket,76,25,0,167,19,47,0.404,7,25,0.28,2,5,0.4,8,7,15,9,6,1,7,22,47,0,0,0,226,118,4743.9,661,1511,0.437,198,646,0.307,,,,,400,562,0.712,170,458,628,471,162,60,359,500,1920,0.139,0.115,,0.23,INT
644,1627756,2020,Denzel Valentine,denzel-valentine,45,G,220,11/16/1993,27,3,Michigan State,76,256,45,4817,680,1728,0.394,361,1004,0.36,74,94,0.787,101,756,857,466,159,31,228,412,1795,0.039,0.011,0,144,116,4182,579,1309,0.442,265,650,0.408,314,659,0.476,0.544,222,285,0.779,157,698,855,639,132,40,317,303,1645,0.054,0.163,0.111,0.186,COL
645,200755,2020,JJ Redick,jj-redick,17,G,200,6/24/1984,37,14,Duke,75,940,488,23965,4009,8976,0.447,1950,4704,0.415,2060,2310,0.892,172,1731,1903,1862,420,88,1040,1417,12028,0.034,0.021,-0.006,139,134,4732,825,1906,0.433,457,1126,0.406,368,780,0.472,0.553,662,726,0.912,66,309,375,306,152,9,296,226,2769,0.062,0.026,0.106,0.09,COL
646,1629740,2020,Nicolo Melli,nicolo-melli,44,F,236,1/26/1991,30,1,Fenerbahce,81,105,12,1608,182,464,0.392,92,291,0.316,73,98,0.745,67,235,302,126,48,26,58,182,529,-0.044,-0.029,0.005,864,595,18713.6,2275,4797,0.474,671,1826,0.367,,,,,1035,1413,0.732,1090,3072,4162,1240,689,412,891,2160,6258,0.209,0.208,,0.295,INT
647,1629346,2020,Alen Smailagic,alen-smailagic,6,F,215,8/18/2000,20,1,Beko,82,29,1,222,31,67,0.463,7,23,0.304,18,25,0.72,16,27,43,17,6,9,16,25,87,-0.037,0,0,248,116,4040.1,664,1184,0.561,165,433,0.381,,,,,335,457,0.733,298,450,748,188,163,129,221,585,1828,0.064,0.148,,0.095,INT
648,1628395,2020,Jordan Bell,jordan-bell,7,F,216,1/7/1995,26,3,Oregon,80,161,17,1937,257,466,0.552,4,20,0.2,75,118,0.636,153,344,497,201,62,122,118,200,593,-0.085,0,-0.054,105,62,2591,345,566,0.61,3,16,0.188,342,550,0.622,0.612,121,192,0.63,224,495,719,155,111,234,162,241,814,0.06,0,0.076,0.182,COL
649,1628391,2020,D.J. Wilson,dj-wilson,0,F,231,2/19/1996,25,3,Michigan,82,148,6,1818,248,588,0.422,98,296,0.331,63,102,0.618,81,373,454,110,40,45,79,176,657,-0.008,-0.03,0.068,69,36,1337,192,366,0.525,49,135,0.363,143,231,0.619,0.592,58,71,0.817,62,165,227,58,25,70,52,97,491,0.064,0,0.055,0,COL
650,1629017,2020,Khyri Thomas,khyri-thomas,13,G,210,5/8/1996,25,2,Creighton,75,39,2,409,59,152,0.388,24,76,0.316,18,24,0.75,12,27,39,36,19,11,13,39,160,0.081,0.02,0,102,95,2773,429,839,0.511,131,323,0.406,298,516,0.578,0.589,151,210,0.719,116,355,471,255,141,26,165,180,1140,0.067,0.025,0.143,0.267,COL
651,1627812,2020,Yogi Ferrell,kevin-ferrell,11,G,178,5/9/1993,28,4,Indiana,72,259,53,5212,723,1721,0.42,289,791,0.365,259,310,0.835,70,467,537,601,167,29,219,356,1994,0.049,0.073,-0.032,137,137,4496,637,1475,0.432,272,681,0.399,365,794,0.46,0.524,440,530,0.83,76,362,438,633,114,9,312,231,1986,0.055,0.117,0.059,0.062,COL
652,202335,2020,Patrick Patterson,patrick-patterson,54,F,235,3/14/1989,32,10,Kentucky,80,719,104,14920,1871,4185,0.447,630,1709,0.369,410,543,0.755,822,1977,2799,736,368,296,450,1116,4782,-0.102,0.005,0.04,97,97,3295,617,1054,0.585,24,73,0.329,593,981,0.604,0.597,306,417,0.734,279,512,791,146,69,152,159,206,1564,0.029,0,0.045,0.076,COL
653,201162,2020,Jared Dudley,jared-dudley,10,F,237,7/10/1985,35,13,Boston College,78,904,286,20116,2408,5197,0.463,883,2247,0.393,934,1276,0.732,805,2044,2849,1395,710,167,763,1636,6633,-0.004,0.173,-0.01,130,130,4727,689,1368,0.504,120,329,0.365,569,1039,0.548,0.548,573,784,0.731,371,565,936,395,176,37,268,248,2071,0.097,0.127,0.1,0.044,COL
654,201188,2020,Marc Gasol,marc-gasol,14,C,255,1/29/1985,36,12,FC Barcelona,83,891,866,28720,4635,9638,0.481,431,1197,0.36,2813,3625,0.776,1411,5193,6604,2996,792,1254,1755,2551,12514,-0.052,-0.019,0.042,178,89,3422.3,532,868,0.613,22,61,0.361,,,,,410,609,0.673,261,559,820,205,121,139,219,326,1496,0.294,0,,0.17,INT
655,1628035,2020,Alfonzo McKinnie,alfonzo-mckinnie,28,F,215,9/17/1992,28,3,Green Bay,79,182,9,2114,287,615,0.467,84,258,0.326,63,108,0.583,154,300,454,57,51,27,71,266,721,-0.022,-0.031,0.057,96,53,1811,271,536,0.506,27,77,0.351,244,459,0.532,0.531,120,193,0.622,182,313,495,23,47,50,121,264,689,0.138,0,0.067,0.214,COL
656,1628961,2020,Kostas Antetokounmpo,kostas-antetokounmpo,37,F,200,11/20/1997,23,2,Dayton,82,22,0,86,6,16,0.375,0,0,0,9,19,0.474,6,17,23,3,4,4,13,10,21,0,0,0,29,6,438,58,101,0.574,2,15,0.133,56,86,0.651,0.584,33,64,0.516,24,59,83,13,7,31,39,66,151,0,0,0,0,COL
657,2772,2020,Trevor Ariza,trevor-ariza,8,F,215,6/30/1985,36,16,UCLA,80,1118,769,32954,4135,9804,0.422,1605,4579,0.351,1718,2350,0.731,1081,4275,5356,2379,1628,355,1473,2205,11593,-0.02,0.032,0.037,25,23,789,107,251,0.426,18,76,0.237,89,175,0.509,0.462,57,113,0.504,61,101,162,52,42,11,81,69,289,0,0,0,0,COL
658,1629644,2020,KZ Okpala,kezie-okpala,11,F-G,215,4/28/1999,22,1,Stanford,80,98,12,965,85,208,0.409,28,98,0.286,24,36,0.667,40,108,148,47,23,26,28,125,222,0.029,0.049,0,52,50,1604,245,558,0.439,39,118,0.331,206,440,0.468,0.474,190,282,0.674,61,190,251,99,52,28,140,143,719,0.07,0.142,0.068,0.008,COL
659,201952,2020,Jeff Teague,jeff-teague,5,G,195,6/10/1988,33,11,Wake Forest,75,826,600,22163,3548,7984,0.444,708,1967,0.36,2257,2673,0.844,274,1715,1989,4585,936,277,1803,1542,10061,0.048,0.144,0.009,61,52,1883,315,682,0.462,77,183,0.421,238,499,0.477,0.518,293,361,0.812,31,153,184,184,113,35,180,138,1000,0.051,0.046,0.054,0.014,COL
660,1628382,2020,Justin Jackson,justin-jackson,44,F,220,3/28/1995,26,3,North Carolina,80,280,61,4885,638,1508,0.423,236,739,0.319,164,206,0.796,117,537,654,285,94,43,118,291,1676,-0.015,0.018,0.079,118,114,3430,615,1341,0.459,168,496,0.339,447,845,0.529,0.521,228,320,0.713,181,300,481,314,76,45,163,179,1626,0.034,0.078,0.034,0.081,COL
661,1626253,2020,Axel Toupane,axel-toupane,66,G-F,210,7/23/1992,28,2,Strasbourg IG,79,33,1,414,34,90,0.378,15,46,0.326,18,24,0.75,8,30,38,19,10,10,6,52,101,0,0,0,413,197,7717.9,971,2283,0.425,331,997,0.332,,,,,547,742,0.737,127,940,1067,472,304,61,416,795,2820,0.129,0.133,,0.282,INT
662,204020,2020,Tyler Johnson,tyler-johnson,10,G,186,5/7/1992,29,6,Fresno State,75,354,78,8708,1246,2924,0.426,438,1217,0.36,539,692,0.779,187,882,1069,813,288,140,373,637,3469,0.003,-0.021,0.092,128,87,3538,491,1077,0.456,119,320,0.372,372,757,0.491,0.511,249,348,0.716,183,436,619,303,140,36,176,337,1350,0.057,0.289,0.071,0.265,COL
663,1628993,2020,Alize Johnson,alize-johnson,24,F,212,4/22/1996,25,2,Missouri State,79,76,1,567,76,158,0.481,5,22,0.227,32,45,0.711,77,151,228,32,15,10,32,56,189,0.095,0,0,66,66,2025,341,746,0.457,81,249,0.325,260,497,0.523,0.511,219,306,0.716,214,521,735,157,35,20,150,152,982,0.058,0.107,0.015,0.082,COL
664,1628455,2020,Mike James,mike-james-1,55,G,175,8/18/1990,30,1,Lamar,73,49,11,922,157,413,0.38,37,129,0.287,85,111,0.766,16,106,122,180,34,8,69,58,436,-0.005,0.011,0.002,56,29,1437,313,709,0.441,74,218,0.339,239,491,0.487,0.494,147,183,0.803,45,114,159,107,76,7,106,107,847,0.033,0.032,0.035,0.006,COL
665,203658,2020,Norvel Pelle,norvel-pelle,14,C,231,2/3/1993,28,1,Iona,82,40,0,334,36,68,0.529,0,1,0,11,20,0.55,29,68,97,10,4,41,23,70,83,0,0,0,105,46,2254.3,330,534,0.618,3,6,0.5,,,,,192,285,0.674,279,493,772,37,47,222,137,289,855,0.054,0,,0.011,INT
666,1628407,2020,Dwayne Bacon,dwayne-bacon,8,G-F,221,8/30/1995,25,3,Florida State,78,207,80,4011,571,1419,0.402,127,404,0.314,234,300,0.78,58,479,537,230,96,14,124,273,1503,0.027,0.058,-0.02,69,67,1987,418,930,0.449,89,285,0.312,329,645,0.51,0.497,214,292,0.733,81,263,344,111,68,5,145,128,1139,0.005,0.052,0.011,0.04,COL
667,203516,2020,James Ennis III,james-ennis,11,F,215,7/1/1990,30,6,Long Beach State,78,395,140,8022,907,1985,0.457,317,880,0.36,498,625,0.797,393,913,1306,373,244,113,303,792,2629,0.051,0.03,-0.044,67,66,2080,299,606,0.493,98,277,0.354,201,329,0.611,0.574,190,241,0.788,107,255,362,158,112,69,168,161,886,0.007,0.007,0.076,0.123,COL
668,1628414,2020,Sindarius Thornwell,sindarius-thornwell,15,G,215,11/15/1994,26,3,South Carolina,76,160,18,1721,138,339,0.407,35,103,0.34,90,134,0.672,41,165,206,111,76,35,82,183,401,-0.036,-0.02,0.019,132,132,4194,596,1521,0.392,179,528,0.339,417,993,0.42,0.451,570,739,0.771,214,471,685,390,199,78,331,320,1941,0.104,0.124,0.078,0.114,COL
669,1626184,2020,Chasson Randle,chasson-randle,25,G,185,2/5/1993,28,3,Stanford,74,119,7,1919,223,556,0.401,106,294,0.361,127,159,0.799,23,149,172,210,58,10,108,197,679,-0.057,0.045,-0.114,144,142,4791,760,1775,0.428,304,787,0.386,456,988,0.462,0.514,551,684,0.806,75,396,471,354,167,11,324,385,2375,0.075,0.079,0.096,0.116,COL
670,203960,2020,JaKarr Sampson,jakarr-sampson,14,F,214,3/20/1993,28,5,St. John's (NY),79,236,94,3549,483,1026,0.471,60,242,0.248,207,309,0.67,154,474,628,161,91,110,188,449,1233,0.042,-0.011,-0.003,66,64,1997,383,816,0.469,1,13,0.077,382,803,0.476,0.47,148,244,0.607,140,280,420,74,57,68,118,183,915,0.046,0,0.042,0.075,COL
671,1629103,2020,Kelan Martin,kelan-martin,21,F,230,8/3/1995,25,1,Butler,77,96,5,1267,203,490,0.414,71,231,0.307,48,54,0.889,47,182,229,61,30,28,50,122,525,0.023,0.045,0,136,71,3656,713,1631,0.437,224,644,0.348,489,987,0.495,0.506,397,505,0.786,140,569,709,161,79,56,237,283,2047,0.035,0.13,0.037,0.144,COL
672,203118,2020,Mike Scott,mike-scott,1,F,237,7/16/1988,32,8,Virginia,79,555,34,9182,1434,3168,0.453,494,1365,0.362,374,494,0.757,378,1349,1727,499,183,74,357,822,3736,-0.03,0.058,-0.011,130,106,3457,585,1122,0.521,16,44,0.364,569,1078,0.528,0.529,352,454,0.775,334,610,944,124,85,51,211,263,1538,0.122,0,0.133,0.178,COL
673,201229,2020,Anthony Tolliver,anthony-tolliver,43,F,240,6/1/1985,36,12,Creighton,80,730,105,14198,1466,3538,0.414,865,2320,0.373,654,848,0.771,545,1871,2416,650,272,215,462,1171,4451,0.123,0.15,0.006,124,93,2662,354,721,0.491,21,63,0.333,333,658,0.506,0.506,275,410,0.671,218,385,603,135,77,136,168,287,1004,0.115,0,0.114,0.175,COL
674,204038,2020,Langston Galloway,langston-galloway,2,G,200,12/9/1991,29,6,St. Joseph's,73,452,62,9840,1304,3286,0.397,639,1738,0.368,409,501,0.816,212,894,1106,732,304,64,269,704,3656,-0.005,0.021,0.004,133,132,4720,657,1501,0.438,343,806,0.426,314,695,0.452,0.552,334,407,0.821,130,467,597,296,171,66,156,327,1991,0.089,0.074,0.104,0.115,COL
675,1627846,2020,Abdel Nader,abdel-nader,11,F,225,9/25/1993,27,3,Iowa State,77,202,8,2582,333,778,0.428,125,350,0.357,135,188,0.718,52,324,376,110,76,55,133,245,926,0.092,0.006,0.135,117,82,2845,432,1106,0.391,128,420,0.305,304,686,0.443,0.448,215,294,0.731,104,399,503,127,95,71,267,287,1207,0.141,0.154,0.195,0.09,COL
676,202734,2020,E'Twaun Moore,etwaun-moore,55,G,191,2/25/1989,32,9,Purdue,75,598,191,12563,1927,4236,0.455,556,1432,0.388,333,449,0.742,282,926,1208,1055,395,131,534,946,4743,0.074,0.01,-0.063,140,135,4517,780,1774,0.44,243,639,0.38,537,1135,0.473,0.508,333,457,0.729,151,459,610,400,164,59,289,325,2136,0.025,0.097,0.039,0.053,COL
677,1626178,2020,Rondae Hollis-Jefferson,rondae-hollis-jefferson,2,F,217,1/3/1995,26,5,Arizona,78,305,154,6760,1004,2238,0.449,44,208,0.212,708,963,0.735,440,1244,1684,579,278,162,392,620,2760,-0.009,-0.017,0.026,76,31,2050,259,522,0.496,8,39,0.205,251,483,0.52,0.504,248,356,0.697,160,315,475,114,72,72,103,186,774,0.012,0,0.035,0.025,COL
678,1628388,2020,T.J. Leaf,tj-leaf,18,F,222,4/30/1997,24,3,UCLA,82,146,2,1238,204,415,0.492,31,91,0.341,38,65,0.585,95,188,283,43,26,28,32,103,477,0.02,-0.073,0,35,35,1048,235,381,0.617,27,58,0.466,208,323,0.644,0.652,72,106,0.679,78,209,287,85,22,39,52,89,569,0,0,0,0,COL
679,1629657,2020,Kyle Guy,kyle-guy,7,G,167,8/11/1997,23,1,Virginia,73,53,0,430,57,158,0.361,27,89,0.303,24,32,0.75,9,44,53,50,13,1,24,33,165,0.029,0.031,0,106,78,3081,466,1075,0.433,254,597,0.425,212,478,0.444,0.552,137,170,0.806,45,272,317,173,74,4,116,117,1323,0.034,0.103,0.109,0.119,COL
680,1629713,2020,Justin James,justin-james,10,G-F,190,1/24/1997,24,1,Wyoming,79,72,0,543,87,195,0.446,23,67,0.343,31,57,0.544,15,47,62,40,14,12,23,40,228,0.029,0.033,0.068,131,73,3684,692,1565,0.442,158,469,0.337,534,1096,0.487,0.493,519,710,0.731,104,602,706,343,121,64,328,290,2061,0.063,0.123,0.083,0.197,COL
681,1629658,2020,Jaylen Hoard,jaylen-hoard,8,F,216,3/30/1999,22,1,Wake Forest,80,39,5,662,103,210,0.49,9,39,0.231,42,68,0.618,65,116,181,45,24,10,29,45,257,0.021,0,0,31,30,936,152,332,0.458,12,53,0.226,140,279,0.502,0.476,91,127,0.717,80,156,236,47,19,20,78,68,407,0,0,0,0,COL
682,1628778,2020,Paul Watson,paul-watson,1,G,210,12/30/1994,26,1,Fresno State,78,46,5,540,60,143,0.42,40,102,0.392,13,19,0.684,9,80,89,33,13,7,16,51,173,0.035,-0.069,0,135,128,4014,465,1121,0.415,181,500,0.362,284,621,0.457,0.496,250,354,0.706,125,471,596,116,106,92,202,373,1361,0.05,0.038,0.085,0.056,COL
683,203382,2020,Aron Baynes,aron-baynes,46,C-F,260,12/9/1986,34,8,Washington State,82,522,168,8370,1243,2543,0.489,111,360,0.308,518,652,0.794,805,1591,2396,421,118,254,445,1164,3115,-0.011,0.169,-0.107,122,86,2679,394,722,0.546,1,3,0.333,393,719,0.547,0.546,275,394,0.698,208,445,653,37,41,93,152,290,1064,0.171,0,0.171,0.133,COL
684,1627761,2020,DeAndre' Bembry,deandre-bembry,95,G-F,210,7/4/1994,26,4,St. Joseph's,77,296,55,5670,720,1519,0.474,106,375,0.283,204,334,0.611,185,765,950,533,291,120,367,533,1750,0.006,-0.062,0.044,101,100,3645,580,1270,0.457,120,385,0.312,460,885,0.52,0.504,310,494,0.628,137,535,672,364,143,78,248,249,1590,0.047,0.08,0.069,0.074,COL
685,1629714,2020,Jarrell Brantley,jarrell-brantley,5,F,250,6/7/1996,25,1,College of Charleston,77,41,0,273,43,94,0.457,19,50,0.38,5,6,0.833,12,41,53,29,10,9,17,27,110,0.081,0,0,123,119,3896,694,1424,0.487,112,317,0.353,582,1107,0.526,0.527,414,539,0.768,225,743,968,203,150,85,314,362,1914,0.058,0.057,0.1,0.105,COL
686,101141,2020,Ersan Ilyasova,ersan-ilyasova,77,F,235,5/15/1987,34,12,FC Barcelona,81,825,424,18958,3123,7047,0.443,883,2409,0.367,1235,1590,0.777,1397,3264,4661,908,560,293,791,1994,8364,0.058,0,-0.015,141,76,2765,452,996,0.454,152,390,0.39,,,,,189,264,0.716,242,554,796,97,115,77,157,303,1245,0.059,0.089,,0.089,INT
687,1629671,2020,Miye Oni,miye-oni,81,G-F,206,8/4/1997,23,1,Yale,77,80,1,672,49,140,0.35,38,115,0.33,9,12,0.75,29,79,108,37,15,10,21,77,145,-0.016,0,0,87,82,2756,450,1052,0.428,174,489,0.356,276,563,0.49,0.51,234,301,0.777,71,468,539,287,74,91,222,245,1308,0.036,0.086,0.006,0.043,COL
688,204025,2020,Tim Frazier,tim-frazier,10,G,170,11/1/1990,30,6,Penn State,72,289,84,5087,515,1286,0.4,131,405,0.323,251,347,0.723,139,515,654,1142,193,26,379,517,1412,0.102,-0.076,0.267,135,113,4132,508,1214,0.418,74,239,0.31,434,975,0.445,0.449,453,585,0.774,115,407,522,641,196,20,355,342,1543,0.073,0.053,0.078,0.174,COL
689,1628990,2020,Chandler Hutchison,chandler-hutchison,1,F-G,210,4/26/1996,25,2,Boise State,78,103,25,1789,216,489,0.442,34,110,0.309,92,143,0.643,55,321,376,79,62,18,76,140,558,-0.024,0.029,0.06,123,89,2948,523,1098,0.476,79,224,0.353,444,874,0.508,0.512,353,514,0.687,138,534,672,255,120,29,236,268,1478,0.141,0.018,0.153,0.092,COL
690,1626143,2020,Jahlil Okafor,jahlil-okafor,13,C-F,270,12/15/1995,25,5,Duke,82,248,116,4829,1092,2016,0.542,6,27,0.222,376,556,0.676,377,793,1170,226,73,195,347,515,2566,0.035,0,-0.006,38,38,1143,279,420,0.664,0,0,,279,420,0.664,0.664,99,194,0.51,134,188,322,49,29,54,95,81,657,0,0,0,0,COL
691,1629635,2020,Sekou Doumbouya,sekou-doumbouya,45,F,230,12/23/2000,20,1,,80,96,30,1639,204,526,0.388,55,215,0.256,79,114,0.693,61,206,267,66,47,19,81,175,542,-0.006,-0.032,0.017,137,71,2744.4,443,995,0.445,99,338,0.293,,,,,173,253,0.684,131,343,474,127,107,74,258,260,1156,0.109,0.076,,0.196,INT
692,202954,2020,Brad Wanamaker,brad-wanamaker,9,G,210,7/25/1989,31,2,Pittsburgh,75,191,3,3084,355,843,0.421,73,243,0.3,263,290,0.907,49,280,329,464,123,33,189,306,1046,-0.067,-0.137,0.046,134,68,3153,356,815,0.437,67,195,0.344,289,620,0.466,0.478,311,431,0.722,126,398,524,454,130,33,257,285,1090,0.133,0.063,0.13,0.276,COL
693,1626203,2019,Treveon Graham,treveon-graham,2,G-F,219,10/28/1993,26,3,VCU,77,180,44,2883,266,694,0.383,120,360,0.333,105,152,0.691,121,279,400,144,76,16,76,297,757,-0.098,-0.102,0.006,140,102,3558,618,1431,0.432,200,565,0.354,418,866,0.483,0.502,446,645,0.691,293,512,805,199,111,29,191,299,1882,0.061,0.068,0.061,0.099,COL
694,1627746,2019,Skal Labissiere,skal-labissiere,7,F-C,235,3/18/1996,24,3,Kentucky,82,152,43,2607,431,876,0.492,31,86,0.36,181,242,0.748,224,440,664,153,53,99,151,315,1074,-0.047,0,0.061,36,18,567,98,190,0.516,0,2,0,98,188,0.521,0.516,41,62,0.661,35,78,113,11,9,59,33,108,237,0,0,0,0,COL
695,1713,2019,Vince Carter,vince-carter,15,G-F,220,1/26/1977,43,21,North Carolina,78,1541,982,46371,9293,21339,0.435,2290,6168,0.371,4852,6082,0.798,1658,4948,6606,4714,1530,888,2590,3995,25728,-0.013,0.084,0.035,103,80,2677,481,880,0.547,99,269,0.368,382,611,0.625,0.603,206,292,0.705,466,197,114,,,80,123,190,1267,0.099,0.075,0.108,0.07,COL
696,1627790,2019,Ante Zizic,ante-zizic,41,C,266,1/4/1997,23,2,Darussafaka,82,113,27,1516,273,470,0.581,0,0,0,128,180,0.711,150,296,446,64,22,40,82,170,674,-0.15,0,-0.016,176,122,4123.1,831,1268,0.655,0,1,0,,,,,555,782,0.71,413,761,1174,117,68,218,332,416,2217,0.128,0,,0.278,INT
697,1627982,2019,Josh Gray,josh-gray,5,G,180,9/9/1993,26,1,Louisiana State,72,7,0,109,12,43,0.279,3,13,0.231,7,11,0.636,3,9,12,14,8,2,12,9,34,0,0,0,94,60,2094,262,668,0.392,37,171,0.216,225,497,0.453,0.42,123,189,0.651,42,166,208,275,123,4,228,191,684,0.077,0.076,0.083,0.114,COL
698,203121,2019,Darius Miller,darius-miller,21,F,225,3/21/1990,30,5,Kentucky,78,271,28,5358,545,1300,0.419,344,898,0.383,163,194,0.84,51,396,447,367,123,66,171,523,1597,0.014,-0.009,0.016,152,82,3789,444,990,0.448,175,462,0.379,269,528,0.509,0.537,185,227,0.815,150,339,489,278,114,100,214,351,1248,0.078,0.11,0.12,0.058,COL
699,201584,2019,Courtney Lee,courtney-lee,1,G,215,10/3/1985,34,11,Western Kentucky,77,811,518,21939,2961,6567,0.451,876,2259,0.388,967,1134,0.853,364,1763,2127,1353,809,213,762,1339,7765,0.003,-0.02,0.024,127,127,3957,802,1729,0.464,245,611,0.401,557,1118,0.498,0.535,389,476,0.817,215,448,663,281,242,78,321,321,2238,0.027,0.011,0.037,0.125,COL
700,1628499,2019,Antonius Cleveland,antonius-cleveland,3,G,195,2/2/1994,26,1,Southeast Missouri State,77,28,0,168,12,35,0.343,3,7,0.429,7,11,0.636,5,16,21,3,8,8,9,31,34,0,0,0,121,108,3488,585,1184,0.494,62,215,0.288,523,969,0.54,0.52,324,529,0.612,170,402,572,242,159,76,225,315,1556,0.106,0.21,0.103,0.092,COL
701,200826,2019,J.J. Barea,jose-barea,5,G,180,6/26/1984,36,13,Northeastern,70,831,108,16286,2832,6685,0.424,819,2330,0.352,932,1174,0.794,253,1495,1748,3270,331,24,1264,1168,7415,0.065,0.066,0.127,113,112,3761,780,1933,0.404,255,795,0.321,525,1138,0.461,0.469,475,622,0.764,94,343,437,721,178,1,426,291,2290,0.034,0.067,0.078,0.066,COL
702,203077,2019,Michael Kidd-Gilchrist,michael-kidd-gilchrist,9,F,232,9/26/1993,26,7,Kentucky,78,446,356,10978,1462,3085,0.474,28,103,0.272,798,1116,0.715,703,1717,2420,515,296,304,400,956,3750,0.014,-0.027,-0.035,40,39,1245,160,326,0.491,13,51,0.255,147,275,0.535,0.511,143,192,0.745,103,194,297,75,39,37,87,97,476,0,0,0,0,COL
703,203584,2019,Troy Daniels,troy-daniels,30,G,200,7/15/1991,28,6,VCU,76,339,20,5045,767,1914,0.401,555,1404,0.395,143,179,0.799,74,372,446,185,100,21,187,429,2232,-0.087,-0.091,0.034,125,57,2109,297,764,0.389,251,650,0.386,46,114,0.404,0.553,68,87,0.782,63,205,268,48,81,7,73,167,913,0.112,0.07,0.164,0.139,COL
704,203943,2019,Noah Vonleh,noah-vonleh,32,F,257,8/24/1995,24,5,Indiana,82,362,172,5854,651,1417,0.459,93,303,0.307,290,419,0.692,488,1302,1790,264,139,144,278,645,1685,0.068,0.071,-0.002,30,29,794,113,216,0.523,16,33,0.485,97,183,0.53,0.56,96,134,0.716,71,198,269,18,26,41,64,81,338,0,0,0,0,COL
705,203998,2019,Bruno Caboclo,bruno-caboclo,5,F,218,9/21/1995,24,5,Pinheiros,81,105,20,1293,162,402,0.403,62,201,0.308,56,67,0.836,82,186,268,72,36,59,69,135,442,0.1,-0.06,0,21,6,269.8,35,69,0.507,11,29,0.379,,,,,24,32,0.75,14,45,59,5,7,15,22,22,105,0,0,,0,INT
706,201960,2019,DeMarre Carroll,demarre-carroll,9,F,215,7/27/1986,33,10,Missouri,78,578,339,13674,1806,4204,0.43,658,1839,0.358,880,1188,0.741,655,1799,2454,726,524,151,498,1127,5150,0.032,0.072,0.114,134,89,3277,599,1119,0.535,27,96,0.281,572,1023,0.559,0.547,281,466,0.603,318,488,806,210,152,59,177,304,1506,0.058,0,0.045,0.205,COL
707,201601,2019,Luc Mbah a Moute,luc-richard-mbah-a-moute,12,F,230,9/9/1986,33,11,UCLA,80,689,453,16038,1685,3708,0.454,207,619,0.334,803,1218,0.659,962,1838,2800,588,612,263,646,1242,4380,-0.008,-0.006,-0.067,107,106,3155,367,730,0.503,20,93,0.215,347,637,0.545,0.516,177,265,0.668,277,498,775,168,137,66,192,234,931,0.06,0.201,0.102,0.153,COL
708,200757,2019,Thabo Sefolosha,thabo-sefolosha,18,F-G,215,5/2/1984,36,13,Angelico Biella,78,869,475,19060,1916,4264,0.449,513,1468,0.349,649,887,0.732,626,2626,3252,1196,935,366,755,1418,4994,0.022,-0.012,0.232,79,74,2406.3,319,647,0.493,61,173,0.353,,,,,148,221,0.67,145,412,557,190,150,69,168,228,847,0.036,0.061,,0.042,INT
709,1628405,2019,Johnathan Motley,johnathan-motley,15,F,230,5/4/1995,25,2,Baylor,80,46,4,372,90,163,0.552,2,10,0.2,44,75,0.587,35,75,110,26,11,5,30,51,226,0.001,0,0.038,102,77,2477,479,923,0.519,12,50,0.24,467,873,0.535,0.525,259,396,0.654,279,373,652,132,44,122,205,303,1229,0.197,0,0.188,0.092,COL
710,201149,2019,Joakim Noah,joakim-noah,55,F-C,232,2/25/1985,35,12,Florida,83,672,512,18644,2248,4574,0.491,0,16,0,1385,1979,0.7,2141,3917,6058,1907,534,874,1133,1874,5881,0.009,0,0.009,108,78,2279,411,667,0.616,1,2,0.5,410,665,0.617,0.617,310,453,0.684,211,476,687,185,95,186,193,220,1133,0.027,0,0.029,0.156,COL
711,203079,2019,Dion Waiters,dion-waiters,18,G,210,12/10/1991,28,7,Syracuse,75,419,211,11835,2106,5110,0.412,575,1660,0.346,718,1034,0.694,166,942,1108,1163,391,113,761,813,5505,-0.002,0.028,-0.056,71,0,1445,248,547,0.453,69,198,0.348,179,349,0.513,0.516,125,166,0.753,30,108,138,142,105,16,78,115,690,0.065,0.034,0.053,0.084,COL
712,1626188,2019,Quinn Cook,quinn-cook,28,G,180,3/23/1993,27,3,Duke,73,188,29,2652,479,1039,0.461,180,441,0.408,62,78,0.795,46,268,314,298,52,7,135,201,1200,0.021,-0.015,-0.056,143,99,4033,534,1235,0.432,236,629,0.375,298,606,0.492,0.528,267,313,0.853,53,326,379,509,151,9,201,264,1571,0.048,0.145,0.12,0.115,COL
713,1629244,2019,Cam Reynolds,cameron-reynolds,13,G-F,225,2/7/1995,25,1,Tulane,79,24,0,299,39,96,0.406,24,63,0.381,8,9,0.889,6,30,36,15,6,2,5,28,110,0,0,0,135,69,3546,489,1262,0.387,193,577,0.334,296,685,0.432,0.464,199,278,0.716,127,478,605,157,82,45,163,294,1370,0.186,0.128,0.27,0.281,COL
714,1628412,2019,Frank Mason III,frank-mason,15,G,190,4/3/1994,26,2,Kansas,71,103,3,1616,247,624,0.396,53,176,0.301,148,196,0.755,44,160,204,272,55,15,117,124,695,0.017,-0.062,-0.044,145,113,4345,609,1340,0.454,185,440,0.42,424,900,0.471,0.524,482,633,0.761,79,421,500,576,165,10,270,287,1885,0.073,0.144,0.054,0.132,COL
715,101107,2019,Marvin Williams,marvin-williams,20,F,237,6/19/1986,34,14,North Carolina,80,1072,828,30158,3928,8872,0.443,1046,2894,0.361,2063,2554,0.808,1276,4270,5546,1373,824,577,1021,2155,10965,0,0.117,0.062,36,0,800,125,247,0.506,19,44,0.432,106,203,0.522,0.545,138,163,0.847,65,171,236,26,39,17,56,92,407,0,0,0,0,COL
716,2594,2019,Kyle Korver,kyle-korver,26,G-F,212,3/17/1981,39,16,Creighton,79,1232,423,31183,4103,9278,0.442,2450,5715,0.429,1297,1479,0.877,345,3298,3643,2114,804,403,1290,2522,11953,0.09,0.035,0.086,128,95,3540,559,1184,0.472,371,819,0.453,188,365,0.515,0.629,312,350,0.891,171,493,664,294,172,58,231,297,1801,0.01,0.051,0.135,0.041,COL
717,202323,2019,Evan Turner,evan-turner,1,G-F,220,10/27/1988,31,9,Ohio State,78,705,295,18938,2748,6331,0.434,270,917,0.294,1058,1353,0.782,388,2890,3278,2462,532,184,1267,1380,6824,0.008,-0.018,-0.022,101,94,3314,539,1073,0.502,54,149,0.362,485,924,0.525,0.527,385,508,0.758,151,531,682,414,159,74,352,273,1517,0.049,0.107,0.033,0.089,COL
718,1628980,2019,Jacob Evans,jacob-evans,12,G-F,210,6/18/1997,23,1,Cincinnati,76,59,2,621,63,187,0.337,17,54,0.315,25,30,0.833,15,51,66,54,16,15,36,69,168,-0.003,-0.004,0,105,80,3051,423,985,0.429,174,462,0.377,249,523,0.476,0.518,213,282,0.755,139,316,455,263,120,92,133,209,1233,0.101,0.085,0.106,0.072,COL
719,1629016,2019,Omari Spellman,omari-spellman,14,F,245,7/21/1997,22,1,Villanova,80,95,14,1690,225,539,0.417,87,238,0.366,105,137,0.766,149,264,413,94,59,49,85,130,642,0.015,0.022,0.055,40,39,1125,160,336,0.476,65,150,0.433,95,186,0.511,0.573,49,70,0.7,90,231,321,30,26,59,40,92,434,0,0,0,0,COL
720,1629066,2019,Rodions Kurucs,rodions-kurucs,0,F,228,2/5/1998,22,1,FC Barcelona,81,131,55,2101,292,658,0.444,97,295,0.329,99,134,0.739,86,320,406,113,75,34,136,252,780,-0.013,0.014,-0.045,65,30,1139.3,191,420,0.455,60,196,0.306,,,,,97,127,0.764,32,123,155,78,69,47,106,162,539,0.089,0.085,,0.078,INT
721,2037,2019,Jamal Crawford,jamal-crawford,1,G,200,3/20/1980,40,19,Michigan,77,1327,433,38994,6752,16467,0.41,2221,6379,0.348,3694,4286,0.862,466,2482,2948,4541,1179,271,2476,2008,19419,0.058,-0.001,0.069,17,16,577,105,255,0.412,33,101,0.327,72,154,0.468,0.476,40,51,0.784,7,40,47,76,19,16,53,19,283,0,0,0,0,COL
722,1626147,2019,Justin Anderson,justin-anderson,10,F-G,231,11/19/1993,26,4,Virginia,77,242,30,3280,454,1106,0.41,159,545,0.292,217,280,0.775,141,480,621,184,105,80,141,291,1284,0.006,0.025,-0.018,98,44,2364,288,669,0.43,97,272,0.357,191,397,0.481,0.503,200,266,0.752,75,266,341,180,60,84,125,137,873,0.059,0.158,0.02,0.064,COL
723,1629058,2019,Dzanan Musa,dzanan-musa,13,G-F,217,5/8/1999,21,1,Cedevita,81,49,0,526,73,194,0.376,20,88,0.227,45,62,0.726,22,69,91,45,17,1,40,31,211,-0.033,0,0,456,248,9671.9,1824,3731,0.489,599,1605,0.373,,,,,1449,1797,0.806,320,1079,1399,902,322,92,670,652,3286,0.071,0.105,,0.108,INT
724,201163,2019,Wilson Chandler,wilson-chandler,21,F,235,5/10/1987,33,11,DePaul,80,676,483,20285,3270,7382,0.443,874,2560,0.341,1049,1363,0.77,766,2808,3574,1205,470,414,931,1807,8463,0.005,0.044,0.143,59,52,1834,299,672,0.445,47,155,0.303,252,517,0.487,0.48,116,176,0.659,111,305,416,72,41,86,106,173,761,0.014,0.122,0.016,0.013,COL
725,202498,2019,Lance Thomas,lance-thomas,42,F,225,4/24/1988,32,8,Duke,80,399,128,7323,748,1796,0.416,165,433,0.381,389,487,0.799,293,728,1021,266,148,55,267,683,2050,-0.036,0.049,-0.052,140,101,2758,235,448,0.525,0,0,,235,448,0.525,0.525,177,295,0.6,257,251,508,64,77,33,166,397,647,0.187,0,0.187,0.222,COL
726,1629168,2019,BJ Johnson,bj-johnson,13,F,200,12/21/1995,24,1,La Salle,79,21,0,196,29,75,0.387,10,26,0.385,11,12,0.917,11,27,38,3,5,1,8,11,79,0.07,0,0,91,59,2317,403,947,0.426,129,385,0.335,274,562,0.488,0.494,253,300,0.843,125,371,496,62,83,41,157,160,1188,0.142,0.1,0.17,0.149,COL
727,1628513,2019,Naz Mitrou-Long,nazareth-mitrou-long,15,G,218,8/3/1993,26,2,Iowa State,75,20,0,131,13,38,0.342,5,24,0.208,2,2,1,1,12,13,23,2,2,11,12,33,0,0,0,131,83,3206,430,954,0.451,260,685,0.38,170,269,0.632,0.587,130,173,0.751,48,306,354,235,87,9,154,240,1250,0.048,0.109,0.092,0.152,COL
728,1629015,2019,Zhaire Smith,zhaire-smith,5,G,205,6/4/1999,21,1,Texas Tech,75,13,2,142,17,45,0.378,6,19,0.316,8,12,0.667,3,12,15,12,5,2,8,12,48,0,0,0,37,21,1051,154,277,0.556,18,40,0.45,136,237,0.574,0.588,91,127,0.717,83,102,185,66,42,42,41,67,417,0,0,0,0,COL
729,203124,2019,Kyle O'Quinn,kyle-oquinn,9,C-F,250,3/26/1990,30,7,Norfolk State,81,472,65,6713,1085,2099,0.517,31,142,0.218,367,496,0.74,628,1538,2166,643,189,453,458,960,2568,0.004,-0.018,0.073,129,98,3542,610,1104,0.553,54,207,0.261,556,897,0.62,0.577,333,486,0.685,332,760,1092,122,69,283,262,378,1607,0.081,0.19,0.099,0.235,COL
730,203922,2019,Glenn Robinson III,glenn-robinson,40,F,222,1/8/1994,26,5,Michigan,78,304,105,5299,689,1508,0.457,193,518,0.373,233,299,0.779,204,572,776,238,149,58,155,281,1804,0.13,0.003,0.126,76,76,2506,349,665,0.525,56,179,0.313,293,486,0.603,0.567,158,220,0.718,137,238,375,87,74,21,78,99,912,0.084,0.018,0.09,0.081,COL
731,1629151,2019,Ryan Broekhoff,ryan-broekhoff,45,G-F,215,8/23/1990,29,1,Valparaiso,78,59,1,633,79,185,0.427,58,144,0.403,22,27,0.815,13,93,106,33,11,8,22,50,238,-0.025,-0.006,0,134,107,3642,512,1103,0.464,252,618,0.408,260,485,0.536,0.578,315,385,0.818,189,652,841,246,129,100,186,236,1591,0.082,0.084,0.11,0.114,COL
732,1629059,2019,Elie Okobo,elie-okobo,2,F-G,190,10/23/1997,22,1,Elan Bearnais,75,108,19,1676,186,471,0.395,64,203,0.315,87,118,0.737,28,160,188,242,56,11,107,163,523,0.002,0.02,-0.05,69,37,1486.6,240,513,0.468,101,261,0.387,,,,,110,132,0.833,32,146,178,225,50,13,127,140,685,0.069,0.097,,0.006,INT
733,1627767,2019,Cheick Diallo,cheick-diallo,14,F-C,219,9/13/1996,23,3,Kansas,80,183,3,2184,401,673,0.596,2,7,0.286,154,199,0.774,179,580,759,78,56,73,117,273,958,0.124,0,0.058,27,1,202,33,58,0.569,0,0,,33,58,0.569,0.569,15,27,0.556,17,51,68,1,7,23,17,38,81,0,0,0,0,COL
734,1629121,2019,Jaylen Adams,jaylen-adams,10,G,225,5/4/1996,24,1,St. Bonaventure,72,41,1,445,39,118,0.331,25,76,0.329,7,9,0.778,11,52,63,67,14,5,28,46,110,0,0,0,110,108,3998,532,1246,0.427,270,685,0.394,262,561,0.467,0.535,578,690,0.838,59,313,372,590,170,22,314,291,1912,0.059,0.114,0.071,0.091,COL
735,1626209,2019,Mario Hezonja,mario-hezonja,44,F-G,220,2/25/1995,25,4,FC Barcelona,80,330,69,6107,854,2047,0.417,266,833,0.319,310,382,0.812,147,879,1026,415,243,80,371,549,2284,-0.016,-0.03,-0.095,134,42,2057.4,350,807,0.434,134,390,0.344,,,,,100,129,0.775,47,250,297,147,105,28,174,216,934,0.052,0.098,,0.053,INT
736,1628403,2019,Caleb Swanigan,caleb-swanigan,50,F,260,4/18/1997,23,2,Purdue,81,75,4,655,70,160,0.438,2,17,0.118,27,44,0.614,59,159,218,56,14,11,73,127,169,0.045,0,0,69,69,2014,352,703,0.501,59,157,0.376,293,546,0.537,0.543,231,304,0.76,150,568,718,168,27,36,208,172,994,0.066,0.155,0.029,0.068,COL
737,201147,2019,Corey Brewer,corey-brewer,13,G-F,188,3/5/1986,34,12,Florida,81,819,310,18772,2684,6314,0.425,503,1774,0.284,1226,1720,0.713,613,1674,2287,1250,1023,222,950,1768,7097,0.05,0.084,-0.083,108,104,2939,427,890,0.48,99,278,0.356,328,612,0.536,0.535,272,384,0.708,140,329,469,300,176,44,253,242,1225,0.047,0.1,0.017,0.188,COL
738,201158,2019,Marco Belinelli,marco-belinelli,18,G,220,3/25/1986,34,12,Fortitudo Bologna,77,860,219,19546,2949,6959,0.424,1216,3230,0.376,1256,1485,0.846,187,1582,1769,1429,488,65,850,1222,8370,0.038,-0.013,0.083,234,114,5049.6,752,1699,0.443,376,984,0.382,,,,,311,410,0.759,98,184,282,233,257,5,267,488,2191,0.095,0.09,,0.05,INT
739,203092,2019,Tyler Zeller,tyler-zeller,40,F-C,250,1/17/1990,30,7,North Carolina,83,414,166,7253,1161,2284,0.508,10,35,0.286,541,708,0.764,637,1183,1820,367,104,241,348,897,2873,0.078,-0.015,-0.008,117,75,2696,548,1010,0.543,0,2,0,548,1008,0.544,0.543,407,525,0.775,316,472,788,69,78,130,165,271,1503,0.081,0,0.081,0.086,COL
740,203460,2019,Andre Roberson,andre-roberson,21,G-F,210,12/4/1991,28,5,Colorado,79,307,269,6801,573,1211,0.473,112,443,0.253,124,265,0.468,362,868,1230,265,268,199,185,658,1382,-0.008,0.013,-0.021,105,65,2970,382,741,0.516,50,143,0.35,332,598,0.555,0.549,198,340,0.582,309,736,1045,119,164,150,183,274,1012,0.1,0.052,0.119,0.063,COL
741,1628390,2019,Terrance Ferguson,terrance-ferguson,23,G,190,5/17/1998,22,2,Adelaide,78,204,124,4000,334,827,0.404,195,583,0.334,61,81,0.753,75,188,263,144,92,43,93,476,924,-0.008,0.004,0.007,30,17,454.5,53,139,0.381,21,67,0.313,,,,,12,20,0.6,14,20,34,18,7,8,28,52,139,0,0,,0,INT
742,1629126,2019,Deonte Burton,deonte-burton,30,G-F,240,1/31/1994,26,1,Iowa State,76,73,0,602,76,209,0.364,18,81,0.222,16,26,0.615,11,74,85,26,13,18,28,65,186,-0.035,-0.071,0,101,45,2053,404,845,0.478,68,168,0.405,336,677,0.496,0.518,176,265,0.664,112,287,399,108,129,82,150,242,1052,0.077,0.099,0.072,0.04,COL
743,1626259,2019,Malcolm Miller,malcolm-miller,13,G-F,210,3/6/1993,27,2,Holy Cross,79,53,5,354,36,83,0.434,26,64,0.406,10,16,0.625,7,29,36,15,7,5,10,33,108,-0.03,0.025,0,112,93,2917,332,746,0.445,105,284,0.37,227,462,0.491,0.515,244,319,0.765,83,449,532,164,93,143,175,276,1013,0.065,0.119,0.025,0.227,COL
744,1627775,2019,Patrick McCaw,patrick-mccaw,22,G,181,10/25/1995,24,3,UNLV,79,199,43,3373,292,696,0.42,92,302,0.305,84,107,0.785,64,255,319,270,139,31,123,233,760,-0.012,-0.026,-0.009,65,48,2060,273,622,0.439,125,341,0.367,148,281,0.527,0.539,122,162,0.753,61,212,273,214,129,23,125,122,793,0.063,0.002,0.118,0.06,COL
745,1626144,2019,Emmanuel Mudiay,emmanuel-mudiay,15,G,200,3/5/1996,24,4,Guangdong,75,302,165,7185,1222,3051,0.401,276,855,0.323,579,778,0.744,138,746,884,1143,215,88,670,492,3299,0.035,0.003,0.076,12,0,378.3,88,184,0.478,13,38,0.342,,,,,27,47,0.574,24,51,75,71,19,1,39,19,216,0,0,,0,INT
746,203894,2019,Shabazz Napier,shabazz-napier,5,G,175,7/14/1991,28,5,Connecticut,72,345,55,5986,808,2034,0.397,345,1000,0.345,472,579,0.815,104,553,657,849,286,48,452,404,2433,0.018,-0.024,0.031,143,98,4614,595,1447,0.411,260,693,0.375,335,754,0.444,0.501,509,626,0.813,101,475,576,646,251,30,350,301,1959,0.071,0.079,0.07,0.127,COL
747,1627784,2019,Jarrod Uthoff,jarrod-uthoff,7,F,220,5/19/1993,27,1,Iowa,81,16,0,167,23,56,0.411,6,18,0.333,7,9,0.778,10,18,28,9,3,4,3,10,59,0,0,0,100,67,2648,458,1018,0.45,137,358,0.383,321,660,0.486,0.517,245,308,0.795,148,431,579,121,81,177,104,141,1298,0.07,0.053,0.055,0.08,COL
748,1629140,2019,Johnathan Williams,johnathan-williams,19,F,228,5/22/1995,25,1,Gonzaga,81,39,6,551,84,144,0.583,0,4,0,34,61,0.557,72,91,163,21,9,15,21,78,202,-0.008,0,0,143,142,3893,554,1085,0.511,50,150,0.333,504,935,0.539,0.534,320,559,0.572,334,685,1019,141,78,152,254,363,1478,0.18,0.171,0.197,0.077,COL
749,1626170,2019,Jerian Grant,jerian-grant,22,G,198,10/9/1992,27,4,Notre Dame,76,279,61,4998,593,1442,0.411,174,539,0.323,332,431,0.77,92,437,529,805,205,33,274,411,1692,0.017,0.104,-0.009,119,117,4337,556,1276,0.436,179,519,0.345,377,757,0.498,0.506,448,567,0.79,47,296,343,690,175,37,266,219,1739,0.138,0.092,0.172,0.128,COL
750,101133,2019,Ian Mahinmi,ian-mahinmi,28,C,262,11/5/1986,33,11,Pau Orthez,83,618,133,10351,1201,2254,0.533,8,50,0.16,799,1305,0.612,937,1768,2705,357,357,443,601,1635,3209,-0.103,0,-0.05,120,58,1884,285,511,0.558,0,0,0,,,,,196,296,0.662,186,291,477,28,57,83,148,375,766,0.021,0,,0.099,INT
751,1627748,2019,Thon Maker,thon-maker,7,F-C,221,2/25/1997,23,3,Athlete Institute Prep,84,263,65,3624,425,976,0.435,130,397,0.327,236,347,0.68,218,508,726,161,96,173,142,460,1216,-0.032,-0.051,0.018,109,63,2701.9,590,1212,0.487,148,434,0.341,,,,,383,580,0.66,286,658,944,124,117,198,174,225,1711,0.138,0.113,,0.066,INT
752,1628383,2019,Justin Patton,justin-patton,12,C,241,6/14/1997,23,2,Creighton,83,22,6,295,36,89,0.404,10,40,0.25,4,6,0.667,17,43,60,19,15,14,6,44,86,0,0,0,35,34,885,200,296,0.676,8,15,0.533,192,281,0.683,0.689,45,87,0.517,59,159,218,41,30,50,60,96,453,0,0,0,0,COL
753,202688,2019,Brandon Knight,brandon-knight,20,G,182,12/2/1991,28,7,Kentucky,74,451,349,13203,2260,5499,0.411,715,2029,0.352,1066,1321,0.807,236,1149,1385,1777,386,75,1090,889,6301,-0.005,-0.024,0.056,38,38,1363,217,513,0.423,87,231,0.377,130,282,0.461,0.508,136,171,0.795,25,128,153,159,25,8,120,83,657,0,0,0,0,COL
754,203089,2019,John Henson,john-henson,31,F-C,219,12/28/1990,29,7,North Carolina,81,445,160,8752,1438,2661,0.54,20,80,0.25,487,857,0.568,802,1566,2368,496,211,642,496,998,3383,0.059,-0.1,0.033,109,82,2594,475,955,0.497,5,24,0.208,470,931,0.505,0.5,169,349,0.484,269,617,886,108,69,277,166,159,1124,0.014,0,0.015,0.073,COL
755,203895,2019,Jordan McRae,jordan-mcrae,52,G,179,3/28/1991,29,3,Tennessee,77,123,9,1696,302,724,0.417,83,234,0.355,159,206,0.772,34,191,225,167,45,30,87,147,846,-0.007,-0.093,0.018,114,74,3088,496,1190,0.417,179,522,0.343,317,668,0.475,0.492,350,455,0.769,75,296,371,209,73,97,225,218,1521,0.059,0.027,0.082,0.029,COL
756,1629034,2019,Ray Spalding,raymond-spalding,26,F,225,3/11/1997,23,1,Louisville,81,16,3,166,27,51,0.529,0,4,0,4,14,0.286,17,35,52,5,9,10,12,26,58,0,0,0,100,48,2173,332,596,0.557,6,25,0.24,326,571,0.571,0.562,143,247,0.579,228,402,630,89,104,111,131,261,813,0.047,0,0.043,0.14,COL
757,203101,2018,Miles Plumlee,miles-plumlee,18,C,249,9/1/1988,30,6,Duke,83,346,168,5658,748,1381,0.542,0,0,0,201,370,0.543,547,1015,1562,178,153,256,308,540,1697,0.299,0,-0.017,135,58,2133,262,470,0.557,1,1,1,261,469,0.557,0.559,125,200,0.625,248,402,650,45,62,87,138,306,650,0.136,0,0.136,0.068,COL
758,1627816,2018,Alex Poythress,alex-poythress,22,F,235,9/6/1993,25,2,Kentucky,81,52,2,565,76,161,0.472,19,53,0.358,26,39,0.667,47,75,122,24,10,13,18,77,197,0.009,0,0,112,62,2480,356,646,0.551,29,96,0.302,327,550,0.595,0.574,225,328,0.686,201,396,597,51,44,76,149,302,966,0.22,0.182,0.183,0.081,COL
759,1626780,2018,Jonathan Gibson,jonathan-gibson,3,G,185,11/8/1987,31,2,New Mexico State,74,21,0,271,49,118,0.415,21,57,0.368,21,29,0.724,1,24,25,30,8,0,24,26,140,0.047,0,0,131,96,3213,530,1215,0.436,259,650,0.398,271,565,0.48,0.543,222,293,0.758,48,205,253,237,132,5,216,248,1541,0.116,0.133,0.121,0.171,COL
760,1626154,2018,RJ Hunter,rj-hunter,28,G,185,10/24/1993,25,3,Georgia State,77,45,1,394,49,132,0.371,26,88,0.295,9,11,0.818,3,43,46,19,18,4,13,39,133,-0.003,0,0,99,98,3438,559,1321,0.423,253,715,0.354,306,606,0.505,0.519,448,525,0.853,68,406,474,240,191,92,168,214,1819,0.049,0.09,0.035,0.106,COL
761,101112,2018,Channing Frye,channing-frye,9,F-C,255,5/17/1983,36,12,Arizona,84,890,445,19775,2931,6655,0.44,1049,2706,0.388,875,1064,0.822,767,3235,4002,864,457,540,787,2255,7786,-0.035,0.055,-0.002,133,119,3686,707,1257,0.562,6,23,0.261,701,1234,0.568,0.565,369,486,0.759,369,606,975,176,86,258,191,370,1789,0.047,0,0.047,0.166,COL
762,203546,2018,Ian Clark,ian-clark,2,G,175,3/7/1991,28,5,Belmont,75,330,9,4505,718,1635,0.439,240,705,0.34,164,204,0.804,65,375,440,385,128,44,236,394,1840,0.049,-0.014,-0.026,133,131,3818,681,1406,0.484,340,800,0.425,341,606,0.563,0.605,218,269,0.81,64,316,380,289,162,27,277,283,1920,0.092,0.057,0.14,0.058,COL
763,1628469,2018,Antonio Blakeney,antonio-blakeney,9,G,192,10/4/1996,22,1,Louisiana State,76,76,3,1142,219,539,0.406,51,143,0.357,80,115,0.696,11,128,139,62,19,10,46,60,569,0.035,0.069,-0.073,64,54,2034,331,746,0.444,105,303,0.347,226,443,0.51,0.514,181,246,0.736,58,205,263,85,43,8,89,97,948,0.033,0.023,0.002,0.024,COL
764,1627782,2018,Wayne Selden,wayne-selden,14,G-F,230,9/30/1994,24,2,Kansas,77,127,27,2385,338,814,0.415,112,326,0.344,127,177,0.718,54,199,253,189,57,19,145,209,915,0.012,0.183,0.089,109,108,3217,422,969,0.436,162,443,0.366,260,526,0.494,0.519,196,310,0.632,96,228,324,282,75,41,211,223,1202,0.092,0.064,0.153,0.045,COL
765,1627215,2018,Walt Lemon Jr.,walt-lemon-,25,G,180,7/26/1992,26,1,Bradley,75,11,3,202,45,103,0.437,3,6,0.5,10,14,0.714,4,25,29,35,11,2,14,19,103,0,0,0,130,95,3935,628,1422,0.442,104,324,0.321,524,1098,0.477,0.478,361,502,0.719,50,367,417,367,222,44,404,340,1721,0.052,0.055,0.08,0.101,COL
766,2734,2018,Devin Harris,devin-harris,34,G,185,2/27/1983,36,14,Wisconsin,75,985,448,23961,3486,8072,0.432,832,2558,0.325,2793,3507,0.796,290,1861,2151,3869,998,194,1682,2171,10597,0.003,-0.009,0.046,96,96,3356,438,980,0.447,187,499,0.375,251,481,0.522,0.542,362,465,0.778,63,328,391,295,164,40,170,199,1425,0.05,0.021,0.065,0.036,COL
767,1626257,2018,Salah Mejri,salah-mejri,50,C,235,6/15/1986,33,3,Real Madrid,86,204,22,2430,280,464,0.603,12,41,0.293,121,205,0.59,259,549,808,94,72,190,123,382,693,-0.025,0,0.003,194,76,3047.4,521,882,0.591,18,62,0.29,,,,,173,319,0.542,291,565,856,60,129,261,242,454,1233,0.157,0,,0.107,INT
768,1628399,2018,Tyler Lydon,tyler-lydon,20,F,225,4/9/1996,23,1,Syracuse,82,26,0,95,9,18,0.5,4,10,0.4,1,3,0.333,7,11,18,6,2,0,4,10,23,0,0,0,71,34,2349,278,584,0.476,98,245,0.4,180,339,0.531,0.56,169,209,0.809,145,382,527,111,77,116,106,184,823,0.006,0.01,0.019,0.062,COL
769,101106,2018,Andrew Bogut,andrew-bogut,12,C,260,11/28/1984,34,13,Utah,84,706,661,19863,2986,5585,0.535,3,25,0.12,833,1495,0.557,1754,4358,6112,1546,442,1091,1204,2186,6808,0.001,0,-0.071,68,68,2226,449,744,0.603,13,36,0.361,436,708,0.616,0.612,215,319,0.674,236,517,753,155,48,109,183,158,1126,0.043,0,0.05,0.052,COL
770,201973,2018,Jonas Jerebko,jonas-jerebko,21,F,231,3/2/1987,32,8,Angelico Biella,82,635,119,11323,1465,3203,0.457,400,1101,0.363,589,765,0.77,763,1759,2522,525,321,153,438,1225,3919,-0.025,0.053,0.066,72,65,1533,207,413,0.501,40,123,0.325,,,,,73,100,0.73,130,191,321,43,81,25,77,182,527,0.018,0.086,,0.077,INT
771,202697,2018,Iman Shumpert,iman-shumpert,1,G,215,6/26/1990,29,7,Georgia Tech,77,461,246,11470,1225,3130,0.391,489,1450,0.337,381,499,0.764,324,1210,1534,845,514,120,530,1058,3320,-0.009,0.034,-0.037,92,91,2877,387,977,0.396,111,364,0.305,276,613,0.45,0.453,281,381,0.738,102,310,412,382,207,17,280,245,1166,0.021,0.055,0.053,0.15,COL
772,101123,2018,Gerald Green,gerald-green,14,G-F,205,1/26/1986,33,11,No College,79,658,118,13025,2312,5546,0.417,962,2668,0.361,826,1010,0.818,318,1321,1639,596,335,199,721,1228,6412,-0.063,0.061,0.034,9,4,286,68,144,0.472,33,74,0.446,,,,,15,19,0.789,10,30,40,16,14,5,27,24,184,0.059,0.046,,0,INT
773,202702,2018,Kenneth Faried,kenneth-faried,35,F-C,220,11/19/1989,29,7,Morehead State,80,478,385,11728,2190,4009,0.546,10,45,0.222,1040,1590,0.654,1465,2419,3884,470,351,392,626,1180,5430,-0.037,-0.017,-0.011,136,122,3964,783,1376,0.569,3,12,0.25,780,1364,0.572,0.57,440,755,0.583,602,1071,1673,117,228,241,304,416,2009,0.107,0,0.101,0.018,COL
774,1627820,2018,Tyrone Wallace,tyrone-wallace,9,G,198,6/10/1994,25,1,California,77,112,19,1714,223,528,0.422,17,82,0.207,103,157,0.656,44,192,236,127,58,22,94,192,566,-0.023,0,-0.108,129,114,4074,588,1417,0.415,118,404,0.292,470,1013,0.464,0.457,329,537,0.613,130,544,674,436,139,55,279,328,1623,0.098,0.097,0.09,0.115,COL
775,2548,2018,Dwyane Wade,dwyane-wade,3,G,220,1/17/1982,37,15,Marquette,76,1054,909,35777,8454,17617,0.48,549,1874,0.293,5708,7463,0.765,1258,3675,4933,5701,1620,885,3326,2328,23165,0.013,-0.009,0.017,65,65,1993,474,959,0.494,32,96,0.333,442,863,0.512,0.511,301,404,0.745,141,279,420,255,150,79,203,156,1281,0.014,0.028,0.014,0.089,COL
776,201583,2018,Ryan Anderson,ryan-anderson,31,F,240,5/6/1988,31,10,California,82,649,289,16768,2755,6533,0.422,1325,3491,0.38,1166,1366,0.854,1247,2166,3413,586,332,217,606,1263,8001,0.028,0.013,0.01,66,66,2178,419,866,0.484,122,308,0.396,297,558,0.532,0.554,276,328,0.841,179,418,597,63,34,36,121,162,1236,0.014,0.028,0.005,0.071,COL
777,2200,2018,Pau Gasol,pau-gasol,17,C-F,250,7/6/1980,38,17,FC Barcelona,84,1226,1150,41001,7980,15729,0.507,179,486,0.368,4755,6311,0.753,3085,8220,11305,3925,606,1941,2638,2632,20894,-0.009,0.142,0.047,6,5,154.4,38,57,0.667,4,8,0.5,,,,,31,42,0.738,10,26,36,4,5,4,10,12,111,0,0,,0,INT
778,202703,2018,Nikola Mirotic,nikola-mirotic,41,F,250,2/11/1991,28,4,Real Madrid,82,319,95,7718,1303,3084,0.423,614,1712,0.359,690,854,0.808,301,1593,1894,407,240,228,381,666,3910,0.024,0.046,0.01,265,194,5675.5,943,1880,0.502,252,634,0.397,,,,,677,836,0.81,368,858,1226,232,215,166,277,472,2815,0.016,0.04,,0.102,INT
779,201573,2018,Jerryd Bayless,jerryd-bayless,8,G,200,8/20/1988,30,10,Arizona,75,586,99,12484,1719,4180,0.411,499,1382,0.361,972,1188,0.818,176,1059,1235,1674,370,73,825,1206,4909,0.046,0.101,0.009,30,30,1072,173,378,0.458,59,145,0.407,114,233,0.489,0.536,187,223,0.839,13,69,82,121,29,3,89,66,592,0,0,0,0,COL
780,2736,2018,Luol Deng,luol-deng,9,F,237,4/16/1985,34,14,Duke,81,902,828,30940,5130,11257,0.456,658,1982,0.332,2443,3175,0.769,1462,4006,5468,2042,880,444,1459,1499,13361,0.02,0.065,0.03,37,32,1149,210,441,0.476,40,111,0.36,170,330,0.515,0.522,98,138,0.71,82,173,255,68,49,39,83,82,558,0,0,0,0,COL
781,203710,2018,C.J. Williams,cj-williams,12,G,226,2/6/1990,29,1,NC State,77,53,18,834,104,232,0.448,27,94,0.287,13,17,0.765,13,51,64,55,37,13,25,79,248,0.006,0,0,128,65,2746,315,681,0.463,67,218,0.307,248,463,0.536,0.512,82,112,0.732,117,220,337,164,78,46,130,211,779,0.097,0.142,0.09,0,COL
782,1626210,2018,Alan Williams,alan-williams,15,F-C,265,1/28/1993,26,3,UC Santa Barbara,80,67,0,871,163,322,0.506,0,2,0,87,139,0.626,115,256,371,39,37,38,51,155,413,0.092,0,0,112,102,3026,637,1295,0.492,0,3,0,637,1292,0.493,0.492,458,649,0.706,403,722,1125,117,108,216,196,310,1732,0.075,0,0.071,0.173,COL
783,203459,2018,Allen Crabbe,allen-crabbe,33,G-F,212,4/9/1992,27,5,California,78,381,113,9125,1226,2888,0.425,617,1596,0.387,384,462,0.831,109,964,1073,434,223,104,285,764,3453,0.057,0.027,-0.028,98,97,3402,533,1195,0.446,209,547,0.382,324,648,0.5,0.533,262,320,0.819,85,474,559,219,84,57,182,165,1537,0.028,0.052,0.068,0.039,COL
784,1628443,2018,Kadeem Allen,kadeem-allen,0,G,200,1/15/1993,26,1,Arizona,75,47,2,639,90,207,0.435,22,63,0.349,56,74,0.757,14,57,71,109,24,8,43,68,258,0.162,0,0,68,61,1868,207,451,0.459,50,125,0.4,157,326,0.482,0.514,153,211,0.725,20,223,243,222,88,48,133,165,617,0.012,0.067,0.031,0.036,COL
785,1628439,2018,Isaiah Hicks,isaiah-hicks,4,F,230,7/24/1994,24,1,North Carolina,81,21,0,271,37,80,0.462,2,9,0.222,16,23,0.696,12,36,48,18,3,7,17,50,92,0,0,0,151,45,2442,420,735,0.571,1,6,0.167,419,729,0.575,0.572,271,374,0.725,221,325,546,100,50,79,159,370,1112,0.197,0,0.162,0.158,COL
786,1627740,2018,Henry Ellenson,henry-ellenson,13,F,245,1/13/1997,22,2,Marquette,83,83,2,787,121,326,0.371,49,146,0.336,51,66,0.773,28,178,206,49,13,3,41,63,342,0.026,0.085,-0.07,33,33,1107,194,435,0.446,30,104,0.288,164,331,0.495,0.48,143,191,0.749,71,250,321,59,28,49,78,84,561,0,0,0,0,COL
787,203098,2018,John Jenkins,john-jenkins,30,G,215,3/6/1991,28,5,Vanderbilt,76,171,8,2182,311,705,0.441,117,319,0.367,116,137,0.847,36,214,250,138,31,14,95,95,855,-0.01,-0.009,-0.003,98,74,2998,516,1102,0.468,306,699,0.438,210,403,0.521,0.607,320,374,0.856,41,224,265,111,67,27,130,122,1658,0.012,0.075,0.102,0.094,COL
788,1626185,2018,Jarell Martin,jarell-martin,2,F,239,5/24/1994,25,3,Louisiana State,82,184,40,2926,376,867,0.434,63,182,0.346,183,239,0.766,189,450,639,114,67,73,144,411,998,-0.032,-0.01,0.037,65,57,1996,323,654,0.494,41,133,0.308,282,521,0.541,0.525,202,293,0.689,154,297,451,88,65,45,144,170,889,0.038,0.064,0.011,0.001,COL
789,202389,2018,Timofey Mozgov,timofey-mozgov,21,C,275,7/16/1986,32,8,Khimki,85,454,273,8182,1230,2301,0.535,11,58,0.19,601,814,0.738,769,1456,2225,250,139,383,527,998,3072,0.072,0,0.028,44,22,747.3,152,249,0.61,0,0,0,,,,,85,143,0.594,85,150,235,22,14,53,73,103,389,0.208,0,,0.156,INT
790,201954,2018,Darren Collison,darren-collison,2,G,175,8/23/1987,31,9,UCLA,72,711,517,20833,3272,6944,0.471,635,1613,0.394,1682,1973,0.853,332,1557,1889,3545,821,106,1383,1212,8861,-0.006,-0.006,0.002,142,104,4151,563,1185,0.475,164,377,0.435,399,808,0.494,0.544,349,410,0.851,60,260,320,577,231,13,340,204,1639,0.107,0.197,0.124,0.113,COL
791,203613,2018,Jonathon Simmons,jonathon-simmons,14,F,195,9/14/1989,29,3,Houston,78,258,69,5298,786,1774,0.443,145,457,0.317,425,562,0.756,124,497,621,483,158,61,343,513,2142,-0.071,-0.075,0.004,30,29,902,154,301,0.512,32,83,0.386,122,218,0.56,0.565,101,141,0.716,42,107,149,65,21,11,100,75,441,0,0,0,0,COL
792,202690,2018,Jimmer Fredette,jimmer-fredette,32,G,195,2/25/1989,30,5,Brigham Young,74,241,7,3211,524,1282,0.409,193,519,0.372,197,224,0.879,53,190,243,331,94,11,223,222,1438,0.032,0.034,0.045,139,102,4119,838,1843,0.455,296,752,0.394,542,1091,0.497,0.535,627,711,0.882,75,292,367,515,167,12,350,172,2599,0.073,0.104,0.066,0.047,COL
793,1627733,2018,Dragan Bender,dragan-bender,35,F,225,11/17/1997,21,2,Maccabi Tel Aviv,85,187,67,3754,373,934,0.399,183,567,0.323,85,130,0.654,113,607,720,237,54,106,202,372,1014,0.05,0.046,-0.089,53,14,864.8,118,279,0.423,34,114,0.298,,,,,48,68,0.706,55,145,200,59,37,51,62,114,318,0.018,0,,0.05,INT
794,1627786,2018,Troy Williams,troy-williams,19,F,218,12/30/1994,24,2,Indiana,79,72,17,1175,168,374,0.449,43,144,0.299,50,77,0.649,49,142,191,52,57,22,60,131,429,0.037,0.057,0.058,99,94,2486,412,789,0.522,38,117,0.325,374,672,0.557,0.546,253,359,0.705,167,415,582,163,97,56,221,194,1115,0.031,0.14,0.025,0.067,COL
795,201585,2018,Kosta Koufos,kosta-koufos,41,C,245,2/24/1989,30,10,Ohio State,84,686,228,11272,1750,3277,0.534,0,4,0,413,710,0.582,1198,2254,3452,359,291,506,479,1398,3913,0.022,0,-0.127,37,35,1003,222,437,0.508,22,63,0.349,200,374,0.535,0.533,68,100,0.68,98,149,247,19,16,67,55,81,534,0,0,0,0,COL
796,202347,2018,Quincy Pondexter,quincy-pondexter,3,F,230,3/10/1988,31,6,Washington,79,355,48,5530,571,1351,0.423,211,593,0.356,256,343,0.746,200,440,640,263,122,49,178,464,1609,0.016,0.001,0.036,136,102,3715,652,1297,0.503,54,165,0.327,598,1132,0.528,0.524,428,557,0.768,324,433,757,230,107,45,258,346,1786,0.076,0.087,0.057,0.142,COL
797,1628500,2018,Ben Moore,ben-moore,26,F,220,5/13/1995,24,1,Southern Methodist,80,2,0,9,0,0,0,0,0,0,0,0,0,0,1,1,1,0,0,0,4,0,0,0,0,135,93,3303,459,852,0.539,1,5,0.2,458,847,0.541,0.539,295,445,0.663,303,477,780,242,102,125,195,316,1214,0.174,0,0.174,0.095,COL
798,202700,2018,Donatas Motiejunas,donatas-motiejunas,28,F-C,220,9/20/1990,28,5,Lithuania,84,251,101,4564,731,1558,0.469,121,404,0.3,249,417,0.597,298,654,952,269,118,82,287,538,1832,0.014,0.011,-0.027,147,120,3670.7,631,1292,0.488,91,276,0.33,,,,,404,614,0.658,246,552,798,126,157,71,290,387,1757,0.059,0.127,,0.053,INT
799,201967,2018,Dante Cunningham,dante-cunningham,33,F,230,4/22/1987,32,9,Villanova,80,715,195,14875,1772,3777,0.469,216,626,0.345,373,575,0.649,804,1872,2676,506,459,336,352,1227,4133,-0.028,0.044,-0.002,139,104,3780,514,981,0.524,1,3,0.333,513,978,0.525,0.524,305,440,0.693,344,475,819,133,162,117,244,384,1334,0.076,0,0.076,0.385,COL
800,101109,2018,Raymond Felton,raymond-felton,2,G,205,6/26/1984,35,13,North Carolina,73,971,659,28829,4105,9959,0.412,925,2813,0.329,1718,2175,0.79,552,2315,2867,5096,1144,207,2008,1870,10853,0.022,-0.027,0.066,101,100,3421,414,978,0.423,174,464,0.375,240,514,0.467,0.512,258,353,0.731,69,348,417,698,192,27,361,233,1260,0.057,0.127,0.056,0.117,COL
801,1628393,2018,Jawun Evans,jawun-evans,8,G,190,7/26/1996,22,1,Oklahoma State,72,56,4,842,92,267,0.345,15,57,0.263,38,49,0.776,10,86,96,110,39,6,50,105,237,0,0,0,54,52,1571,308,688,0.448,55,135,0.407,253,553,0.458,0.488,225,275,0.818,34,172,206,312,82,8,146,128,896,0.033,0.096,0.018,0.021,COL
802,203961,2018,Eric Moreland,eric-moreland,15,F-C,238,12/24/1991,27,3,Oregon State,82,83,3,898,73,136,0.537,1,1,1,13,33,0.394,88,222,310,83,32,56,49,130,160,0,0,0,89,58,2227,238,445,0.535,8,24,0.333,230,421,0.546,0.544,156,294,0.531,211,551,762,116,70,184,161,211,640,0.066,0,0.096,0.071,COL
803,202391,2018,Jeremy Lin,jeremy-lin,17,G,200,8/23/1988,30,8,Harvard,75,480,221,12217,1885,4349,0.433,449,1313,0.342,1348,1666,0.809,197,1141,1338,2042,519,175,1085,1060,5567,0.045,0.016,0.052,115,87,3354,506,1052,0.481,108,324,0.333,398,728,0.547,0.532,363,495,0.733,98,396,494,406,225,70,331,333,1483,0.104,0.121,0.125,0.197,COL
804,201975,2018,Jodie Meeks,jodie-meeks,20,G,210,8/21/1987,31,9,Kentucky,76,539,204,12110,1665,3969,0.42,775,2078,0.373,883,1004,0.879,148,972,1120,583,413,36,410,632,4988,0.056,0.089,0.021,81,42,2243,385,883,0.436,177,459,0.386,208,424,0.491,0.536,299,336,0.89,56,191,247,130,86,8,148,132,1246,0.156,0.086,0.232,0.108,COL
805,202327,2018,Ekpe Udoh,ekpe-udoh,33,C-F,245,5/20/1987,32,6,Baylor,82,384,56,5693,519,1145,0.453,0,4,0,315,439,0.718,456,644,1100,260,177,429,222,714,1353,0.012,0,0.068,103,67,2806,343,726,0.472,13,45,0.289,330,681,0.485,0.481,168,259,0.649,259,391,650,154,79,292,151,230,867,0.053,0,0.062,0.1,COL
806,1628463,2018,Tyler Cavanaugh,tyler-cavanaugh,34,F,238,2/9/1994,25,1,George Washington,81,50,1,558,70,162,0.432,33,94,0.351,19,23,0.826,48,87,135,28,9,4,14,64,192,0,0,0,137,101,3502,545,1221,0.446,155,417,0.372,390,804,0.485,0.51,479,584,0.82,226,561,787,155,53,40,257,357,1724,0.187,0.18,0.177,0.089,COL
807,1628397,2018,Ivan Rabb,ivan-rabb,10,F,220,2/4/1997,22,1,California,82,85,18,1236,202,364,0.555,3,15,0.2,78,105,0.743,123,241,364,86,29,27,70,145,485,-0.011,0,-0.063,65,64,1987,312,574,0.544,9,22,0.409,303,552,0.549,0.551,227,341,0.666,188,426,614,79,39,73,119,201,860,0.131,0,0.125,0.006,COL
808,1628416,2018,Tyler Dorsey,tyler-dorsey,22,G,183,2/18/1996,23,1,Oregon,77,107,16,1680,255,651,0.392,117,333,0.351,83,124,0.669,45,200,245,135,31,7,64,116,710,0.016,-0.016,-0.06,75,74,2252,342,752,0.455,155,373,0.416,187,379,0.493,0.558,216,295,0.732,81,209,290,138,59,11,128,133,1055,0.026,0.017,0.04,0.043,COL
809,202718,2018,Chandler Parsons,chandler-parsons,25,F,230,10/25/1988,30,7,Florida,82,440,369,13247,2129,4611,0.462,687,1844,0.373,626,878,0.713,356,1616,1972,1201,412,152,657,865,5571,0.01,0.036,0.162,142,81,3964,527,1105,0.477,153,454,0.337,374,651,0.575,0.546,245,401,0.611,270,589,859,339,129,42,234,282,1452,0.033,0.067,0.074,0.105,COL
810,202325,2018,Wesley Johnson,wes-johnson,4,F-G,215,7/11/1987,31,8,Syracuse,79,609,334,13471,1629,4028,0.404,614,1823,0.337,363,490,0.741,337,1587,1924,645,468,402,525,1168,4235,0.006,-0.02,0.051,93,90,2937,462,1017,0.454,130,373,0.349,332,644,0.516,0.518,239,311,0.768,209,441,650,150,106,108,200,210,1293,0.106,0.121,0.084,0.026,COL
811,1628421,2018,Devin Robinson,devin-robinson,7,F,200,3/7/1995,24,1,Florida,80,8,0,107,20,35,0.571,0,2,0,9,14,0.643,8,17,25,6,5,6,2,13,49,0,0,0,105,71,2413,334,742,0.45,100,298,0.336,234,444,0.527,0.518,167,234,0.714,151,362,513,63,66,63,99,225,935,0.073,0.135,0.036,0.12,COL
812,1626155,2018,Sam Dekker,sam-dekker,8,F,230,5/6/1994,25,3,Wisconsin,81,201,8,3097,451,944,0.478,89,309,0.288,103,170,0.606,191,416,607,160,101,37,98,201,1094,0.003,-0.033,0.038,113,81,3153,499,1012,0.493,142,408,0.348,357,604,0.591,0.563,223,321,0.695,185,384,569,148,73,54,114,137,1363,0.056,0.065,0.089,0.022,COL
813,1627785,2018,Isaiah Whitehead,isaiah-whitehead,12,G,213,3/8/1995,24,2,Seton Hall,76,89,26,1823,244,594,0.411,51,167,0.305,104,132,0.788,36,174,210,212,50,38,166,198,643,0.009,0,0,56,52,1710,285,760,0.375,117,326,0.359,168,434,0.387,0.452,196,259,0.757,40,167,207,251,70,63,192,131,883,0.012,0.019,0.008,0.014,COL
814,203564,2018,Kalin Lucas,kalin-lucas,24,G,195,5/24/1989,30,1,Michigan State,73,2,0,11,0,2,0,0,1,0,2,2,1,0,3,3,1,1,0,0,2,2,0,0,0,141,119,4278,670,1575,0.425,149,395,0.377,521,1180,0.442,0.473,507,637,0.796,79,192,271,558,144,11,324,233,1996,0.058,0.036,0.095,0.052,COL
815,2585,2018,Zaza Pachulia,zaza-pachulia,27,C,270,2/10/1984,35,15,Ulkerspor,83,1098,516,22234,2608,5559,0.469,0,31,0,2198,2927,0.751,2362,3953,6315,1433,768,378,1444,2738,7414,0.08,0,0.107,14,2,150,21,45,0.467,0,0,0,,,,,20,32,0.625,21,19,40,4,7,1,10,20,62,0,0,,0,INT
816,202720,2018,Jon Leuer,jon-leuer,30,F,228,5/14/1989,30,7,Wisconsin,82,377,80,5944,979,2023,0.484,125,381,0.328,312,407,0.767,357,1069,1426,301,137,102,259,583,2395,-0.024,-0.128,0.023,123,68,2810,518,1074,0.482,100,272,0.368,418,802,0.521,0.529,240,332,0.723,156,395,551,135,51,85,142,199,1376,0.056,0.166,0.071,0.36,COL
817,101181,2018,Jose Calderon,jose-calderon,81,G,200,9/28/1981,37,13,Tau Ceramica,75,895,591,23642,3038,6440,0.472,920,2260,0.407,925,1060,0.873,303,1845,2148,5148,716,71,1339,1476,7921,0.049,0.248,0.027,138,78,3299.1,446,878,0.508,138,334,0.413,,,,,298,359,0.83,109,240,349,320,180,15,174,284,1328,0.038,0.067,,0.055,INT
818,202714,2018,Shelvin Mack,shelvin-mack,6,G,203,4/22/1990,29,7,Butler,75,456,56,8393,1165,2752,0.423,302,916,0.33,365,499,0.731,118,776,894,1421,300,24,560,568,2997,0.025,0.047,0.021,108,107,3374,515,1228,0.419,216,605,0.357,299,623,0.48,0.507,281,372,0.755,88,366,454,357,118,9,239,206,1527,0.063,0.065,0.04,0.035,COL
819,1627098,2017,Malcolm Delaney,malcolm-delaney,5,G,190,3/11/1989,29,1,Virginia Tech,75,127,5,2261,254,673,0.377,72,234,0.308,149,185,0.805,19,204,223,356,74,7,161,194,729,0.003,0.072,-0.001,136,125,4692,635,1585,0.401,264,727,0.363,371,858,0.432,0.484,721,853,0.845,113,364,477,543,175,24,377,363,2255,0.035,0.102,0.035,0.082,COL
820,202379,2017,Jeremy Evans,jeremy-evans,6,F,200,10/24/1987,30,6,Western Kentucky,81,250,9,2626,364,640,0.569,6,26,0.231,145,211,0.687,239,402,641,107,90,121,85,291,879,-0.093,0,0,134,130,3150,427,668,0.639,12,33,0.364,415,635,0.654,0.648,199,291,0.684,321,467,788,72,84,224,136,328,1065,0.024,0,0.036,0.08,COL
821,1627819,2017,Isaiah Taylor,isaiah-taylor,22,G,170,7/11/1994,23,1,Texas,75,71,9,1219,164,397,0.413,20,82,0.244,100,143,0.699,23,74,97,209,35,11,84,122,448,0,0,0,92,92,2831,412,1019,0.404,35,119,0.294,377,900,0.419,0.421,395,499,0.792,33,250,283,415,89,12,207,228,1254,0.029,0.029,0.042,0.094,COL
822,203499,2017,Shane Larkin,shane-larkin,8,G,175,10/2/1992,25,3,Miami,71,256,41,4879,545,1290,0.422,117,348,0.336,192,247,0.777,83,407,490,737,243,24,301,375,1399,0.042,0.02,0.137,68,54,2131,256,585,0.438,101,269,0.375,155,316,0.491,0.524,147,182,0.808,35,183,218,245,121,6,142,111,760,0.119,0.083,0.144,0.08,COL
823,202918,2017,Xavier Silas,xavier-silas,9,G,205,1/22/1988,30,1,Northern Illinois,77,4,0,46,4,18,0.222,1,8,0.125,2,3,0.667,3,3,6,3,1,0,3,6,11,0,0,0,99,87,3034,491,1192,0.412,168,466,0.361,323,726,0.445,0.482,446,567,0.787,114,306,420,169,89,33,274,273,1596,0.077,0.096,0.065,0.173,COL
824,1627855,2017,Okaro White,okaro-white,15,F,215,8/13/1992,25,1,Florida State,80,44,4,557,40,105,0.381,16,47,0.34,22,25,0.88,29,66,95,23,11,11,19,58,118,0,0,0,139,94,3417,466,944,0.494,69,211,0.327,397,733,0.542,0.53,401,502,0.799,254,450,704,95,103,107,217,398,1402,0.07,0.11,0.103,0.076,COL
825,203580,2017,Larry Drew II,larry-drew,1,G,180,3/5/1990,28,1,UCLA,74,22,1,289,27,82,0.329,7,35,0.2,2,3,0.667,4,14,18,55,6,0,28,19,63,-0.016,0,0,131,88,3150,263,638,0.412,79,230,0.343,184,408,0.451,0.474,119,198,0.601,31,243,274,632,116,9,289,207,724,0.095,0.226,0.032,0.071,COL
826,202348,2017,Jordan Crawford,jordan-crawford,27,G,195,10/23/1988,29,5,Xavier,77,281,99,6843,1286,3130,0.411,330,1041,0.317,530,642,0.826,153,550,703,883,196,23,529,437,3432,0.058,-0.02,-0.051,65,42,1905,367,806,0.455,109,284,0.384,258,522,0.494,0.523,166,217,0.765,68,199,267,170,75,13,143,106,1009,0.022,0.025,0.023,0.027,COL
827,202732,2017,DeAndre Liggins,deandre-liggins,34,G,209,3/31/1988,30,4,Kentucky,78,177,24,1906,129,321,0.402,43,122,0.352,45,82,0.549,47,205,252,122,108,31,86,201,346,-0.089,-0.022,0.001,100,29,2192,194,477,0.407,62,187,0.332,132,290,0.455,0.472,126,196,0.643,46,250,296,212,90,50,147,190,576,0.062,0.156,0.082,0.083,COL
828,201582,2017,Alexis Ajinca,alexis-ajinca,42,C,248,5/6/1988,30,7,Hyeres-Toulon,86,293,76,3903,645,1283,0.503,12,42,0.286,251,315,0.797,346,804,1150,143,102,181,249,661,1553,0.135,0.011,0.09,27,6,300,48,91,0.527,2,5,0.4,,,,,34,42,0.81,31,49,80,15,8,32,27,62,132,0,0,,0,INT
829,2731,2017,Emeka Okafor,emeka-okafor,50,C,255,9/28/1982,35,9,Connecticut,82,616,603,19053,3004,5867,0.512,0,2,0,1362,2325,0.586,1954,4013,5967,520,414,1003,984,1696,7370,0.065,0,-0.023,103,103,3274,587,995,0.59,0,0,,587,995,0.59,0.59,252,447,0.564,353,738,1091,81,91,441,206,271,1426,0.019,0,0.019,0.102,COL
830,203930,2017,Sean Kilpatrick,sean-kilpatrick,0,G,212,1/6/1990,28,3,Cincinnati,76,157,25,3081,545,1319,0.413,194,579,0.335,332,385,0.862,40,389,429,236,73,13,206,191,1616,0.063,-0.026,-0.036,140,104,4315,707,1687,0.419,313,901,0.347,394,786,0.501,0.512,418,536,0.78,175,427,602,279,166,23,236,182,2145,0.039,0.07,0.018,0.123,COL
831,201600,2017,Omer Asik,omer-asik,3,C,255,7/4/1986,31,7,Fenerbahce,84,471,262,9217,947,1795,0.528,0,1,0,585,1062,0.551,1036,2326,3362,280,167,339,542,928,2479,-0.025,0,0.051,22,4,434.6,69,112,0.616,0,1,0,,,,,41,88,0.466,48,76,124,11,11,41,40,41,179,0.063,0,,0.163,INT
832,1627835,2017,Paul Zipser,paul-zipser,16,F,226,2/18/1994,24,1,Bayern Munich,80,98,30,1667,169,455,0.371,70,209,0.335,50,65,0.769,28,228,256,82,35,31,83,164,458,-0.027,0.002,-0.006,407,96,6741,877,1845,0.475,371,895,0.415,,,,,532,659,0.807,292,858,1150,377,173,126,300,768,2657,0.24,0.217,,0.22,INT
833,204067,2017,Jarell Eddie,jarell-eddie,31,G-F,218,10/30/1991,26,2,Virginia Tech,79,34,0,217,26,86,0.302,19,65,0.292,16,17,0.941,3,28,31,5,7,1,2,6,87,0,0,0,123,90,3176,383,995,0.385,192,526,0.365,191,469,0.407,0.481,224,276,0.812,101,462,563,139,43,58,183,247,1182,0.07,0.224,0.171,0.18,COL
834,1626151,2017,Aaron Harrison,aaron-harrison,9,G,210,10/28/1994,23,2,Kentucky,78,35,3,343,24,92,0.261,12,55,0.218,19,31,0.613,8,34,42,16,15,2,7,39,79,0,0,0,79,78,2307,320,781,0.41,121,361,0.335,199,420,0.474,0.487,218,277,0.787,40,178,218,129,86,18,100,146,979,0.028,0.04,0.002,0.008,COL
835,201589,2017,Darrell Arthur,darrell-arthur,0,F,235,3/25/1988,30,8,Kansas,81,503,106,8944,1381,3110,0.444,161,458,0.352,359,469,0.765,547,1221,1768,409,309,307,422,1234,3282,0.006,-0.013,0.099,78,46,1710,369,682,0.541,2,17,0.118,367,665,0.552,0.543,144,213,0.676,170,257,427,50,53,109,127,221,884,0.005,0,0.007,0.056,COL
836,2210,2017,Richard Jefferson,richard-jefferson,22,F,233,6/21/1980,38,16,Arizona,79,1181,809,34294,5150,11102,0.464,1042,2769,0.376,3562,4639,0.768,917,3803,4720,2412,787,347,1768,2637,14904,0.005,0.148,0.054,84,77,2211,335,684,0.49,60,163,0.368,275,521,0.528,0.534,214,298,0.718,83,199,416,232,51,63,227,219,944,0.024,0.081,0.015,0.121,COL
837,2561,2017,David West,david-west,3,F,250,8/29/1980,37,14,Xavier,81,1034,742,29139,5703,11519,0.495,57,215,0.265,2571,3148,0.817,1784,4806,6590,2273,764,850,1660,2408,14034,0.021,-0.066,0.104,126,126,4210,726,1366,0.531,18,55,0.327,708,1311,0.54,0.538,662,874,0.757,445,863,1308,267,174,228,320,350,2132,0.038,0.025,0.029,0.149,COL
838,201156,2017,Nick Young,nick-young,6,G-F,210,6/1/1985,33,10,Southern California,79,720,201,16419,2894,6920,0.418,1039,2764,0.376,1367,1636,0.836,260,1167,1427,687,394,135,711,1316,8194,-0.022,-0.025,0.022,96,90,2990,553,1143,0.484,95,258,0.368,458,885,0.518,0.525,285,373,0.764,167,320,487,137,80,26,205,243,1486,0.084,0.125,0.055,0.157,COL
839,2207,2017,Joe Johnson,joe-johnson,7,G-F,240,6/29/1981,37,16,Arkansas,79,1277,1091,44232,7823,17720,0.441,1978,5331,0.371,2783,3468,0.802,1067,3992,5059,5001,1071,260,2451,2252,20407,0.001,0.095,0.035,53,41,1605,302,648,0.466,63,155,0.406,239,493,0.485,0.515,128,170,0.753,109,216,325,127,88,24,132,90,795,0.004,0.075,0.02,0.012,COL
840,1627778,2017,Chinanu Onuaku,chinanu-onuaku,21,C,245,11/1/1996,21,1,Louisville,82,6,1,73,7,12,0.583,0,0,0,4,4,1,3,11,14,4,3,1,7,10,18,0,0,0,66,55,1385,182,294,0.619,0,1,0,182,293,0.621,0.619,47,86,0.547,160,263,423,70,50,104,109,175,411,0.004,0,0.007,0.122,COL
841,203900,2017,Markel Brown,markel-brown,26,G,190,1/29/1992,26,2,Oklahoma State,75,113,35,1795,205,539,0.38,56,190,0.295,118,151,0.781,40,194,234,132,69,27,83,157,584,0.02,0.031,-0.044,134,103,4088,551,1255,0.439,146,421,0.347,405,834,0.486,0.497,407,555,0.733,104,475,579,308,136,113,239,285,1655,0.079,0.117,0.07,0.161,COL
842,204028,2017,Tarik Black,tarik-black,28,F-C,250,11/22/1991,26,3,Kansas,81,220,57,3318,439,798,0.55,2,14,0.143,195,335,0.582,393,638,1031,110,83,116,163,516,1075,0.014,0,0.057,135,75,2797,443,722,0.614,0,1,0,443,721,0.614,0.614,244,440,0.555,267,362,629,41,81,146,158,425,1130,0.164,0,0.17,0.152,COL
843,203898,2017,Tyler Ennis,tyler-ennis,10,G,194,8/24/1994,23,3,Syracuse,75,186,21,2337,320,763,0.419,66,208,0.317,73,95,0.768,48,202,250,359,98,18,171,233,779,-0.015,0.054,0.056,34,34,1215,148,360,0.411,30,85,0.353,118,275,0.429,0.453,114,149,0.765,27,88,115,187,71,6,58,69,440,0,0,0,0,COL
844,204037,2017,Travis Wear,travis-wear,21,F,225,9/21/1990,27,1,UCLA,82,68,1,899,109,281,0.388,28,77,0.364,28,34,0.824,31,113,144,47,19,16,41,85,274,-0.014,-0.003,0,128,84,2845,425,843,0.504,20,50,0.4,405,793,0.511,0.516,182,228,0.798,206,316,522,85,77,94,115,297,1052,0.12,0,0.129,0.091,COL
845,202337,2017,Luke Babbitt,luke-babbitt,22,F,225,6/20/1989,29,7,Nevada,81,381,107,5332,650,1593,0.408,394,979,0.402,124,166,0.747,111,735,846,224,89,58,165,520,1818,0.137,-0.027,-0.061,68,68,2370,445,927,0.48,75,178,0.421,370,749,0.494,0.52,351,393,0.893,133,421,554,119,59,51,146,148,1316,0.044,0.013,0.058,0.053,COL
846,1626175,2017,Jordan Mickey,jordan-mickey,25,C-F,235,7/9/1994,23,2,Louisiana State,80,64,4,482,62,138,0.449,2,17,0.118,26,43,0.605,37,91,128,17,9,27,28,53,152,0.085,0,0,65,65,2197,363,701,0.518,1,14,0.071,362,687,0.527,0.519,186,278,0.669,176,399,575,76,50,218,179,155,913,0.03,0,0.029,0.049,COL
847,204098,2017,Xavier Munford,xavier-munford,0,G,173,6/1/1992,26,1,Rhode Island,76,20,0,265,33,83,0.398,9,25,0.36,8,16,0.5,4,28,32,26,14,3,17,29,83,0,0,0,61,61,2166,352,884,0.398,130,388,0.335,222,496,0.448,0.472,211,297,0.71,28,182,210,134,66,23,165,133,1045,0.008,0.017,0.016,0.007,COL
848,1891,2017,Jason Terry,jason-terry,3,G,185,9/15/1977,40,18,Arizona,74,1410,679,42038,6914,15585,0.444,2282,6010,0.38,2771,3278,0.845,502,2772,3274,5415,1603,275,2415,2577,18881,0.029,0.087,0.039,129,47,3244,489,1105,0.443,192,514,0.374,297,591,0.503,0.529,291,371,0.784,295,493,245,,,17,304,187,1461,0.12,0.246,0.061,0.246,COL
849,201943,2017,Brandon Jennings,brandon-jennings,11,G,170,9/23/1989,28,8,Virtus Roma,73,555,429,16842,2750,7099,0.387,914,2648,0.345,1387,1743,0.796,329,1330,1659,3151,679,98,1203,996,7801,0.014,-0.032,-0.028,43,18,773.5,101,265,0.381,23,99,0.232,,,,,44,62,0.71,15,54,69,87,76,2,59,91,269,0,0,,0,INT
850,203498,2017,Shabazz Muhammad,shabazz-muhammad,15,G-F,221,11/13/1992,25,4,UCLA,78,278,16,4771,940,1988,0.473,123,386,0.319,501,667,0.751,294,476,770,151,81,24,183,283,2504,0.011,-0.072,0.099,32,30,987,202,456,0.443,40,106,0.377,162,350,0.463,0.487,128,180,0.711,87,80,167,27,23,4,51,53,572,0,0,0,0,COL
851,1627850,2017,Marshall Plumlee,marshall-plumlee,40,C,250,7/14/1992,25,1,Duke,84,29,1,221,17,33,0.515,0,0,0,20,35,0.571,27,41,68,12,4,5,15,33,54,0,0,0,124,36,1777,155,233,0.665,1,1,1,154,232,0.664,0.667,116,209,0.555,199,277,476,59,44,100,68,192,427,0.21,0,0.204,0.135,COL
852,1626148,2017,Anthony Brown,anthony-brown,3,F-G,224,10/10/1992,25,2,Stanford,79,41,11,761,58,177,0.328,28,98,0.286,17,20,0.85,17,86,103,28,19,6,21,49,161,0.017,-0.013,0,47,4,617,54,112,0.482,1,7,0.143,53,105,0.505,0.487,33,58,0.569,48,62,110,13,12,19,20,92,142,0.055,0,0.008,0.056,COL
853,1627875,2017,Marcus Georges-Hunt,marcus-georges-hunt,13,G,226,3/28/1994,24,1,Georgia Tech,77,47,0,271,23,55,0.418,5,17,0.294,22,31,0.71,8,17,25,10,7,0,5,37,73,0,0,0,130,129,4017,569,1314,0.433,122,371,0.329,447,943,0.474,0.479,468,625,0.749,200,380,580,287,121,28,220,307,1728,0.038,0.054,0.059,0.194,COL
854,201166,2017,Aaron Brooks,aaron-brooks,30,G,161,1/14/1985,33,9,Oregon,72,645,183,13439,2261,5478,0.413,820,2218,0.37,917,1095,0.837,254,825,1079,1925,359,87,1000,1217,6259,-0.002,0.036,-0.014,115,110,3759,500,1164,0.43,205,548,0.374,295,616,0.479,0.518,306,367,0.834,86,311,397,470,127,16,303,265,1511,0.089,0.068,0.127,0.067,COL
855,202332,2017,Cole Aldrich,cole-aldrich,45,C,253,10/31/1988,29,7,Kansas,83,339,23,3388,435,825,0.527,0,0,0,180,244,0.738,334,797,1131,183,137,233,199,509,1050,0.009,0,0.141,111,71,2330,391,681,0.574,0,0,,391,681,0.574,0.574,256,351,0.729,250,610,860,72,59,253,133,230,1038,0.08,0,0.08,0.113,COL
856,203112,2017,Quincy Acy,quincy-acy,13,F,240,10/6/1990,27,5,Baylor,79,337,60,5392,583,1314,0.444,183,523,0.35,293,386,0.759,309,870,1179,217,140,135,219,665,1642,-0.113,0.069,-0.065,139,66,3488,503,835,0.602,3,7,0.429,500,828,0.604,0.604,351,496,0.708,300,528,828,86,102,177,214,355,1360,0.162,0,0.158,0.213,COL
857,201563,2017,Michael Beasley,michael-beasley,8,F,235,1/9/1989,29,9,Kansas State,81,609,238,13903,3088,6644,0.465,291,835,0.349,1101,1450,0.759,664,2197,2861,788,345,314,1025,1294,7568,-0.007,-0.055,-0.013,33,33,1041,307,577,0.532,36,95,0.379,271,482,0.562,0.563,216,279,0.774,131,277,408,38,42,54,95,85,866,0,0,0,0,COL
858,1627758,2017,Ron Baker,ron-baker,31,G,220,3/30/1993,25,1,Wichita State,76,96,14,1393,106,296,0.358,35,132,0.265,53,75,0.707,18,121,139,169,66,15,79,125,300,-0.02,0.019,0.045,124,121,3795,522,1205,0.433,242,655,0.369,280,550,0.509,0.534,350,437,0.801,99,421,520,345,163,76,177,215,1636,0.058,0.033,0.064,0.084,COL
859,101127,2017,Jarrett Jack,jarrett-jack,55,G,200,10/28/1983,34,12,Georgia Tech,75,867,399,24140,3374,7673,0.44,620,1809,0.343,1981,2316,0.855,277,2210,2487,3952,683,107,1723,1583,9349,-0.005,0.078,0.055,101,100,3260,406,850,0.478,93,259,0.359,313,591,0.53,0.532,360,452,0.796,44,406,450,543,183,11,332,202,1265,0.059,0.159,0.033,0.163,COL
860,201167,2017,Arron Afflalo,arron-afflalo,4,G,210,10/15/1985,32,10,UCLA,77,762,537,20828,2983,6633,0.45,852,2205,0.386,1380,1673,0.825,334,1842,2176,1386,341,141,852,1481,8198,0.036,0.174,0.045,104,103,3396,519,1135,0.457,209,560,0.373,310,575,0.539,0.549,293,375,0.781,64,296,360,202,64,20,205,216,1540,0.02,0.02,0.084,0.098,COL
861,201578,2017,Marreese Speights,marreese-speights,5,F-C,255,8/4/1987,30,9,Florida,82,705,78,10639,2181,4750,0.459,232,651,0.356,998,1252,0.797,947,1928,2875,461,189,356,614,1564,5592,-0.044,0.109,0.021,69,36,1063,273,431,0.633,0,0,,273,431,0.633,0.633,110,160,0.688,131,245,376,36,23,64,79,120,656,0.047,0,0.047,0.025,COL
862,1626202,2017,Joe Young,joseph-young,3,G,185,6/27/1992,26,2,Oregon,74,127,1,1076,168,427,0.393,40,135,0.296,53,69,0.768,19,111,130,119,33,1,64,74,429,0.026,0.079,-0.022,132,115,4333,778,1718,0.453,288,739,0.39,490,979,0.501,0.537,460,519,0.886,85,391,476,351,130,8,221,194,2304,0.064,0.063,0.078,0.088,COL
863,202344,2017,Trevor Booker,trevor-booker,20,F,228,11/25/1987,30,7,Clemson,80,532,162,10873,1548,3003,0.515,75,246,0.305,508,799,0.636,1029,1903,2932,565,355,277,540,1063,3679,-0.033,-0.031,-0.033,134,134,3806,687,1228,0.559,23,71,0.324,664,1157,0.574,0.569,328,526,0.624,400,660,1060,224,144,249,260,302,1725,0.081,0,0.055,0.134,COL
864,1627743,2017,Demetrius Jackson,demetrius-jackson,11,G,201,9/7/1994,23,1,Notre Dame,73,26,0,136,18,37,0.486,4,14,0.286,8,12,0.667,9,10,19,17,7,1,11,11,48,0,0,0,57,50,1657,239,595,0.402,95,273,0.348,144,322,0.447,0.482,190,227,0.837,22,136,158,186,62,3,193,150,763,0.017,0.031,0.01,0.028,COL
865,1627755,2017,Tyler Ulis,tyler-ulis,8,G,160,1/5/1996,22,1,Kentucky,70,133,58,2782,398,988,0.403,63,225,0.28,139,172,0.808,44,179,223,537,118,12,204,193,998,-0.018,0.014,0.033,72,35,2170,259,607,0.427,88,237,0.371,171,370,0.462,0.499,209,247,0.846,35,137,172,381,88,6,107,120,815,0.028,0.085,0.1,0.048,COL
866,1627735,2017,Wade Baldwin IV,wade-baldwin,2,G,202,3/29/1996,22,1,Vanderbilt,76,56,1,579,60,169,0.355,9,36,0.25,45,58,0.776,14,55,69,78,21,10,57,63,174,0.042,0,0,68,54,2011,234,543,0.431,84,199,0.422,150,344,0.436,0.508,240,300,0.8,30,247,277,327,90,15,158,171,792,0.009,0.033,0.003,0.003,COL
867,203912,2017,C.J. Wilcox,cj-wilcox,23,G,195,12/30/1990,27,3,Washington,77,66,0,375,50,135,0.37,19,57,0.333,13,16,0.812,6,25,31,30,15,4,18,30,132,-0.051,0,0,131,83,3735,640,1478,0.433,301,773,0.389,339,705,0.481,0.535,299,356,0.84,110,331,441,214,112,98,178,250,1880,0.034,0.037,0.064,0.067,COL
868,204022,2017,Jack Cooley,jack-cooley,45,C-F,274,4/12/1991,27,1,Notre Dame,82,23,0,174,22,49,0.449,0,0,0,23,40,0.575,24,31,55,7,7,3,6,36,67,0.04,0,0,123,66,2435,394,656,0.601,1,2,0.5,393,654,0.601,0.601,228,344,0.663,346,446,792,66,54,116,110,250,1017,0.076,0,0.076,0.186,COL
869,2216,2017,Zach Randolph,zach-randolph,50,F,250,7/16/1981,36,16,Michigan State,81,1116,883,34619,7436,15774,0.471,199,729,0.273,3507,4592,0.764,3279,6929,10208,2049,834,301,2290,2629,18578,0.023,-0.007,0.095,33,8,654,138,235,0.587,0,1,0,138,234,0.59,0.587,80,126,0.635,101,120,221,34,24,22,53,60,356,0,0,0,0,COL
870,1938,2017,Manu Ginobili,manu-ginobili,20,G,205,7/28/1977,40,15,Virtus Bologna,78,1057,349,26857,4584,10262,0.447,1495,4055,0.369,3380,4089,0.827,685,3012,3697,4001,1392,319,2116,2212,14043,0.009,0.024,0.09,36,35,1039.5,179,404,0.443,47,159,0.296,,,,,137,181,0.757,30,115,145,85,99,10,85,120,542,0.006,0.013,,0.052,INT
871,1626199,2017,Darrun Hilliard,darrun-hilliard,24,G,220,4/13/1993,25,2,Villanova,78,91,3,859,104,276,0.377,31,102,0.304,56,75,0.747,7,78,85,71,22,3,51,74,295,-0.012,-0.057,0.01,132,112,3537,491,1125,0.436,209,569,0.367,282,556,0.507,0.529,320,428,0.748,71,329,400,248,176,47,206,274,1511,0.113,0.122,0.095,0.078,COL
872,203530,2017,Joffrey Lauvergne,joffrey-lauvergne,77,C,260,9/30/1991,26,3,Khimki,83,208,18,2823,477,995,0.479,49,172,0.285,156,217,0.719,239,550,789,180,55,34,165,286,1159,0.066,0.072,0.059,249,112,5015.8,731,1436,0.509,79,286,0.276,,,,,399,575,0.694,420,838,1258,228,137,81,347,524,1940,0.223,0.073,,0.105,INT
873,2555,2017,Nick Collison,nick-collison,4,F-C,255,10/26/1980,37,13,Kansas,82,910,177,18599,2212,4146,0.534,21,101,0.208,914,1265,0.723,1766,2935,4701,939,446,469,878,2507,5359,-0.004,0,0.024,142,130,3888,858,1526,0.562,23,64,0.359,835,1462,0.571,0.57,358,574,0.624,390,753,1143,257,155,243,346,413,2097,0.1,0,0.099,0.099,COL
874,203518,2017,Alex Abrines,alex-abrines,8,G,190,8/1/1993,24,1,FC Barcelona,78,174,16,2777,305,789,0.387,219,595,0.368,95,108,0.88,49,199,248,88,92,22,72,291,924,-0.006,-0.013,-0.024,288,81,4908.7,698,1549,0.451,367,947,0.388,,,,,303,371,0.817,134,348,482,226,179,59,185,514,2066,0.057,0.114,,0.117,INT
875,202713,2017,Kyle Singler,kyle-singler,15,F,228,5/4/1988,30,5,Duke,80,356,172,7795,843,2015,0.418,299,826,0.362,341,434,0.786,317,709,1026,272,203,110,278,734,2326,-0.016,0.02,-0.011,148,147,4887,814,1879,0.433,267,736,0.363,547,1143,0.479,0.504,497,643,0.773,360,655,1015,293,168,107,316,387,2392,0.042,0.078,0.121,0.093,COL
876,203962,2017,Josh Huestis,josh-huestis,34,G,230,12/19/1991,26,2,Stanford,79,76,10,1067,71,205,0.346,39,125,0.312,6,25,0.24,48,132,180,23,16,48,29,85,187,0,0,0,135,75,3376,392,870,0.451,66,207,0.319,326,663,0.492,0.489,169,277,0.61,292,542,834,113,67,190,125,230,1019,0.024,0.059,0.019,0.153,COL
877,203485,2017,Lorenzo Brown,lorenzo-brown,4,G,189,8/26/1990,27,3,NC State,77,103,7,1183,123,338,0.364,18,106,0.17,29,41,0.707,28,123,151,183,61,15,74,101,293,0.062,0.074,0,101,95,3289,410,955,0.429,64,210,0.305,346,745,0.464,0.463,283,382,0.741,74,351,425,589,172,50,304,190,1167,0.037,0.088,0.029,0.058,COL
878,1627781,2017,Malachi Richardson,malachi-richardson,22,G,205,1/5/1996,22,1,Syracuse,78,70,4,624,67,187,0.358,28,93,0.301,36,46,0.783,10,60,70,24,16,2,26,63,198,-0.063,0.017,0,37,37,1272,152,412,0.369,79,224,0.353,73,188,0.388,0.465,113,157,0.72,19,139,158,77,42,10,79,91,496,0,0,0,0,COL
879,203512,2017,Lucas Nogueira,lucas-nogueira,92,C,220,7/26/1992,25,3,Estudiantes,84,141,10,1753,182,288,0.632,9,34,0.265,73,114,0.64,120,268,388,72,89,144,75,221,446,0.007,0,0.006,53,8,774.3,125,184,0.679,0,0,0,,,,,53,80,0.662,94,101,195,18,28,69,32,105,303,0.036,0,,0.024,INT
880,204065,2017,David Stockton,david-stockton,5,G,165,6/24/1991,27,1,Gonzaga,71,6,0,42,4,9,0.444,3,5,0.6,7,10,0.7,0,2,2,9,2,0,5,4,18,0,0,0,138,39,2741,223,526,0.424,70,229,0.306,153,297,0.515,0.49,145,207,0.7,20,205,225,423,167,11,202,230,661,0.075,0.16,0.25,0.29,COL
881,1627362,2017,Briante Weber,briante-weber,3,G,165,12/29/1992,25,2,Virginia Commonwealth,74,45,4,610,58,142,0.408,5,26,0.192,22,30,0.733,24,62,86,64,39,9,32,56,143,0.067,0,0,127,65,2965,296,695,0.426,40,146,0.274,256,549,0.466,0.455,230,299,0.769,103,320,423,378,374,26,186,280,862,0.048,0.189,0.09,0.044,COL
882,1626150,2017,Andrew Harrison,andrew-harrison,5,G,213,10/28/1994,23,1,Kentucky,78,145,64,2985,314,842,0.373,95,323,0.294,289,371,0.779,52,235,287,399,95,49,178,366,1012,0.045,0.018,0.008,79,78,2261,222,597,0.372,69,188,0.367,153,409,0.374,0.43,285,367,0.777,45,168,213,298,61,17,173,189,798,0.011,0.032,0.003,0.028,COL
883,201596,2017,Mario Chalmers,mario-chalmers,6,G,190,5/19/1986,32,8,Kansas,74,646,400,17245,1936,4641,0.417,755,2153,0.351,1116,1407,0.793,211,1374,1585,2412,950,103,1202,1756,5743,-0.003,-0.018,0.031,110,96,3137,444,914,0.486,180,430,0.419,264,484,0.545,0.584,273,356,0.767,33,276,309,420,283,44,259,269,1341,0.071,0.093,0.055,0.042,COL
884,202705,2017,MarShon Brooks,marshon-brooks,8,G-F,200,1/26/1989,29,3,Providence,77,200,50,3456,613,1371,0.447,109,316,0.345,257,342,0.751,132,292,424,282,120,42,248,269,1592,0.02,0.032,-0.017,113,56,2855,587,1265,0.464,158,475,0.333,429,790,0.543,0.526,297,402,0.739,179,307,486,175,129,81,207,222,1629,0.101,0.038,0.115,0.088,COL
885,201936,2017,Tyreke Evans,tyreke-evans,12,G-F,220,9/19/1989,28,8,Memphis,78,594,426,18242,3510,7978,0.44,500,1548,0.323,1827,2415,0.757,500,2220,2720,2852,734,222,1489,1308,9347,-0.02,0.07,0.008,37,35,1072,230,505,0.455,34,124,0.274,196,381,0.514,0.489,138,194,0.711,47,151,198,143,77,29,133,89,632,0,0,0,0,COL
886,203104,2017,Marquis Teague,marquis-teague,20,G,189,2/28/1993,25,2,Kentucky,74,91,3,908,85,248,0.343,10,45,0.222,37,56,0.661,5,85,90,134,23,12,77,98,217,-0.042,0,0,40,40,1303,145,352,0.412,26,80,0.325,119,272,0.438,0.449,85,119,0.714,17,84,101,191,37,11,109,91,401,0,0,0,0,COL
887,1627738,2017,Deyonta Davis,deyonta-davis,21,C-F,237,12/2/1996,21,1,Michigan State,83,107,6,1299,200,334,0.599,0,1,0,54,85,0.635,105,241,346,47,21,61,43,177,454,0.088,0,0,35,16,650,119,199,0.598,0,0,,119,199,0.598,0.598,23,38,0.605,72,119,191,26,9,64,30,80,261,0,0,0,0,COL
888,1626191,2017,Chris McCullough,chris-mccullough,1,F,215,2/5/1995,23,2,Syracuse,81,59,4,532,78,183,0.426,15,49,0.306,23,42,0.548,41,71,112,15,30,19,20,54,194,0.035,0,0,16,16,450,54,113,0.478,1,1,1,53,112,0.473,0.482,40,71,0.563,36,74,110,18,27,33,35,41,149,0,0,0,0,COL
889,201951,2017,Ty Lawson,ty-lawson,4,G,195,11/3/1987,30,8,North Carolina,71,551,345,16087,2496,5424,0.46,473,1319,0.359,1512,1964,0.77,351,1155,1506,3316,636,52,1159,898,6977,-0.059,-0.053,0.01,105,95,2835,463,896,0.517,112,278,0.403,351,618,0.568,0.579,337,432,0.78,65,238,303,608,184,10,219,205,1375,0.032,0.116,0.022,0.147,COL
890,201196,2017,Ramon Sessions,ramon-sessions,9,G,190,4/11/1986,32,10,Nevada,75,691,146,16117,2406,5539,0.434,208,658,0.316,2121,2681,0.791,339,1501,1840,2807,472,52,1173,942,7141,-0.007,0.154,0.011,97,94,2835,306,734,0.417,25,80,0.313,281,654,0.43,0.434,213,288,0.74,97,313,410,478,113,14,248,124,850,0.093,0.158,0.099,0.257,COL
891,101162,2017,Marcin Gortat,marcin-gortat,13,C,240,2/17/1984,34,10,RheinEnergie Cologne,83,806,587,20689,3401,6168,0.551,3,20,0.15,1146,1686,0.68,1759,4648,6407,915,383,885,958,1775,7951,-0.015,0,0.107,146,130,3080.8,449,708,0.634,2,6,0.333,,,,,187,306,0.611,225,467,692,101,69,163,222,449,1087,0.133,0,,0.153,INT
892,201160,2017,Jason Smith,jason-smith,14,F-C,240,3/2/1986,32,9,Colorado State,84,616,104,10028,1572,3360,0.468,84,252,0.333,549,701,0.783,656,1419,2075,453,208,408,507,1337,3777,0.012,0.017,0.122,87,70,2429,456,832,0.548,8,26,0.308,448,806,0.556,0.553,361,481,0.751,223,460,683,173,47,149,266,283,1281,0.062,0,0.065,0.086,COL
893,202779,2017,Dwight Buycks,dwight-buycks,20,G,190,3/6/1989,29,2,Marquette,75,49,0,696,115,286,0.402,27,73,0.37,53,60,0.883,18,58,76,83,30,2,61,53,310,0.089,0,0,68,40,1769,194,438,0.443,54,150,0.36,140,288,0.486,0.505,79,115,0.687,52,155,207,189,75,3,137,109,521,0.043,0.138,0.01,0.012,COL
894,1627770,2017,Kay Felder,kahlil-felder,22,G,176,3/29/1995,23,1,Oakland,69,58,0,525,83,228,0.364,11,41,0.268,46,61,0.754,6,53,59,78,21,8,46,49,223,-0.042,0,0,101,100,3626,554,1300,0.426,143,415,0.345,411,885,0.464,0.481,514,625,0.822,67,369,436,788,164,19,350,287,1765,0.038,0.032,0.058,0.092,COL
895,2749,2017,Jameer Nelson,jameer-nelson,41,G,190,2/9/1982,36,13,St. Joseph's,72,878,640,24539,3790,8692,0.436,1153,3134,0.368,1207,1491,0.81,426,2169,2595,4508,772,68,1831,2195,9940,-0.022,0.054,0.128,125,125,4311,703,1550,0.454,229,628,0.365,474,922,0.514,0.527,459,584,0.786,131,450,581,713,250,10,379,271,2094,0.038,0.051,0.029,0.058,COL
896,202933,2017,Julyan Stone,julyan-stone,32,G,200,12/7/1988,29,3,UTEP,78,70,2,502,28,63,0.444,10,32,0.312,14,20,0.7,10,67,77,77,16,8,25,56,80,0,0,0,138,129,4261,253,595,0.425,52,196,0.265,201,399,0.504,0.469,243,394,0.617,97,657,754,714,209,58,264,313,801,0.169,0.065,0.18,0.13,COL
897,203527,2016,Ryan Kelly,ryan-kelly,30,F,230,4/9/1991,26,3,Duke,83,163,59,3125,324,857,0.378,102,323,0.316,231,290,0.797,77,427,504,215,79,84,106,309,981,-0.045,-0.025,-0.019,41,0,488,27,51,0.529,0,1,0,27,50,0.54,0.529,18,38,0.474,27,49,76,16,9,12,26,90,72,0,0,0,0,COL
898,2399,2016,Mike Dunleavy,mike-dunleavy,34,G-F,230,9/15/1980,36,14,Duke,81,986,585,27338,3935,8926,0.441,1304,3460,0.377,1874,2333,0.803,698,3513,4211,2185,719,324,1369,1986,11048,0.038,0.027,0.022,104,76,2994,499,1050,0.475,179,483,0.371,320,567,0.564,0.56,194,278,0.698,113,360,601,225,166,55,202,213,1371,0.023,0.027,0.043,0.052,COL
899,2743,2016,Kris Humphries,kris-humphries,43,F,235,2/6/1985,32,12,Minnesota,81,800,203,14232,2078,4486,0.463,55,188,0.293,1139,1626,0.7,1387,2927,4314,556,326,454,691,1456,5350,0.054,-0.02,0.265,29,28,990,221,498,0.444,17,50,0.34,204,448,0.455,0.461,170,229,0.742,91,203,294,20,27,33,82,65,629,0,0,0,0,COL
900,203923,2016,James Young,james-young,13,G-F,215,8/16/1995,21,2,Kentucky,78,95,0,812,77,210,0.367,38,137,0.277,27,48,0.562,19,77,96,28,24,5,15,58,219,0.014,0.018,0,40,39,1296,183,450,0.407,82,235,0.349,101,215,0.47,0.498,125,177,0.706,41,130,171,67,30,8,75,83,573,0,0,0,0,COL
901,2592,2016,James Jones,james-jones,1,G-F,218,10/4/1980,36,13,Miami,80,709,93,11096,1205,3003,0.401,776,1937,0.401,531,632,0.84,226,1050,1276,366,226,218,231,930,3717,0.006,0.003,-0.009,122,88,3351,464,1090,0.426,124,324,0.383,340,766,0.444,0.483,304,366,0.831,212,394,606,142,137,192,188,262,1356,0.046,0.158,0.058,0.03,COL
902,202682,2016,Derrick Williams,derrick-williams,3,F,240,5/25/1991,26,5,Arizona,80,428,112,8863,1329,3064,0.434,251,838,0.3,900,1267,0.71,351,1342,1693,293,199,108,399,532,3809,0.022,0.032,0.01,69,68,2016,388,662,0.586,46,90,0.511,342,572,0.598,0.621,405,563,0.719,173,360,533,65,56,46,160,184,1227,0.021,0,0.007,0.065,COL
903,2563,2016,Dahntay Jones,dahntay-jones,30,G-F,225,12/27/1980,36,12,Duke,78,624,157,9801,1203,2739,0.439,107,325,0.329,840,1118,0.751,252,830,1082,529,261,144,507,1206,3353,0.151,-0.078,0.067,131,121,3907,636,1406,0.452,109,317,0.344,527,1089,0.484,0.491,430,577,0.745,144,324,598,181,133,81,278,398,1811,0.091,0.167,0.125,0.105,COL
904,101114,2016,Deron Williams,deron-williams,31,G,200,6/26/1984,33,11,Illinois,75,845,771,28864,4874,10964,0.445,1178,3296,0.357,2878,3502,0.822,353,2266,2619,6819,867,206,2402,2132,13804,0.023,-0.06,0.12,101,98,3200,400,947,0.422,163,436,0.374,237,511,0.464,0.508,148,216,0.685,43,291,334,594,115,22,243,224,1111,0.025,0.04,0.07,0.254,COL
905,204002,2016,Edy Tavares,edy-tavares,40,C,265,3/22/1992,25,1,Gran Canaria,87,13,0,100,15,24,0.625,0,0,0,3,11,0.273,11,21,32,4,1,12,7,11,33,0,0,0,745,620,15969.9,2573,3817,0.674,2,12,0.167,,,,,1329,1894,0.702,1868,3225,5093,607,440,1301,1007,1830,6477,0.211,0,,0.147,INT
906,203477,2016,Isaiah Canaan,isaiah-canaan,0,G,201,5/21/1991,26,3,Murray State,72,235,77,4797,616,1661,0.371,366,1042,0.351,315,377,0.836,63,375,438,454,145,23,259,364,1913,0.019,0.026,0.113,132,83,3876,635,1411,0.45,304,725,0.419,331,686,0.483,0.558,476,593,0.803,73,293,366,385,157,10,311,241,2050,0.082,0.112,0.079,0.093,COL
907,201627,2016,Anthony Morrow,anthony-morrow,11,G,210,9/27/1985,31,8,Georgia Tech,77,564,142,12281,1956,4380,0.447,807,1937,0.417,608,691,0.88,309,906,1215,494,317,75,380,897,5327,-0.035,-0.058,0.01,123,70,2906,473,1082,0.437,258,613,0.421,215,469,0.458,0.556,196,226,0.867,152,251,403,119,99,26,140,241,1400,0.062,0.083,0.032,0.042,COL
908,202412,2016,Manny Harris,manny-harris,6,G,185,9/21/1989,27,3,Michigan,77,93,20,1593,199,524,0.38,53,150,0.353,124,168,0.738,57,196,253,129,48,14,101,104,575,0.011,-0.012,-0.026,98,97,3329,521,1283,0.406,142,447,0.318,379,836,0.453,0.461,484,585,0.827,153,406,559,366,144,36,313,182,1668,0.04,0.019,0.074,0.063,COL
909,2034,2016,Mike Miller,mike-miller,3,G-F,218,2/19/1980,37,16,Florida,80,1032,570,27812,4016,8747,0.459,1590,3910,0.407,1351,1757,0.769,632,3744,4376,2666,573,229,1561,2043,10973,0.021,-0.003,0.066,65,56,1735,290,601,0.483,78,226,0.345,212,375,0.565,0.547,204,284,0.718,80,163,389,149,81,22,140,122,862,0.018,0.018,0.016,0.027,COL
910,201579,2016,Roy Hibbert,roy-hibbert,34,C,270,12/11/1986,30,8,Georgetown,86,662,586,16389,2622,5641,0.465,6,24,0.25,1361,1802,0.755,1527,2646,4173,885,241,1146,1038,2067,6611,-0.004,0,0.091,136,121,3169,573,950,0.603,3,3,1,570,947,0.602,0.605,327,481,0.68,310,498,808,176,55,259,206,336,1476,0.202,0,0.202,0.077,COL
911,203949,2016,James Michael McAdoo,james-michael-mcadoo,20,F,240,1/4/1993,24,2,North Carolina,81,111,3,874,133,252,0.528,5,17,0.294,63,118,0.534,79,109,188,37,33,47,42,108,334,-0.01,0,-0.034,108,73,2696,467,1044,0.447,0,9,0,467,1035,0.451,0.447,298,524,0.569,232,408,640,111,132,58,173,229,1232,0.024,0,0.032,0.101,COL
912,2440,2016,Matt Barnes,matt-barnes,22,F,226,3/9/1980,37,13,UCLA,79,929,359,21965,2788,6388,0.436,982,2931,0.335,1031,1384,0.745,1066,3215,4281,1691,714,444,1172,2353,7589,-0.022,0.109,0.04,121,66,2731,402,857,0.469,61,194,0.314,341,663,0.514,0.505,201,355,0.566,159,339,584,245,115,45,240,272,1066,0.044,0.297,0.071,0.141,COL
913,201628,2016,Bobby Brown,bobby-brown,8,G,175,9/24/1984,32,2,Cal State Fullerton,74,158,2,1688,271,715,0.379,96,303,0.317,50,62,0.806,23,80,103,230,41,4,123,148,688,0,-0.015,0.014,116,103,3967,692,1616,0.428,307,814,0.377,385,802,0.48,0.523,270,342,0.789,57,230,287,516,152,14,361,255,1961,0.066,0.057,0.152,0.127,COL
914,101187,2016,Alan Anderson,alan-anderson,9,F-G,220,10/16/1982,34,7,Michigan State,78,330,66,6792,843,2084,0.405,331,963,0.344,404,495,0.816,151,563,714,371,182,31,290,602,2421,-0.009,-0.07,0.016,126,110,3380,384,763,0.503,48,131,0.366,336,632,0.532,0.535,379,456,0.831,155,369,524,307,101,23,288,326,1195,0.106,0.031,0.16,0.107,COL
915,101138,2016,Brandon Bass,brandon-bass,30,F,250,4/30/1985,32,11,Louisiana State,80,758,283,16411,2558,5125,0.499,12,58,0.207,1447,1740,0.832,1139,2309,3448,608,295,479,718,1375,6575,0.099,0,0.013,59,58,2020,302,559,0.54,17,45,0.378,285,514,0.554,0.555,269,345,0.78,153,333,486,42,45,104,109,132,890,0.063,0,0.052,0.006,COL
916,1718,2016,Paul Pierce,paul-pierce,34,F,235,10/13/1977,39,18,Kansas,79,1343,1285,45883,8668,19465,0.445,2143,5816,0.368,6918,8578,0.806,1092,6435,7527,4708,1752,745,3532,3643,26397,0.006,-0.044,0.094,108,106,3030,645,1341,0.481,108,304,0.355,537,1037,0.518,0.521,370,531,0.697,676,236,147,,,98,298,269,1768,0.094,0.161,0.082,0.132,COL
917,203080,2016,Thomas Robinson,thomas-robinson,15,F,237,3/17/1991,26,4,Kansas,82,313,12,4203,640,1361,0.47,0,6,0,248,491,0.505,542,965,1507,190,161,111,319,546,1528,0.041,0,-0.066,105,42,1960,395,753,0.525,7,14,0.5,388,739,0.525,0.529,229,378,0.606,221,542,763,101,63,74,173,217,1026,0.116,0,0.116,0.287,COL
918,1897,2016,Metta World Peace,ron-artestiii,37,F,260,11/13/1979,37,16,Cal State Northridge,79,991,840,31439,4666,11266,0.414,1154,3402,0.339,2572,3596,0.715,1159,3289,4448,2631,1721,522,1791,2586,13058,0.007,0.022,0.037,34,9,470,39,96,0.406,0,0,,39,96,0.406,0.406,11,32,0.344,39,56,95,17,7,22,35,87,89,0.234,0,0.234,0,COL
919,2547,2016,Chris Bosh,chris-bosh,1,F,235,3/24/1984,33,13,Georgia Tech,83,893,881,31934,6209,12581,0.494,305,910,0.335,4466,5591,0.799,1927,5665,7592,1795,730,932,1807,2159,17189,0.035,-0.003,0.098,31,31,960,168,300,0.56,22,46,0.478,146,254,0.575,0.597,127,174,0.73,95,183,278,38,30,67,72,73,485,0,0,0,0,COL
920,201177,2016,Josh McRoberts,josh-mcroberts,4,F,240,2/28/1987,30,9,Duke,82,433,179,8271,914,1972,0.463,196,576,0.34,309,438,0.705,468,1218,1686,901,222,194,381,817,2333,0.04,-0.012,0.217,69,63,2047,279,517,0.54,10,36,0.278,269,481,0.559,0.549,174,262,0.664,130,319,449,167,80,128,131,190,742,0.103,0,0.098,0,COL
921,203186,2016,Willie Reed,willie-reed,35,F-C,245,5/16/1990,27,1,Saint Louis,83,152,12,1884,319,539,0.592,2,6,0.333,111,198,0.561,213,362,575,46,33,99,66,240,751,0.034,0,0.02,67,54,1657,273,476,0.574,0,0,,273,476,0.574,0.574,136,272,0.5,143,281,424,33,33,113,97,163,682,0.036,0,0.036,0.072,COL
922,201150,2016,Spencer Hawes,spencer-hawes,0,F-C,245,4/28/1988,29,9,Washington,85,684,368,15541,2451,5363,0.457,359,1026,0.35,671,937,0.716,991,2902,3893,1271,264,652,971,1709,5932,-0.001,0.173,0.075,31,24,896,193,363,0.532,1,3,0.333,192,360,0.533,0.533,74,98,0.755,61,136,197,60,16,54,78,70,461,0,0,0,0,COL
923,1626173,2016,Rashad Vaughn,rashad-vaughn,20,G,202,8/16/1996,20,1,UNLV,78,139,8,1671,161,478,0.337,83,265,0.313,18,26,0.692,18,140,158,75,53,29,48,120,423,0.04,0.027,0,23,23,742,144,328,0.439,54,141,0.383,90,187,0.481,0.521,68,98,0.694,14,97,111,36,18,8,50,54,410,0,0,0,0,COL
924,203141,2016,Mirza Teletovic,mirza-teletovic,35,F,245,9/17/1985,31,4,Baskonia,81,324,14,5765,927,2285,0.406,541,1460,0.371,241,319,0.755,189,853,1042,273,104,82,255,552,2636,0.022,0.028,0.043,370,262,9714.5,1598,3523,0.454,783,1989,0.394,,,,,441,615,0.717,403,1141,1544,278,193,136,425,836,4420,0.103,0.065,,0.157,INT
925,201575,2016,Brandon Rush,brandon-rush,4,G-F,225,7/7/1985,31,8,Kansas,78,481,163,10564,1220,2861,0.426,522,1300,0.402,288,408,0.706,187,1226,1413,468,222,262,400,620,3250,0.003,0.029,0.017,109,101,3408,536,1193,0.449,205,471,0.435,331,722,0.458,0.535,200,273,0.733,163,439,602,222,76,89,230,159,1477,0.039,0.053,0.026,0.098,COL
926,201593,2016,Nikola Pekovic,nikola-pekovic,14,C,307,1/3/1986,31,6,Panathinaikos,83,271,194,6745,1314,2537,0.518,0,0,0,777,1023,0.76,803,1004,1807,199,140,151,414,632,3405,0.001,0,-0.003,108,54,2208.8,459,763,0.602,0,1,0,,,,,364,484,0.752,226,246,472,52,57,54,187,332,1282,0.06,0,,0.098,INT
927,201956,2016,Omri Casspi,omri-casspi,18,F,225,6/22/1988,29,7,Maccabi Tel Aviv,81,588,145,11961,1718,3781,0.454,493,1339,0.368,713,1052,0.678,473,1882,2355,662,362,134,595,917,4642,0.009,-0.001,0.004,36,15,506.8,88,169,0.521,13,34,0.382,,,,,42,60,0.7,30,62,92,19,19,8,29,69,231,0.04,0,,0.171,INT
928,201941,2016,Jordan Hill,jordan-hill,27,F-C,240,7/27/1987,29,7,Arizona,82,409,120,7691,1357,2733,0.497,3,22,0.136,515,737,0.699,879,1510,2389,322,150,272,426,875,3232,0.051,0,-0.02,97,79,2623,494,855,0.578,0,0,,494,855,0.578,0.578,220,346,0.636,273,490,763,80,53,140,190,258,1208,0.115,0,0.115,0.236,COL
929,203940,2016,Adreian Payne,adreian-payne,33,F,237,2/19/1991,26,2,Michigan State,82,107,24,1403,174,429,0.406,15,59,0.254,66,97,0.68,79,236,315,66,45,27,90,203,429,-0.013,0,-0.004,138,94,2759,447,850,0.526,61,149,0.409,386,701,0.551,0.562,277,367,0.755,211,524,735,85,76,141,187,297,1232,0.094,0.042,0.1,0.362,COL
930,200751,2016,Randy Foye,randy-foye,2,G,218,9/24/1983,33,10,Villanova,76,752,433,19279,2704,6750,0.401,1104,3017,0.366,1217,1429,0.852,245,1441,1686,2112,528,220,1106,1584,7729,-0.037,-0.007,-0.004,131,128,4096,682,1711,0.399,213,647,0.329,469,1064,0.441,0.461,389,498,0.781,181,444,625,416,198,52,378,359,1966,0.059,0.051,0.076,0.079,COL
931,203462,2016,Archie Goodwin,archie-goodwin,10,G,205,8/17/1994,22,3,Kentucky,77,165,15,2395,367,856,0.429,45,191,0.236,261,373,0.7,86,245,331,206,69,38,206,192,1040,-0.018,0.088,0.028,33,33,1048,157,357,0.44,17,64,0.266,140,293,0.478,0.464,135,212,0.637,48,104,152,88,36,15,101,97,466,0,0,0,0,COL
932,203909,2016,KJ McDaniels,kj-mcdaniels,14,G-F,205,2/9/1993,24,2,Clemson,78,148,16,2092,278,675,0.412,70,241,0.29,156,201,0.776,96,228,324,95,70,94,151,205,782,0.014,0,0.016,94,61,2287,362,804,0.45,81,259,0.313,281,545,0.516,0.501,230,300,0.767,170,280,450,85,83,178,140,168,1035,0.026,0.053,0.033,0.263,COL
933,203120,2016,Justin Hamilton,justin-hamilton,41,C,255,4/1/1990,27,2,Louisiana State,84,113,21,1961,268,577,0.464,68,220,0.309,83,104,0.798,132,271,403,91,61,73,73,169,687,0.017,-0.015,-0.026,96,81,2091,289,540,0.535,3,12,0.25,286,528,0.542,0.538,177,239,0.741,230,269,499,45,36,93,101,192,758,0.123,0,0.114,0.125,COL
934,203094,2016,Andrew Nicholson,andrew-nicholson,44,F,250,12/8/1989,27,4,St. Bonaventure,81,285,36,4079,708,1517,0.467,87,271,0.321,197,255,0.773,188,669,857,126,74,95,212,458,1700,-0.066,0.006,-0.018,123,118,3672,809,1407,0.575,29,77,0.377,780,1330,0.586,0.585,456,633,0.72,271,616,887,87,61,244,296,371,2103,0.038,0,0.04,0.163,COL
935,2756,2016,Sasha Vujacic,sasha-vujacic,18,G,195,3/8/1984,33,9,Udine,79,581,58,8907,1075,2757,0.39,533,1451,0.367,411,479,0.858,205,888,1093,748,336,34,328,880,3094,0.11,0.097,-0.031,43,15,1239,180,428,0.421,78,230,0.339,,,,,171,205,0.834,35,121,156,101,88,6,92,126,609,0.029,0.059,,0.048,INT
936,204014,2016,Damjan Rudez,damjan-rudez,3,F,228,6/17/1986,31,2,Zaragoza,82,146,2,1638,175,413,0.424,106,284,0.373,24,31,0.774,18,74,92,84,31,7,69,143,480,-0.028,-0.033,0,174,98,4134.5,674,1379,0.489,284,646,0.44,,,,,232,274,0.847,72,301,373,246,100,27,237,453,1868,0.088,0.144,,0.183,INT
937,201228,2016,C.J. Watson,cj-watson,32,G,175,4/17/1984,33,9,Tennessee,74,600,104,12094,1516,3617,0.419,471,1263,0.373,841,1036,0.812,218,938,1156,1485,559,67,650,894,4344,-0.007,0.027,0.019,119,118,4059,429,994,0.432,165,417,0.396,264,577,0.458,0.515,401,516,0.777,70,368,438,577,198,14,317,260,1424,0.057,0.058,0.074,0.225,COL
938,202338,2016,Kevin Seraphin,kevin-seraphin,1,F-C,278,12/7/1989,27,6,Cholet,82,423,34,6430,1134,2318,0.489,0,7,0,248,347,0.715,502,960,1462,246,88,304,449,903,2516,0.04,0,0.005,74,29,1107.9,188,347,0.542,0,0,0,,,,,52,84,0.619,120,162,282,29,14,61,77,151,428,0.067,0,,0,INT
939,202730,2016,Lavoy Allen,lavoy-allen,5,F-C,260,2/4/1989,28,5,Temple,81,388,87,6904,828,1758,0.471,2,15,0.133,189,277,0.682,715,1128,1843,384,120,214,257,706,1847,-0.006,0,-0.04,135,130,4352,592,1109,0.534,19,66,0.288,573,1043,0.549,0.542,218,325,0.671,409,738,1147,281,72,213,189,337,1421,0.099,0,0.11,0.112,COL
940,1626176,2016,Rakeem Christmas,rakeem-christmas,25,F,250,12/1/1991,25,1,Syracuse,81,30,0,225,21,45,0.467,0,0,0,21,29,0.724,27,30,57,4,3,6,8,38,63,0,0,0,142,140,3126,409,731,0.56,0,1,0,409,730,0.56,0.56,228,335,0.681,280,466,746,86,77,247,162,375,1046,0.083,0,0.083,0.155,COL
941,201945,2016,Gerald Henderson,gerald-henderson,12,G,215,12/9/1987,29,7,Duke,77,535,333,13854,2249,5111,0.44,249,762,0.327,1240,1564,0.793,314,1402,1716,1009,358,183,639,930,5987,0.084,0.136,0.048,103,79,2607,456,995,0.458,69,210,0.329,387,785,0.492,0.493,281,398,0.706,124,311,435,182,101,69,191,179,1262,0.024,0.019,0.041,0.134,COL
942,200771,2016,Sergio Rodriguez,sergio-rodriguez,14,G,176,6/12/1986,31,4,Estudiantes,75,353,52,5279,676,1651,0.409,202,600,0.337,193,261,0.739,121,404,525,1183,212,13,491,441,1747,-0.002,0.057,-0.071,103,60,2184.5,334,721,0.463,60,208,0.288,,,,,139,203,0.685,59,154,213,396,122,3,266,213,867,0.06,0.009,,0.01,INT
943,201168,2016,Tiago Splitter,tiago-splitter,47,C-F,245,1/1/1985,32,6,Bilbao,83,355,153,6812,1073,1932,0.555,2,14,0.143,668,958,0.697,576,1203,1779,423,198,209,384,685,2816,0.026,0,0.153,394,245,9164.5,1643,2731,0.602,3,22,0.136,,,,,1122,1775,0.632,705,1346,2051,464,388,244,597,1148,4411,0.096,0,,0.204,INT
944,101179,2016,Ronnie Price,ronnie-price,14,G,190,6/21/1983,34,11,Utah Valley,74,544,73,7293,738,1980,0.373,244,808,0.302,295,400,0.738,176,482,658,960,424,56,476,922,2015,0.011,0.083,0.057,53,46,1788,328,803,0.408,117,357,0.328,211,446,0.473,0.481,189,241,0.784,38,137,175,156,82,7,172,127,962,0.056,0.083,0.01,0.019,COL
945,202407,2016,Elijah Millsap,elijah-millsap,22,G-F,215,8/12/1987,29,2,UAB,79,69,5,1119,93,284,0.327,29,104,0.279,72,106,0.679,37,154,191,78,63,19,78,159,287,-0.008,0,0,87,74,2362,387,918,0.422,50,172,0.291,337,746,0.452,0.449,290,461,0.629,216,437,653,122,130,31,263,250,1114,0.088,0.152,0.094,0.164,COL
946,203105,2016,Festus Ezeli,festus-ezeli,31,C,265,10/21/1989,27,3,Vanderbilt,83,170,61,2393,275,536,0.513,0,0,0,162,291,0.557,292,433,725,63,48,166,133,328,712,0.075,0,0.026,121,67,2168,330,587,0.562,0,0,,330,587,0.562,0.562,274,469,0.584,215,328,543,18,41,205,195,314,934,0.049,0,0.049,0.275,COL
947,101135,2016,David Lee,david-lee,10,F-C,245,4/29/1983,34,11,Florida,81,829,505,24289,4587,8566,0.535,1,29,0.034,2057,2666,0.772,2150,5170,7320,1825,625,329,1454,2170,11232,-0.061,0,0.194,127,93,3171,543,935,0.581,0,6,0,543,929,0.584,0.581,350,514,0.681,285,584,869,251,113,109,263,281,1436,0.123,0,0.116,0.223,COL
948,201202,2016,Joel Anthony,joel-anthony,30,C,245,8/9/1982,34,9,UNLV,81,490,110,7057,398,776,0.513,0,0,0,268,405,0.662,562,791,1353,99,127,531,227,819,1064,0.038,0,0.072,68,9,1092,102,178,0.573,0,0,,102,178,0.573,0.573,46,82,0.561,100,135,235,22,24,157,41,149,250,0.097,0,0.097,0.121,COL
949,202708,2016,Norris Cole,norris-cole,30,G,175,10/13/1988,28,5,Cleveland State,74,360,60,8019,1005,2469,0.407,207,639,0.324,289,389,0.743,79,623,702,981,280,34,517,679,2506,0.015,0.047,-0.039,140,106,4114,677,1555,0.435,139,433,0.321,538,1122,0.48,0.48,485,587,0.826,90,353,443,455,207,11,283,312,1978,0.073,0.104,0.081,0.054,COL
950,203481,2016,Jeff Withey,jeff-withey,24,C,231,3/7/1990,27,3,Kansas,84,207,15,2072,249,474,0.525,2,14,0.143,166,232,0.716,181,337,518,64,56,156,76,229,666,-0.004,0,0.005,117,76,2319,327,576,0.568,1,1,1,326,575,0.567,0.569,283,390,0.726,185,443,628,69,59,311,138,208,938,0.111,0,0.111,0.28,COL
951,2564,2016,Boris Diaw,boris-diaw,33,C-F,250,4/16/1982,35,13,Pau Orthez,80,1064,564,28772,3805,7711,0.493,475,1413,0.336,1054,1470,0.717,1258,3376,4634,3684,648,510,1897,2269,9139,0.046,0.11,0.111,18,15,430.7,46,94,0.489,7,24,0.292,,,,,17,27,0.63,13,59,72,48,19,15,27,42,116,0.039,0,,0,INT
952,2754,2016,Tony Allen,tony-allen,9,G-F,213,1/11/1982,35,12,Oklahoma State,76,820,441,18053,2588,5447,0.475,125,444,0.282,1353,1909,0.709,1021,1863,2884,1077,1158,337,1118,1947,6654,0,-0.104,-0.028,67,62,2105,367,770,0.477,52,150,0.347,315,620,0.508,0.51,236,346,0.682,115,251,366,196,134,54,188,197,1022,0.057,0.098,0.09,0.016,COL
953,201148,2016,Brandan Wright,brandan-wright,34,F,210,10/5/1987,29,8,North Carolina,82,428,62,6948,1271,2095,0.607,0,12,0,434,644,0.674,586,974,1560,199,198,425,202,574,2976,0.052,0,0.001,37,37,1013,228,353,0.646,0,0,,228,353,0.646,0.646,89,157,0.567,77,152,229,37,36,65,59,55,545,0,0,0,0,COL
954,2757,2016,Beno Udrih,beno-udrih,19,G,205,7/5/1982,34,12,Olimpia Milano,75,831,272,18184,2740,5922,0.463,465,1334,0.349,1007,1209,0.833,308,1404,1712,2858,576,71,1179,1275,6952,0.015,-0.059,0.079,62,32,1588.3,222,446,0.498,42,126,0.333,,,,,113,144,0.785,23,106,129,149,87,5,130,162,599,0.063,0.136,,0.336,INT
955,203948,2016,Johnny O'Bryant III,johnny-obryant,8,F-C,257,6/1/1993,24,2,Louisiana State,81,147,19,1684,213,530,0.402,18,50,0.36,65,98,0.663,129,223,352,69,32,19,77,199,509,0.035,0,0.208,91,78,2465,446,956,0.467,6,27,0.222,440,929,0.474,0.47,257,415,0.619,277,425,702,115,47,72,267,255,1155,0.095,0,0.083,0.038,COL
956,203148,2016,Brian Roberts,brian-roberts,22,G,173,12/3/1985,31,4,Dayton,73,314,59,5206,753,1831,0.411,217,610,0.356,336,370,0.908,58,364,422,721,132,19,272,368,2059,-0.003,-0.031,0,125,94,3902,652,1442,0.452,293,665,0.441,359,777,0.462,0.554,365,430,0.849,43,327,370,348,63,13,280,206,1962,0.058,0.048,0.075,0.113,COL
957,2550,2015,Kirk Hinrich,kirk-hinrich,12,G,190,1/2/1981,35,12,Kansas,76,879,665,27017,3503,8522,0.411,1172,3122,0.375,1416,1770,0.8,310,2266,2576,4245,972,243,1617,2487,9594,0.027,-0.013,-0.002,141,118,4188,615,1247,0.493,235,546,0.43,380,701,0.542,0.587,288,371,0.776,114,418,532,668,206,57,380,382,1753,0.112,0.192,0.083,0.139,COL
958,203096,2015,Jared Sullinger,jared-sullinger,7,C-F,260,3/4/1992,24,3,Ohio State,81,269,172,6531,1172,2685,0.436,141,518,0.272,408,564,0.723,684,1322,2006,477,180,161,332,784,2893,-0.057,0.008,-0.019,74,72,2295,450,849,0.53,19,52,0.365,431,797,0.541,0.541,363,495,0.733,247,470,717,89,80,59,130,199,1282,0.022,0,0.019,0.064,COL
959,2590,2015,Mo Williams,mo-williams,52,G,198,12/19/1982,33,12,Alabama,73,818,525,23870,4051,9326,0.434,1094,2891,0.378,1563,1795,0.871,407,1857,2264,3990,721,121,1849,2005,10759,0.049,0.115,0.083,64,64,2159,283,698,0.405,90,306,0.294,193,392,0.492,0.47,182,215,0.847,63,187,250,271,95,9,189,152,838,0.055,0.055,0.091,0.019,COL
960,202087,2015,Alonzo Gee,alonzo-gee,15,F,225,5/29/1987,29,6,Alabama,78,417,213,9069,1001,2309,0.434,186,572,0.325,566,751,0.754,389,971,1360,441,379,101,447,792,2754,-0.036,-0.022,0.138,128,104,3666,596,1333,0.447,115,354,0.325,481,979,0.491,0.49,323,511,0.632,310,420,730,168,149,56,270,274,1630,0.065,0.069,0.138,0.165,COL
961,201962,2015,Toney Douglas,toney-douglas,16,G,195,3/16/1986,30,6,Florida State,74,394,65,7509,1093,2705,0.404,444,1256,0.354,379,460,0.824,213,662,875,889,349,30,410,775,3009,-0.055,-0.034,0.025,130,126,4452,739,1673,0.442,240,639,0.376,499,1034,0.483,0.513,462,576,0.802,102,390,492,344,231,37,334,297,2180,0.051,0.041,0.045,0.022,COL
962,202706,2015,Jordan Hamilton,jordan-hamilton,25,G-F,220,10/6/1990,25,4,Texas,79,151,21,2100,342,839,0.408,137,384,0.357,69,103,0.67,89,340,429,127,73,34,102,144,890,-0.03,-0.006,0.218,93,38,1375,139,327,0.425,58,179,0.324,81,148,0.547,0.514,67,89,0.753,46,86,132,45,28,31,63,162,403,0.074,0.01,0.072,0.059,COL
963,203946,2015,Cameron Bairstow,cameron-bairstow,41,F-C,250,12/7/1990,25,1,New Mexico,81,36,3,166,16,54,0.296,1,5,0.2,11,13,0.846,10,26,36,7,4,4,7,27,44,0,0,0,134,55,2787,418,808,0.517,2,6,0.333,416,802,0.519,0.519,401,559,0.717,234,403,637,102,62,99,157,282,1239,0.156,0,0.155,0.104,COL
964,101111,2015,Charlie Villanueva,charlie-villanueva,3,F,232,8/24/1984,31,10,Connecticut,83,656,163,13576,2652,6097,0.435,716,2101,0.341,788,1021,0.772,795,2224,3019,549,329,349,650,1453,6808,-0.028,0.014,0.068,63,35,1405,272,525,0.518,24,61,0.393,248,464,0.534,0.541,139,204,0.681,138,287,425,63,26,105,109,140,707,0.007,0,0.034,0.021,COL
965,2760,2015,Anderson Varejao,anderson-varejao,18,F,273,9/28/1982,33,11,FC Barcelona,83,632,209,15086,1808,3550,0.509,1,43,0.023,957,1518,0.63,1511,3020,4531,737,537,407,593,1633,4574,-0.005,0,0.095,75,24,1343.5,184,368,0.5,17,63,0.27,,,,,88,161,0.547,120,196,316,44,74,49,92,201,473,0.048,0,,0.262,INT
966,202726,2015,Andrew Goudelock,andrew-goudelock,0,G,200,12/7/1988,27,2,Charleston,75,49,0,474,77,196,0.393,29,84,0.345,14,16,0.875,7,27,34,24,10,2,28,36,197,0.006,0,0,140,124,4588,956,2092,0.457,396,958,0.413,560,1134,0.494,0.552,263,314,0.838,88,376,464,424,130,37,311,212,2571,0.015,0.047,0.033,0.05,COL
967,203093,2015,Terrence Jones,terrence-jones,6,F,252,1/9/1992,24,3,Kentucky,81,234,118,5563,985,1968,0.501,93,313,0.297,368,593,0.621,395,939,1334,238,146,270,219,392,2431,0.038,-0.015,0.01,76,69,2311,383,820,0.467,42,128,0.328,341,692,0.493,0.493,256,401,0.638,188,420,608,111,92,140,137,182,1064,0.058,0.002,0.063,0.019,COL
968,203135,2015,Robert Sacre,robert-sacre,50,C,270,6/6/1989,27,3,Gonzaga,84,189,35,2745,318,729,0.436,0,1,0,151,225,0.671,212,381,593,126,56,110,102,336,787,0.061,0,-0.008,136,111,2946,409,812,0.504,1,4,0.25,408,808,0.505,0.504,451,614,0.735,241,438,679,91,70,186,220,306,1270,0.082,0,0.08,0.194,COL
969,201564,2015,O.J. Mayo,oj-mayo,3,G,210,11/5/1987,28,7,Southern California,77,547,325,16920,2808,6547,0.429,854,2287,0.373,1104,1346,0.82,285,1421,1706,1607,559,141,1130,1239,7574,-0.009,-0.011,-0.059,33,32,1216,237,536,0.442,88,215,0.409,149,321,0.464,0.524,122,152,0.803,35,115,150,109,51,13,117,80,684,0,0,0,0,COL
970,200779,2015,Steve Novak,steve-novak,6,F,225,6/13/1983,33,9,Marquette,82,467,6,5657,751,1717,0.437,575,1337,0.43,100,114,0.877,68,523,591,132,91,38,81,371,2177,0.079,0.103,-0.023,126,89,3401,485,1064,0.456,354,768,0.461,131,296,0.443,0.622,243,261,0.931,121,403,524,123,64,9,135,253,1567,0.097,0.075,0.151,0.069,COL
971,202349,2015,Greivis Vasquez,greivis-vasquez,21,G,217,1/16/1987,29,5,Maryland,78,401,157,9518,1378,3297,0.418,412,1180,0.349,423,518,0.817,125,896,1021,1935,236,34,753,767,3591,0.011,0.064,0.055,136,123,4568,751,1769,0.425,230,699,0.329,521,1070,0.487,0.49,439,530,0.828,132,515,647,772,191,39,450,302,2171,0.039,0.05,0.079,0.085,COL
972,202962,2015,Greg Smith,greg-smith,4,C,250,1/8/1991,25,4,Fresno State,82,149,12,1834,243,394,0.617,0,1,0,110,191,0.576,165,324,489,41,32,59,65,290,596,-0.004,0,-0.025,64,63,1855,287,499,0.575,0,1,0,287,498,0.576,0.575,171,303,0.564,146,298,444,94,62,75,126,180,745,0.002,0,0.001,0.042,COL
973,2419,2015,Tayshaun Prince,tayshaun-prince,12,F,212,2/28/1980,36,13,Kentucky,81,1017,902,31575,4583,10082,0.455,569,1550,0.367,1537,2033,0.756,1125,3207,4332,2407,571,500,1064,1251,11272,0.004,-0.054,-0.01,135,109,4018,648,1419,0.457,204,621,0.329,444,798,0.556,0.529,275,370,0.743,188,427,757,254,110,142,224,195,1775,0.081,0.071,0.093,0.187,COL
974,203508,2015,Sergey Karasev,sergey-karasev,10,G-F,208,10/26/1993,22,2,Zenit Saint Petersburg,79,95,22,1110,96,243,0.395,31,110,0.282,64,76,0.842,30,110,140,87,32,4,57,94,287,0.052,0.001,0.07,493,331,11117.8,1557,3601,0.432,689,1858,0.371,,,,,1101,1293,0.852,265,1148,1413,838,414,121,564,1172,4900,0.073,0.14,,0.097,INT
975,203156,2015,Henry Sims,henry-sims,14,C-F,248,3/27/1990,26,3,Georgetown,82,135,61,2541,403,856,0.471,4,23,0.174,221,288,0.767,248,422,670,140,76,64,153,289,1031,0.071,0,0.001,121,34,1822,214,447,0.479,2,17,0.118,212,430,0.493,0.481,161,246,0.654,113,272,385,167,41,94,158,210,591,0.174,0,0.122,0.208,COL
976,202388,2015,Donald Sloan,donald-sloan,15,G,205,1/15/1988,28,4,Texas A&M,75,218,66,3749,449,1098,0.409,98,316,0.31,193,256,0.754,54,401,455,651,83,8,230,193,1189,0.002,0.201,-0.046,138,103,3860,519,1214,0.428,116,345,0.336,403,869,0.464,0.475,368,503,0.732,73,378,451,370,87,7,259,197,1522,0.101,0.083,0.158,0.103,COL
977,203100,2015,Tony Wroten,tony-wroten,5,G,205,4/13/1993,23,3,Washington,78,145,34,3075,575,1393,0.413,84,363,0.231,370,572,0.647,106,257,363,437,137,28,375,268,1604,0.029,0.02,-0.077,35,27,1062,198,447,0.443,9,56,0.161,189,391,0.483,0.453,154,264,0.583,80,96,176,130,66,13,132,93,559,0,0,0,0,COL
978,203921,2015,Cleanthony Early,cleanthony-early,11,F,210,4/17/1991,25,1,Wichita State,80,56,9,800,88,254,0.346,26,99,0.263,39,52,0.75,26,97,123,42,26,15,49,73,241,-0.009,0,0,75,58,1965,371,790,0.47,113,325,0.348,258,465,0.555,0.541,280,342,0.819,137,288,425,50,58,63,131,183,1135,0.029,0.055,0.044,0.053,COL
979,200811,2015,Lou Amundson,louis-amundson,17,F,220,12/7/1982,33,9,UNLV,81,428,42,5506,648,1368,0.474,0,3,0,268,603,0.444,644,897,1541,190,152,306,299,835,1564,-0.071,0,-0.007,120,68,2353,345,645,0.535,0,1,0,345,644,0.536,0.535,179,356,0.503,256,412,668,64,92,120,173,296,869,0.061,0,0.061,0.307,COL
980,203906,2015,Devyn Marble,roy-devyn-marble,11,F,200,9/21/1992,23,1,Iowa,78,44,7,456,35,115,0.304,12,54,0.222,15,40,0.375,11,58,69,29,22,3,16,39,97,-0.014,0.04,0,136,103,3749,564,1359,0.415,134,396,0.338,430,963,0.447,0.464,432,595,0.726,118,342,460,397,176,33,232,212,1694,0.057,0.125,0.042,0.28,COL
981,201155,2015,Rodney Stuckey,rodney-stuckey,2,G,205,4/21/1986,30,8,Eastern Washington,77,651,302,17889,2904,6870,0.423,276,921,0.3,2101,2551,0.824,419,1493,1912,2333,568,94,1181,1346,8185,0.022,0.007,0.01,59,59,1955,477,1011,0.472,98,309,0.317,379,702,0.54,0.52,386,479,0.806,67,212,279,283,137,17,205,143,1438,0.037,0.105,0.002,0.086,COL
982,203963,2015,Shayne Whittington,shayne-whittington,42,F-C,250,3/27/1991,25,1,Western Michigan,83,27,0,148,24,53,0.453,1,8,0.125,19,25,0.76,15,26,41,9,6,3,10,25,68,0,0,0,114,74,2574,416,807,0.515,8,48,0.167,408,759,0.538,0.52,279,367,0.76,228,509,737,81,61,130,150,238,1119,0.04,0,0.042,0.108,COL
983,203088,2015,Kendall Marshall,kendall-marshall,5,G,200,8/19/1991,24,3,North Carolina,76,160,57,3083,315,789,0.399,128,346,0.37,44,72,0.611,23,230,253,779,107,10,285,180,802,0.028,0.055,0,73,55,2101,181,406,0.446,48,131,0.366,133,275,0.484,0.505,113,163,0.693,12,159,171,581,83,9,193,106,523,0.047,0.031,0.093,0.006,COL
984,201171,2015,Carl Landry,carl-landry,7,F,248,9/19/1983,32,8,Purdue,81,513,93,11523,2086,3898,0.535,9,30,0.3,1360,1732,0.785,994,1539,2533,355,216,203,603,1208,5541,-0.085,0,0.122,64,63,1915,403,669,0.602,10,43,0.233,393,626,0.628,0.61,359,503,0.714,194,259,453,78,65,52,184,192,1175,0.06,0,0.052,0.162,COL
985,203138,2015,Hollis Thompson,hollis-thompson,31,G-F,206,4/3/1991,25,2,Georgetown,80,265,90,6423,742,1795,0.413,363,941,0.386,203,287,0.707,199,630,829,292,166,68,213,541,2050,-0.049,-0.02,-0.008,99,57,2434,308,645,0.478,128,291,0.44,180,354,0.508,0.577,115,170,0.676,106,298,404,105,78,43,107,223,859,0.068,0.027,0.111,0.105,COL
986,1882,2015,Elton Brand,elton-brand,42,F,254,3/11/1979,37,16,Duke,81,1058,868,34905,6599,13185,0.5,2,21,0.095,3627,4929,0.736,3304,5736,9040,2184,940,1828,2060,3115,16827,0.018,0,0.051,60,55,1635,355,580,0.612,0,0,,355,580,0.612,0.612,262,390,0.672,76,78,536,51,81,113,101,150,972,0.028,0,0.028,0.103,COL
987,201978,2015,Chase Budinger,chase-budinger,10,F,209,5/22/1988,28,6,Arizona,79,407,50,7998,1188,2766,0.43,413,1172,0.352,409,513,0.797,238,1002,1240,473,213,65,310,485,3198,-0.011,-0.02,0.02,100,100,3541,599,1276,0.469,190,496,0.383,409,780,0.524,0.544,309,395,0.782,139,441,580,279,125,35,214,184,1697,0.039,0.031,0.061,0.127,COL
988,2549,2015,Chris Kaman,chris-kaman,35,C,265,4/28/1982,34,12,Central Michigan,84,735,538,19641,3432,7023,0.489,1,24,0.042,1343,1808,0.743,1487,4095,5582,921,322,931,1544,1968,8208,0.029,0,0.045,83,45,2179,446,733,0.608,0,0,,446,733,0.608,0.608,358,502,0.713,227,480,707,65,42,182,257,234,1250,0.048,0,0.048,0.099,COL
989,202341,2015,James Anderson,james-anderson,5,G-F,213,3/25/1989,27,4,Oklahoma State,78,247,83,4320,525,1276,0.411,196,611,0.321,176,233,0.755,108,452,560,291,121,55,216,292,1422,0.029,-0.07,0.003,101,99,3316,583,1268,0.46,225,600,0.375,358,668,0.536,0.549,420,527,0.797,196,317,513,163,112,60,212,214,1811,0.047,0.067,0.052,0.115,COL
990,2406,2015,Caron Butler,caron-butler,31,F,228,3/13/1980,36,13,Connecticut,79,881,732,28330,4596,10592,0.434,746,2144,0.348,2492,2942,0.847,1103,3284,4387,2007,1163,216,1594,2129,12430,0.016,0.032,0.022,63,62,2173,404,868,0.465,44,121,0.364,360,747,0.482,0.491,284,370,0.768,208,269,477,190,134,22,168,151,1136,0.051,0.096,0.045,0.025,COL
991,2588,2015,Matt Bonner,matt-bonner,15,C-F,235,4/5/1980,36,11,Florida,82,792,112,13355,1749,3768,0.464,797,1923,0.414,337,432,0.78,622,1749,2371,552,285,213,299,1307,4632,-0.069,-0.01,-0.006,131,81,3281,580,1154,0.503,165,418,0.395,415,736,0.564,0.574,245,331,0.74,268,510,778,158,94,64,176,260,1570,0.074,0.188,0.058,0.203,COL
992,1495,2015,Tim Duncan,tim-duncan,21,C-F,250,4/25/1976,40,18,Wake Forest,83,1392,1389,47367,10285,20334,0.506,30,168,0.179,5896,8468,0.696,3859,11232,15091,4225,1025,3020,3381,3304,26496,-0.043,0.006,0.034,128,127,4492,790,1368,0.577,17,53,0.321,773,1315,0.588,0.584,520,755,0.689,1570,288,69,,,481,335,303,2117,0.063,0,0.085,0.109,COL
993,2755,2015,Kevin Martin,kevin-martin,23,G,199,2/1/1983,33,11,Western Carolina,79,714,504,21558,3847,8797,0.437,1141,2969,0.384,3561,4091,0.87,401,1877,2278,1352,643,78,1200,1361,12396,0.048,0.18,0.217,79,77,2515,565,1224,0.462,174,503,0.346,391,721,0.542,0.533,534,635,0.841,75,279,354,133,134,30,232,168,1838,0.06,0.069,0.07,0.066,COL
994,1889,2015,Andre Miller,andre-miller,24,G,200,3/19/1976,40,16,Utah,75,1304,939,40268,6035,13104,0.461,193,888,0.217,4015,4975,0.807,1373,3422,4795,8524,1546,227,3121,2882,16278,0.013,0.013,0.031,134,99,4013,588,1146,0.513,58,197,0.294,530,949,0.558,0.538,384,568,0.676,50,135,643,721,254,65,364,260,1618,0.063,0.068,0.081,0.14,COL
995,1737,2015,Nazr Mohammed,nazr-mohammed,13,C,250,9/5/1977,38,17,Kentucky,82,1005,354,15892,2402,4939,0.486,0,8,0,1023,1599,0.64,1808,2900,4708,375,432,639,919,2156,5827,0.135,0,0.066,94,39,1524,335,606,0.553,0,2,0,335,604,0.555,0.553,144,248,0.581,532,43,73,,,135,137,209,814,0.149,0,0.149,0.146,COL
996,203956,2015,Mitch McGary,mitch-mcgary,33,F,255,6/6/1992,24,1,Michigan,82,52,2,557,99,188,0.527,0,6,0,29,50,0.58,57,126,183,17,17,18,38,82,227,-0.006,0,0,47,12,967,164,279,0.588,0,2,0,164,277,0.592,0.588,39,76,0.513,122,190,312,37,57,34,60,117,367,0.053,0,0.032,0,COL
997,201574,2015,Jason Thompson,jason-thompson,1,F-C,250,7/21/1986,29,7,Rider,83,588,412,14819,2112,4255,0.496,6,42,0.143,980,1492,0.657,1264,2616,3880,635,283,414,747,1751,5210,-0.001,0,-0.034,122,112,3922,759,1443,0.526,30,103,0.291,729,1340,0.544,0.536,492,738,0.667,369,802,1171,246,104,235,318,365,2040,0.119,0.093,0.111,0.143,COL
998,2449,2015,Luis Scola,luis-scola,4,F,240,4/30/1980,36,8,Tau Ceramica,81,743,505,19001,3669,7442,0.493,92,271,0.339,1452,1961,0.74,1335,3606,4941,1194,474,224,1121,2037,8882,-0.022,0.127,0.072,298,231,8259.3,1884,3210,0.587,2,17,0.118,,,,,914,1313,0.696,658,1234,1892,569,412,162,650,1040,2392,0.146,0,,0.189,INT
999,203187,2015,Chris Johnson,chris-johnson-1,23,F,206,4/29/1990,26,3,Dayton,78,147,4,2274,230,587,0.392,104,339,0.307,86,103,0.835,71,224,295,93,89,31,80,212,650,-0.046,-0.035,-0.025,138,93,3439,468,1095,0.427,236,636,0.371,232,459,0.505,0.535,295,357,0.826,312,534,846,145,105,50,158,246,1467,0.063,0.054,0.136,0.076,COL
1000,203919,2015,Jordan Adams,jordan-adams,3,G,209,7/8/1994,21,1,UCLA,77,32,0,263,37,92,0.402,10,26,0.385,17,28,0.607,9,21,30,19,19,7,16,26,101,0,0,0,69,63,2081,373,798,0.467,98,296,0.331,275,502,0.548,0.529,287,342,0.839,88,231,319,142,168,17,94,147,1131,0.038,0.049,0.008,0.007,COL
1001,200770,2015,Jordan Farmar,jordan-farmar,4,G,180,11/30/1986,29,8,UCLA,74,504,40,9840,1460,3452,0.423,583,1559,0.374,385,521,0.739,161,797,958,1453,391,56,695,713,3888,0.001,0.046,0.019,66,66,2122,292,712,0.41,97,291,0.333,195,421,0.463,0.478,200,263,0.76,39,157,196,342,82,12,248,140,881,0.001,0,0.019,0.084,COL
1002,203955,2015,Bryce Cotton,bryce-cotton,8,G,165,8/11/1992,23,1,Providence,73,23,0,198,33,79,0.418,7,23,0.304,15,18,0.833,3,15,18,18,7,0,17,8,88,0,0,0,130,99,4314,611,1452,0.421,266,736,0.361,345,716,0.482,0.512,487,581,0.838,70,298,368,384,118,11,193,157,1975,0.05,0.12,0.097,0.107,COL
1003,203798,2015,PJ Hairston,pj-hairston,19,F-G,230,12/24/1992,23,1,North Carolina,78,111,54,2000,232,677,0.343,119,404,0.295,81,100,0.81,47,219,266,59,53,24,63,198,664,0.024,-0.008,-0.062,71,14,1286,220,567,0.388,127,364,0.349,93,203,0.458,0.5,140,175,0.8,93,135,228,74,57,20,66,118,707,0.123,0.123,0.096,0.06,COL
1004,201977,2015,Marcus Thornton,marcus-thornton,15,F-G,205,6/5/1987,29,6,Louisiana State,76,483,135,11297,2124,5003,0.425,735,2051,0.358,767,924,0.83,407,941,1348,676,405,61,491,739,5750,-0.031,-0.016,0.009,66,65,2159,468,1028,0.455,168,440,0.382,300,588,0.51,0.537,243,315,0.771,134,232,366,117,99,23,132,134,1347,0.036,0.011,0.028,0.072,COL
1005,201581,2015,JJ Hickson,jj-hickson,21,C-F,242,9/4/1988,27,7,NC State,81,534,307,11926,2049,4056,0.505,0,21,0,983,1593,0.617,1173,2466,3639,449,274,309,774,1033,5081,-0.013,0,-0.063,31,26,890,163,276,0.591,0,1,0,163,275,0.593,0.591,132,195,0.677,80,182,262,31,22,47,83,60,458,0,0,0,0,COL
1006,2400,2015,Drew Gooden,drew-gooden,90,F,250,9/24/1981,34,13,Kansas,82,790,500,20129,3432,7435,0.462,88,342,0.257,1701,2239,0.76,1878,3740,5618,896,544,474,1158,1957,8653,0.019,-0.036,0.071,98,64,2566,594,1205,0.493,19,62,0.306,575,1143,0.503,0.501,319,457,0.698,297,608,905,156,104,107,251,241,1526,0.065,0,0.061,0.107,COL
1007,2581,2015,Steve Blake,steve-blake,22,G,172,2/26/1980,36,12,Maryland,75,870,347,20821,2061,5145,0.401,1037,2709,0.383,503,646,0.779,250,1566,1816,3446,587,63,1222,1287,5662,0.015,0.009,-0.051,138,136,4313,374,932,0.401,182,478,0.381,192,454,0.423,0.499,209,271,0.771,84,381,465,972,234,38,453,290,1139,0.033,0.072,0.046,0.138,COL
1008,203268,2015,Jorge Gutierrez,jorge-gutierrez,12,G,189,12/27/1988,27,2,California,75,47,3,481,53,106,0.5,3,17,0.176,28,36,0.778,8,46,54,69,19,1,32,65,137,0.045,0,0,129,79,3425,412,959,0.43,85,250,0.34,327,709,0.461,0.474,323,438,0.737,96,398,494,423,147,15,274,315,1232,0.041,0.102,0.066,0.198,COL
1009,201946,2015,Tyler Hansbrough,tyler-hansbrough,50,F,250,11/3/1985,30,6,North Carolina,81,428,50,7231,947,2156,0.439,3,22,0.136,984,1333,0.738,745,1063,1808,181,207,91,319,869,2881,0.079,0,-0.005,142,141,4394,939,1752,0.536,12,38,0.316,927,1714,0.541,0.539,982,1241,0.791,482,737,1219,154,180,66,297,348,2872,0.056,0,0.05,0.102,COL
1010,201948,2014,Austin Daye,austin-daye,3,F,220,6/5/1988,27,5,Gonzaga,83,293,29,4132,567,1410,0.402,188,535,0.351,200,257,0.778,143,621,764,212,116,117,204,480,1522,-0.063,0.057,-0.037,67,34,1506,275,577,0.477,62,147,0.422,213,430,0.495,0.53,166,210,0.79,59,327,386,69,45,124,129,176,778,0.002,0.016,0.003,0.175,COL
1011,203544,2014,Pero Antic,pero-antic,6,F-C,260,7/29/1982,32,1,Olympiacos,83,113,29,1962,231,590,0.392,108,344,0.314,138,189,0.73,115,283,398,107,37,26,104,258,708,-0.026,-0.013,-0.028,55,28,1190.1,171,416,0.411,41,149,0.275,,,,,133,178,0.747,89,182,271,74,37,14,84,195,516,0.029,0.089,,0.256,INT
1012,203515,2014,Phil Pressey,phil-pressey,26,G,175,2/17/1991,24,1,Missouri,71,148,11,2015,172,505,0.341,48,189,0.254,75,119,0.63,36,180,216,433,116,15,161,179,467,0.038,-0.007,-0.014,99,81,2943,321,812,0.395,114,329,0.347,207,483,0.429,0.466,203,268,0.757,64,231,295,580,196,5,270,195,959,0.052,0.041,0.059,0.04,COL
1013,2222,2014,Gerald Wallace,gerald-wallace,45,F,220,7/23/1982,32,13,Alabama,79,832,611,24733,3516,7492,0.469,407,1303,0.312,2494,3517,0.709,1145,3693,4838,1725,1200,681,1486,1829,9933,0.038,0.042,0.219,36,2,824,126,288,0.438,11,63,0.175,115,225,0.511,0.457,88,155,0.568,84,132,216,55,42,37,86,87,351,0,0,0,0,COL
1014,203569,2014,Chris Babb,chris-babb,52,G,225,2/14/1990,25,1,Iowa State,77,14,0,132,8,30,0.267,6,27,0.222,0,0,0,4,13,17,3,6,0,3,13,22,0,0,0,130,90,3448,302,802,0.377,220,613,0.359,82,189,0.434,0.514,118,161,0.733,89,298,387,215,102,24,102,148,942,0.072,0.054,0.13,0.149,COL
1015,203540,2014,Gigi Datome,gigi-datome,70,F,215,11/27/1987,27,1,Virtus Roma,80,55,1,446,77,186,0.414,25,79,0.316,9,11,0.818,17,58,75,20,8,8,20,35,188,0.086,0.186,0,747,397,15467.2,2374,4971,0.478,998,2301,0.434,,,,,1045,1167,0.895,619,1916,2535,733,539,218,783,1587,6791,0.239,0.196,,0.269,INT
1016,1890,2014,Shawn Marion,shawn-marion,31,G-F,228,5/7/1978,37,15,UNLV,79,1163,1062,40101,7289,15056,0.484,791,2390,0.331,2331,2877,0.81,2732,7369,10101,2198,1759,1233,1750,2535,17700,0.014,0.148,-0.042,29,28,954,221,418,0.529,20,67,0.299,201,351,0.573,0.553,81,111,0.73,269,36,73,,,54,41,60,543,0,0,0,0,COL
1017,2217,2014,Brendan Haywood,brendan-haywood,33,C,263,11/27/1979,35,12,North Carolina,84,816,549,18678,2110,3999,0.528,0,4,0,1318,2246,0.587,2081,2794,4875,442,320,1109,851,2043,5538,0.038,0,-0.016,141,100,3315,541,849,0.637,0,0,,541,849,0.637,0.637,329,557,0.591,201,312,839,118,47,304,223,345,1411,0.167,0,0.167,0.156,COL
1018,203108,2014,Bernard James,bernard-james-,55,C,235,2/7/1985,30,2,Florida State,82,92,13,760,76,153,0.497,0,3,0,51,75,0.68,85,127,212,13,17,61,34,105,203,-0.018,0,0.093,69,57,1698,274,437,0.627,0,0,,274,437,0.627,0.627,123,233,0.528,181,303,484,24,55,164,123,124,671,0.051,0,0.051,0.048,COL
1019,203479,2014,Jamaal Franklin,jamaal-franklin,22,G,191,7/21/1991,23,1,San Diego State,77,24,0,174,17,41,0.415,6,13,0.462,2,2,1,5,20,25,9,4,3,14,27,42,0,0,0,85,54,2198,362,849,0.426,98,325,0.302,264,524,0.504,0.484,340,436,0.78,128,468,596,162,86,51,218,182,1162,0.089,0.053,0.138,0.019,COL
1020,201595,2014,Joey Dorsey,joey-dorsey,8,C-F,275,12/16/1983,31,3,Memphis,81,130,26,1489,142,266,0.534,0,1,0,60,160,0.375,198,315,513,55,67,44,86,256,344,0.084,0,-0.105,149,112,3231,400,651,0.614,0,0,,400,651,0.614,0.614,197,469,0.42,503,706,1209,81,160,264,196,463,997,0.101,0,0.101,0.089,COL
1021,201175,2014,Glen Davis,glen-davis,0,F-C,289,1/1/1986,29,7,Louisiana State,81,514,121,10865,1614,3611,0.447,10,55,0.182,873,1247,0.7,731,1505,2236,457,357,173,528,1238,4111,-0.036,0,0.039,95,92,3036,566,1142,0.496,26,84,0.31,540,1058,0.51,0.507,429,618,0.694,361,555,916,147,108,110,228,250,1587,0.029,0,0.02,0.037,COL
1022,201991,2014,Lester Hudson,lester-hudson,14,G,190,8/7/1984,30,3,Tennessee-Martin,75,57,0,594,95,253,0.375,28,101,0.277,50,62,0.806,16,61,77,71,32,8,56,52,268,-0.019,0.002,-0.007,65,64,2372,604,1324,0.456,230,619,0.372,374,705,0.53,0.543,289,337,0.858,142,371,513,283,169,40,232,173,1727,0.015,0.033,0.024,0.047,COL
1023,2430,2014,Carlos Boozer,carlos-boozer,5,F,258,11/20/1981,33,12,Duke,81,861,775,26904,5847,11221,0.521,1,14,0.071,2281,3158,0.722,2037,6155,8192,1928,765,346,1824,2612,13976,-0.015,0,-0.049,101,93,2620,554,878,0.631,0,1,0,554,877,0.632,0.631,398,537,0.741,179,332,724,115,96,72,157,288,1506,0.061,0,0.063,0.035,COL
1024,203505,2014,Vander Blue,vander-blue,12,G,200,7/17/1992,22,1,Marquette,76,10,1,133,12,39,0.308,2,13,0.154,4,12,0.333,2,11,13,12,4,0,11,7,30,0,0,0,106,80,2727,352,820,0.429,52,188,0.277,300,632,0.475,0.461,226,321,0.704,109,262,371,212,109,15,208,184,982,0.06,0.143,0.095,0.148,COL
1025,201611,2014,Henry Walker,bill-walker,5,F,235,10/9/1987,27,4,Kansas State,78,181,35,3015,386,865,0.446,190,515,0.369,117,154,0.76,55,346,401,153,93,27,142,375,1079,-0.16,-0.05,0.069,37,33,985,207,454,0.456,35,123,0.285,172,331,0.52,0.494,117,161,0.727,87,136,223,64,31,17,92,118,566,0.065,0,0.067,0,COL
1026,203133,2014,Robbie Hummel,robbie-hummel,4,F,219,3/8/1989,26,1,Purdue,81,98,9,1396,146,349,0.418,48,140,0.343,39,45,0.867,66,200,266,50,32,11,28,143,379,0.039,-0.017,0,127,120,3830,583,1315,0.443,216,555,0.389,367,760,0.483,0.525,390,464,0.841,237,625,862,268,131,112,138,306,1772,0.067,0.083,0.077,0.147,COL
1027,202390,2014,Gary Neal,gary-neal,12,G,210,10/3/1984,30,4,Towson,76,352,31,7505,1275,3021,0.422,460,1203,0.382,460,541,0.85,81,679,760,573,145,10,365,525,3470,-0.036,-0.045,0.05,106,92,3616,737,1728,0.427,305,850,0.359,432,878,0.492,0.515,516,624,0.827,86,327,413,274,129,10,270,231,2295,0.046,0.07,0.112,0.044,COL
1028,203461,2014,Anthony Bennett,anthony-bennett,24,F,245,3/14/1993,22,1,UNLV,80,151,4,1904,251,641,0.392,36,138,0.261,120,179,0.67,132,340,472,77,58,27,99,206,658,0.036,0.021,0.019,35,31,950,202,379,0.533,36,96,0.375,166,283,0.587,0.58,124,177,0.701,86,199,285,34,24,43,65,80,564,0,0,0,0,COL
1029,202620,2014,Arinze Onuaku,arinze-onuaku,50,F-C,275,7/13/1987,27,1,Syracuse,81,19,1,126,15,23,0.652,0,0,0,4,10,0.4,11,24,35,9,1,4,5,12,34,0,0,0,134,103,3058,540,833,0.648,0,0,,540,833,0.648,0.648,152,385,0.395,321,483,804,73,88,148,182,314,1232,0.107,0,0.107,0.147,COL
1030,202366,2014,Jerome Jordan,jerome-jordan,9,C,253,9/29/1986,28,1,Tulsa,84,65,0,490,67,127,0.528,0,0,0,46,54,0.852,66,66,132,17,9,21,24,73,180,0.013,0,0,133,119,3214,547,964,0.567,0,0,,547,964,0.567,0.567,414,595,0.696,297,686,983,113,48,333,268,339,1508,0.043,0,0.043,0.049,COL
1031,202721,2014,Darius Morris,darius-morris,14,G,195,1/3/1991,24,3,Michigan,76,132,17,1464,166,432,0.384,47,146,0.322,51,81,0.63,40,86,126,189,45,2,112,127,430,-0.038,-0.035,0.018,67,53,1996,253,539,0.469,23,103,0.223,230,436,0.528,0.491,137,197,0.695,45,152,197,319,56,6,154,135,666,0.083,0.071,0.027,0.085,COL
1032,201947,2014,Earl Clark,earl-clark,55,F,234,1/17/1988,27,5,Louisville,82,261,54,3631,453,1125,0.403,82,250,0.328,150,226,0.664,195,583,778,134,83,136,175,323,1138,0.029,0.002,-0.068,104,63,2779,419,897,0.467,56,188,0.298,363,709,0.512,0.498,210,328,0.64,223,505,728,179,93,124,223,172,1104,0.023,0.143,0.051,0.057,COL
1033,203144,2014,Alexey Shved,alexey-shved,1,G,187,12/16/1988,26,2,CSKA Moscow,78,182,25,3270,445,1207,0.369,162,529,0.306,297,390,0.762,85,270,355,460,110,49,243,201,1349,0.003,0.018,0.053,507,401,13618.7,2817,6721,0.419,1258,3646,0.345,,,,,1813,2227,0.814,226,1381,1607,2886,522,164,1359,876,6373,0.085,0.108,,0.133,INT
1034,203495,2014,Ricky Ledo,ricky-ledo,11,G,195,9/10/1992,22,1,Providence,79,28,0,277,38,113,0.336,13,35,0.371,20,26,0.769,16,22,38,21,7,1,28,23,109,-0.012,-0.025,-0.012,227,187,6720.7,1384,3425,0.404,604,1738,0.348,,,,,697,885,0.788,225,1003,1228,798,316,46,590,477,4069,0.094,0.105,,0.192,INT
1035,200745,2014,Andrea Bargnani,andrea-bargnani,77,C-F,245,10/26/1985,29,8,Benetton Treviso,84,550,377,15806,2932,6676,0.439,627,1771,0.354,1382,1677,0.824,530,2011,2541,653,207,470,851,1338,7873,0.012,-0.017,0,123,29,2201.1,370,749,0.494,115,292,0.394,,,,,200,275,0.727,148,327,475,57,134,100,156,312,1055,0.075,0.074,,0.111,INT
1036,2732,2014,Ben Gordon,ben-gordon,7,G,205,4/4/1983,32,10,Connecticut,75,744,269,20365,3931,9092,0.432,1171,2921,0.401,2051,2394,0.857,333,1518,1851,1868,508,114,1551,1720,11084,0.021,-0.004,-0.006,106,74,3291,590,1342,0.44,246,581,0.423,344,761,0.452,0.531,369,464,0.795,83,332,415,437,125,19,302,243,1795,0.01,0.02,0.039,0.103,COL
1037,2557,2014,Luke Ridnour,luke-ridnour,13,G,175,2/13/1981,34,11,Oregon,74,830,493,21624,2933,6803,0.431,584,1674,0.349,1290,1496,0.862,363,1514,1877,3713,814,161,1349,1779,7740,0.015,0.01,0.039,96,96,3226,431,1005,0.429,203,522,0.389,228,483,0.472,0.53,334,389,0.859,42,243,285,500,150,10,303,198,1399,0.129,0.148,0.107,0.088,COL
1038,2584,2014,Willie Green,willie-green,34,G,205,7/28/1981,33,11,Detroit Mercy,75,731,297,14784,2417,5682,0.425,517,1494,0.346,708,925,0.765,242,1061,1303,1018,393,108,705,1259,6059,0.024,0.033,0.037,124,119,3721,649,1409,0.461,120,341,0.352,529,1068,0.495,0.503,361,477,0.757,129,390,519,270,117,35,246,290,1779,0.073,0.098,0.086,0.143,COL
1039,203142,2014,Chris Copeland,chris-copeland,22,F,235,3/17/1984,31,2,Colorado,80,171,26,2109,366,858,0.427,154,422,0.365,112,149,0.752,65,207,272,107,32,30,129,237,998,-0.052,-0.056,-0.009,113,42,1916,288,668,0.431,117,324,0.361,171,344,0.497,0.519,155,221,0.701,134,291,425,112,42,88,140,227,848,0.071,0.036,0.16,0.237,COL
1040,2202,2014,Jason Richardson,jason-richardson,23,G,225,1/20/1981,34,13,Michigan State,78,857,842,29243,5558,12681,0.438,1608,4344,0.37,1920,2714,0.707,1033,3212,4245,2284,995,367,1503,1963,14644,0.016,0.041,0.042,70,35,1522,261,519,0.503,57,149,0.383,204,370,0.551,0.558,96,148,0.649,120,228,348,96,58,34,80,130,675,0,0.106,0.008,0.141,COL
1041,202077,2014,Jerel McNeal,jerel-mcneal,8,G,200,6/1/1987,28,2,Marquette,75,6,0,36,3,11,0.273,1,2,0.5,2,2,1,0,3,3,2,3,1,5,5,9,0,0,0,130,130,4011,726,1649,0.44,164,473,0.347,562,1176,0.478,0.49,369,515,0.717,174,434,608,455,287,66,436,375,1985,0.039,0.115,0.057,0.068,COL
1042,101122,2014,Danny Granger,danny-granger,22,F-G,222,4/20/1983,32,9,New Mexico,81,586,431,18488,3332,7672,0.434,1006,2644,0.38,2185,2577,0.848,674,2214,2888,1097,561,481,1098,1628,9855,-0.03,0.056,0.074,95,82,2695,529,1066,0.496,78,213,0.366,451,853,0.529,0.533,450,598,0.753,238,543,781,154,148,180,217,302,1586,0.078,0.1,0.097,0.106,COL
1043,2853,2014,Earl Barron,earl-barron,30,F-C,250,8/14/1981,33,7,Memphis,84,140,31,1983,255,687,0.371,3,18,0.167,127,181,0.702,188,304,492,63,46,30,107,270,640,0.077,0,-0.013,128,63,2534,360,751,0.479,4,23,0.174,356,728,0.489,0.482,278,406,0.685,286,336,622,92,56,132,164,379,1002,0.149,0,0.131,0.265,COL
1044,200777,2014,Joel Freeland,joel-freeland,19,C-F,225,2/7/1987,28,2,Malaga,82,151,9,1821,209,455,0.459,0,2,0,59,81,0.728,190,328,518,65,32,56,74,255,477,0.051,0,0.061,248,133,4893.7,1037,1854,0.559,36,128,0.281,,,,,362,506,0.715,409,815,1224,152,155,96,336,518,2472,0.181,0.076,,0.099,INT
1045,203492,2014,Ray McCallum,ray-mccallum,3,G,190,6/12/1991,24,1,Detroit,75,154,46,2806,374,916,0.408,71,212,0.335,101,142,0.711,78,228,306,368,79,27,148,190,920,0.027,-0.033,-0.043,102,101,3519,546,1173,0.465,97,335,0.29,449,838,0.536,0.507,429,593,0.723,126,360,486,451,175,32,233,210,1618,0.051,0.083,0.079,0.075,COL
1046,200797,2014,Ryan Hollins,ryan-hollins,5,C,240,10/10/1984,30,8,UCLA,84,518,76,6134,687,1177,0.584,0,1,0,539,830,0.649,457,683,1140,151,94,271,384,1037,1913,0.024,0,0.035,113,61,2282,225,391,0.575,1,1,1,224,390,0.574,0.577,191,323,0.591,178,277,455,40,25,101,156,274,642,0.093,0,0.099,0.186,COL
1047,2501,2014,Reggie Evans,reggie-evans,30,C-F,245,5/18/1980,35,12,Iowa,80,809,372,15577,1107,2379,0.465,1,11,0.091,1074,2036,0.528,1984,3781,5765,458,566,115,897,1895,3289,-0.003,0,0.01,69,66,2376,324,667,0.486,1,2,0.5,323,665,0.486,0.487,405,648,0.625,265,529,794,99,85,38,231,209,1054,0.021,0,0.023,0.011,COL
1048,202130,2014,Reggie Williams,reggie-williams,55,F,205,9/14/1986,28,5,Virginia Military Institute,78,206,32,3735,599,1313,0.456,199,545,0.365,201,268,0.75,105,388,493,301,88,13,142,241,1598,-0.039,0.012,-0.096,112,105,3789,933,1874,0.498,196,649,0.302,737,1225,0.602,0.55,494,703,0.703,285,535,820,379,175,36,304,215,2556,0.1,0.04,0.152,0.137,COL
1049,203103,2014,Perry Jones III,perry-jones,3,F,235,9/24/1991,23,2,Baylor,83,143,21,1675,195,464,0.42,36,123,0.293,62,94,0.66,46,206,252,54,36,33,60,135,488,0.026,-0.063,-0.009,63,62,2030,344,659,0.522,12,43,0.279,332,616,0.539,0.531,162,239,0.678,168,299,467,78,44,47,125,148,862,0.049,0,0.041,0.032,COL
1050,202361,2014,Landry Fields,landry-fields,2,G-F,215,6/27/1988,27,4,Stanford,79,255,176,6010,684,1446,0.473,120,361,0.332,243,365,0.666,248,844,1092,419,212,45,270,310,1731,-0.024,-0.049,-0.106,129,65,3041,499,1078,0.463,103,301,0.342,396,777,0.51,0.511,292,432,0.676,201,446,647,210,111,54,197,202,1393,0.136,0.065,0.178,0.071,COL
1051,201880,2014,Greg Stiemsma,greg-stiemsma,34,C,260,9/26/1985,29,3,Wisconsin,83,203,42,3047,269,529,0.509,0,1,0,103,146,0.705,190,489,679,97,118,232,143,512,641,-0.04,0,0.004,95,7,953,104,191,0.545,0,3,0,104,188,0.553,0.545,44,58,0.759,62,153,215,78,23,96,67,156,252,0.053,0,0.1,0,COL
1052,101236,2014,Chuck Hayes,chuck-hayes,44,C-F,240,6/11/1983,32,9,Kentucky,78,644,244,11814,1047,2104,0.498,0,14,0,316,510,0.62,1119,2124,3243,781,478,237,461,1485,2410,-0.068,0,-0.014,134,111,3516,452,899,0.503,19,78,0.244,433,821,0.527,0.513,288,393,0.733,344,586,930,292,170,128,215,310,1211,0.071,0,0.051,0.107,COL
1053,201979,2014,Nick Calathes,nick-calathes,12,G,213,2/7/1989,26,1,Florida,78,129,7,2010,246,558,0.441,30,104,0.288,68,117,0.581,42,201,243,353,129,13,162,217,590,-0.016,-0.023,-0.03,72,71,2374,380,836,0.455,131,345,0.38,249,491,0.507,0.533,279,390,0.715,72,307,379,452,126,9,223,145,1170,0.056,0.023,0.093,0.017,COL
1054,101198,2014,Will Bynum,will-bynum,1,G,185,1/4/1983,32,7,Georgia Tech,72,360,29,6610,1117,2529,0.442,84,309,0.272,603,755,0.799,125,436,561,1185,256,29,578,670,2921,0.038,0.072,0.006,101,37,2206,314,816,0.385,121,390,0.31,193,426,0.453,0.459,198,268,0.739,47,168,215,210,88,2,198,192,947,0.069,0.096,0.061,0.117,COL
1055,2446,2014,Rasual Butler,rasual-butler,8,F,215,5/23/1979,36,11,La Salle,79,809,266,17220,2293,5686,0.403,911,2520,0.362,595,796,0.747,297,1637,1934,658,288,408,528,1132,6092,0.038,0.068,0.021,110,108,4211,752,1837,0.409,282,785,0.359,470,1052,0.447,0.486,339,409,0.829,167,400,650,177,108,120,292,172,2125,0.054,0.053,0.033,0.114,COL
1056,201971,2014,DeJuan Blair,dejuan-blair,45,C-F,270,4/22/1989,26,5,Pittsburgh,79,424,179,7054,1242,2371,0.524,0,9,0,381,627,0.608,810,1343,2153,349,316,127,471,1003,2865,-0.032,0,0.065,72,71,1918,394,694,0.568,0,0,,394,694,0.568,0.568,191,311,0.614,339,430,769,77,116,75,115,204,979,0.056,0,0.056,0.019,COL
1057,200761,2014,Shawne Williams,shawne-williams,3,F,230,2/16/1986,29,7,Memphis,82,314,58,5367,650,1612,0.403,275,812,0.339,194,257,0.755,247,698,945,220,127,156,197,656,1769,-0.066,-0.018,0.215,36,34,1002,156,375,0.416,48,154,0.312,108,221,0.489,0.48,114,145,0.786,62,160,222,67,50,49,81,105,474,0,0,0,0,COL
1058,101249,2014,John Lucas III,john-lucas,9,G,166,11/21/1982,32,6,Oklahoma State,71,242,8,2926,454,1185,0.383,163,474,0.344,76,99,0.768,57,180,237,362,88,2,128,195,1147,-0.005,0.094,-0.068,126,120,4379,665,1494,0.445,281,733,0.383,384,761,0.505,0.539,266,306,0.869,76,245,321,535,154,1,233,178,1877,0.022,0.12,0.08,0.111,COL
1059,203113,2014,Quincy Miller,quincy-miller,34,F,210,11/18/1992,22,2,Baylor,81,69,16,934,107,306,0.35,33,113,0.292,48,68,0.706,41,128,169,37,30,37,54,82,295,-0.023,0,0,37,35,903,138,309,0.447,24,69,0.348,114,240,0.475,0.485,93,114,0.816,54,128,182,53,25,24,66,69,393,0,0,0,0,COL
1060,201858,2014,Cartier Martin,cartier-martin,35,F,220,11/20/1984,30,6,Kansas State,79,243,15,3350,430,1098,0.392,218,586,0.372,151,207,0.729,88,375,463,121,97,27,128,317,1229,0.029,0.069,-0.052,112,77,3090,519,1132,0.458,178,446,0.399,341,686,0.497,0.537,330,423,0.78,191,349,540,171,80,17,187,272,1546,0.077,0.08,0.1,0.219,COL
1061,203106,2014,Jeffery Taylor,jeffery-taylor,44,F,225,5/23/1989,26,2,Vanderbilt,79,132,50,2567,299,731,0.409,82,257,0.319,127,191,0.665,80,183,263,107,72,21,92,234,807,-0.022,-0.025,-0.063,134,133,3923,665,1378,0.483,115,321,0.358,550,1057,0.52,0.524,452,652,0.693,280,472,752,252,146,60,309,313,1897,0.053,0.203,0.059,0.141,COL
1062,101131,2014,Jason Maxiell,jason-maxiell,54,F,260,2/18/1983,32,9,Cincinnati,79,618,188,11377,1398,2823,0.495,0,5,0,685,1214,0.564,1048,1528,2576,266,230,490,487,1197,3481,0.069,0,0.231,129,95,3563,562,1108,0.507,2,7,0.286,560,1101,0.509,0.508,440,674,0.653,355,553,908,87,91,251,189,331,1566,0.107,0,0.106,0.096,COL
1063,202970,2013,Gustavo Ayon,gustavo-ayon,14,F-C,250,4/1/1985,29,2,Baloncesto Fuenlabrada,82,135,41,2252,284,530,0.536,0,1,0,67,133,0.504,188,401,589,173,100,73,122,272,635,0.003,0,-0.116,481,311,10533.3,1985,3150,0.63,1,5,0.2,,,,,585,960,0.609,998,1997,2995,1120,543,374,723,1206,4556,0.162,0,,0.244,INT
1064,2586,2013,Keith Bogans,keith-bogans,4,G-F,215,5/12/1980,34,10,Kentucky,77,671,333,14527,1482,3759,0.394,714,2020,0.353,579,809,0.716,391,1426,1817,866,429,68,574,1223,4257,-0.011,-0.008,0.091,135,122,3913,671,1535,0.437,254,743,0.342,417,792,0.527,0.52,327,475,0.688,201,351,552,314,154,15,304,264,1923,0.079,0.09,0.094,0.094,COL
1065,2408,2013,Melvin Ely,melvin-ely,4,C-F,260,5/2/1978,36,8,Fresno State,82,375,55,6003,783,1702,0.46,0,3,0,426,682,0.625,448,767,1215,261,99,209,392,765,1992,-0.039,0,-0.075,124,92,4031,789,1367,0.577,1,3,0.333,788,1364,0.578,0.578,372,574,0.648,350,574,924,139,97,361,303,346,1951,0.044,0,0.044,0.303,COL
1066,200758,2013,Ronnie Brewer,ronnie-brewer,11,F,235,3/20/1985,29,7,Arkansas,79,502,304,11538,1554,3169,0.49,90,355,0.254,742,1099,0.675,451,976,1427,828,622,120,390,545,3940,-0.043,0.05,-0.011,90,88,2974,493,1067,0.462,104,306,0.34,389,761,0.511,0.511,326,486,0.671,150,302,452,299,216,49,203,153,1416,0.04,0.13,0.058,0.176,COL
1067,101126,2013,Nate Robinson,nate-robinson,10,G,180,5/31/1984,30,8,Washington,69,618,107,13879,2458,5811,0.423,811,2255,0.36,1080,1357,0.796,385,1061,1446,1826,543,42,876,1482,6807,0.013,-0.04,0.04,89,66,2510,446,975,0.457,127,365,0.348,319,610,0.523,0.523,264,333,0.793,138,207,345,285,140,9,174,235,1283,0.016,0.128,0.029,0.134,COL
1068,201576,2013,Anthony Randolph,anthony-randolph,15,F,225,7/15/1989,24,5,Louisiana State,83,252,43,3840,677,1494,0.453,20,83,0.241,415,561,0.74,335,743,1078,187,150,224,298,456,1789,-0.007,0,0.019,31,31,1016,183,394,0.464,2,19,0.105,181,375,0.483,0.467,115,166,0.693,86,177,263,38,35,70,92,85,483,0,0,0,0,COL
1069,202686,2013,Jan Vesely,jan-vesely,24,F,242,4/24/1990,24,2,Partizan,84,162,25,2455,263,505,0.521,0,2,0,64,157,0.408,225,337,562,96,107,84,123,384,590,-0.018,0,-0.142,54,47,1288.7,155,289,0.536,23,76,0.303,,,,,85,157,0.541,88,131,219,54,43,28,71,194,418,0.028,0.043,,0.181,INT
1070,200756,2013,Hilton Armstrong,hilton-armstrong,57,F-C,235,11/23/1984,29,5,Connecticut,83,292,40,3379,347,693,0.501,2,7,0.286,184,316,0.582,292,474,766,102,90,142,230,544,880,-0.052,0,-0.016,131,56,1980,227,403,0.563,1,3,0.333,226,400,0.565,0.565,159,275,0.578,172,345,517,73,43,191,159,271,614,0.108,0,0.101,0.304,COL
1071,2694,2013,Josh Powell,josh-powell,21,F,240,1/25/1983,31,6,NC State,81,316,28,3962,498,1136,0.438,7,20,0.35,223,300,0.743,331,601,932,161,49,68,254,491,1226,-0.012,0,-0.058,65,60,1500,239,432,0.553,11,38,0.289,228,394,0.579,0.566,140,192,0.729,128,166,294,62,32,71,132,162,629,0.043,0,0.032,0.027,COL
1072,101128,2013,Francisco Garcia,francisco-garcia,32,G-F,195,12/31/1981,32,8,Louisville,79,549,137,11854,1564,3659,0.427,581,1627,0.357,614,768,0.799,278,1122,1400,747,441,388,545,1229,4323,0.025,0.074,0.036,98,80,2757,462,1031,0.448,180,488,0.369,282,543,0.519,0.535,309,364,0.849,113,266,379,346,145,134,233,261,1413,0.056,0.1,0.06,0.094,COL
1073,202333,2013,Xavier Henry,xavier-henry,7,F-G,220,3/15/1991,23,3,Kansas,78,185,23,2905,368,907,0.406,41,126,0.325,273,430,0.635,81,270,351,120,100,23,139,264,1050,0.002,0,0,36,36,990,162,354,0.458,69,165,0.418,93,189,0.492,0.555,90,115,0.783,43,114,157,53,54,18,69,66,483,0,0,0,0,COL
1074,959,2013,Steve Nash,steve-nash,10,G,178,2/7/1974,40,17,Santa Clara,75,1217,1053,38073,6321,12892,0.49,1685,3939,0.428,3060,3384,0.904,643,2999,3642,10335,899,102,3478,1982,17387,0.067,0.01,0.08,113,55,3402,528,1229,0.43,263,656,0.401,265,573,0.462,0.537,370,427,0.867,348,510,147,,,7,352,207,1689,0.03,0.11,0.077,0.069,COL
1075,201141,2013,Greg Oden,greg-oden,20,C,273,1/22/1988,26,2,Ohio State,84,105,66,2027,317,552,0.574,0,0,0,206,313,0.658,256,400,656,51,40,130,138,374,840,0.01,0,0.021,32,31,925,189,307,0.616,0,0,,189,307,0.616,0.616,123,196,0.628,113,193,306,21,18,105,64,87,501,0,0,0,0,COL
1076,2203,2013,Shane Battier,shane-battier,31,F,220,9/9/1978,35,12,Duke,80,977,705,30004,2982,6819,0.437,1250,3254,0.384,1194,1606,0.743,1273,2809,4082,1717,988,906,878,2208,8408,0.009,0.011,0.039,146,120,4336,651,1303,0.5,246,592,0.416,405,711,0.57,0.594,436,561,0.777,183,332,887,239,266,254,161,296,1984,0.074,0.029,0.116,0.093,COL
1077,951,2013,Ray Allen,ray-allen,34,G,205,7/20/1975,38,17,Connecticut,77,1300,1149,46349,8567,18955,0.452,2973,7429,0.4,4398,4920,0.894,1230,4042,5272,4361,1451,244,2709,2858,24505,0.021,0.006,0.072,101,66,3001,705,1449,0.487,233,520,0.448,472,929,0.508,0.567,279,358,0.779,250,351,601,239,159,41,193,145,1922,0.038,0.064,0.071,0.083,COL
1078,202336,2013,Larry Sanders,larry-sanders,8,C,235,11/21/1988,25,3,VCU,83,238,113,4634,669,1395,0.48,0,5,0,182,329,0.553,475,870,1345,174,152,429,224,666,1520,0.047,0,-0.01,101,82,2376,415,798,0.52,4,16,0.25,411,782,0.526,0.523,210,364,0.577,254,522,776,51,59,277,155,317,1044,0.03,0,0.043,0.185,COL
1079,2568,2013,Carlos Delfino,carlos-delfino,10,G-F,230,8/29/1982,31,8,Fortitudo Bologna,78,507,170,11582,1472,3669,0.401,678,1856,0.365,493,650,0.758,287,1528,1815,887,461,88,509,827,4115,0.042,0.108,0.183,78,63,2289.5,320,777,0.412,102,320,0.319,,,,,170,236,0.72,99,359,458,134,145,13,132,177,912,0.024,0.037,,0.06,INT
1080,202399,2013,Jeff Adrien,jeff-adrien,12,F,245,2/10/1986,28,3,Connecticut,79,153,17,2149,264,557,0.474,0,2,0,181,288,0.628,221,438,659,100,50,79,91,259,709,0.064,0,-0.014,133,101,3930,602,1169,0.515,2,6,0.333,600,1163,0.516,0.516,397,655,0.606,386,740,1126,146,78,152,256,238,1603,0.11,0,0.109,0.055,COL
1081,202874,2013,Chris Wright,chris-wright,15,F,226,9/30/1988,25,1,Dayton,81,32,1,311,44,80,0.55,0,1,0,30,46,0.652,29,36,65,9,14,18,13,39,118,0.039,0,0,123,116,3320,591,1208,0.489,25,109,0.229,566,1099,0.515,0.5,394,595,0.662,299,588,887,148,100,162,303,321,1601,0.143,0.039,0.151,0.204,COL
1082,201785,2013,Othyus Jeffers,othyus-jeffers,0,G-F,210,8/5/1985,28,2,Illinois-Chicago,77,37,2,441,46,100,0.46,1,6,0.167,46,69,0.667,34,61,95,22,21,0,21,45,139,0.054,0,0,63,62,2056,319,669,0.477,2,12,0.167,317,657,0.482,0.478,213,351,0.607,216,295,511,174,85,26,178,168,853,0.019,0,0.01,0.135,COL
1083,101142,2013,Ronny Turiaf,ronny-turiaf,32,C,241,1/13/1983,31,8,Gonzaga,82,473,105,8019,856,1607,0.533,0,7,0,497,782,0.636,520,1237,1757,618,181,593,358,1116,2209,0.033,0,0.078,127,73,3239,538,1038,0.518,4,18,0.222,534,1020,0.524,0.52,643,899,0.715,264,595,859,130,61,179,261,362,1723,0.017,0,0.02,0.077,COL
1084,2215,2013,Jason Collins,jason-collins,98,C,255,12/2/1978,35,12,Stanford,84,735,477,14970,918,2234,0.411,7,34,0.206,778,1202,0.647,915,1791,2706,626,368,359,605,2056,2621,-0.008,0,-0.061,73,45,1606,262,428,0.612,12,27,0.444,250,401,0.623,0.626,249,348,0.716,149,312,484,55,34,89,109,166,785,0.002,0,0.01,0.122,COL
1085,1885,2013,Lamar Odom,lamar-odom,,F,230,11/6/1979,34,14,Rhode Island,82,961,684,32131,4811,10393,0.463,664,2126,0.312,2495,3599,0.693,1821,6238,8059,3554,848,892,2253,2916,12781,0.025,-0.048,-0.026,32,32,1116,203,421,0.482,33,100,0.33,170,321,0.53,0.521,125,182,0.687,302,122,27,,,49,110,92,564,0,0,0,0,COL
1086,2223,2013,Samuel Dalembert,samuel-dalembert,,C,250,5/10/1980,34,11,Seton Hall,83,886,694,21645,2810,5393,0.521,1,12,0.083,1193,1689,0.706,2289,4653,6942,465,437,1546,1271,2601,6814,0.081,0,0.066,59,48,1265,175,326,0.537,0,0,,175,326,0.537,0.537,69,128,0.539,112,233,345,19,22,167,117,187,419,0.062,0,0.062,0.038,COL
1087,2030,2013,Kenyon Martin,kenyon-martin,3,F,225,12/30/1977,36,13,Cincinnati,81,757,667,23136,3875,8031,0.483,66,282,0.234,1509,2398,0.629,1312,3847,5159,1439,893,864,1318,2498,9325,0.037,0.035,0.001,116,97,2900,513,875,0.586,2,9,0.222,511,866,0.59,0.587,251,432,0.581,76,224,869,142,124,292,191,340,1279,0.082,0,0.077,0.371,COL
1088,202719,2013,Jeremy Tyler,jeremy-tyler,4,F,250,6/21/1991,23,2,Tokyo Apache,82,104,23,1034,157,349,0.45,0,1,0,59,106,0.557,98,171,269,25,23,42,68,164,373,0.024,0,-0.008,171,69,4541.1,1221,2341,0.522,53,206,0.257,,,,,521,752,0.693,417,1122,1539,203,177,176,429,609,3015,0.183,0.163,,0.172,INT
1089,200769,2013,Shannon Brown,shannon-brown,26,G,210,11/29/1985,28,7,Michigan State,76,408,60,7329,1198,2854,0.42,276,831,0.332,446,553,0.807,177,583,760,458,284,90,378,538,3118,0.042,0.05,0.192,97,89,2712,416,910,0.457,110,302,0.364,306,608,0.503,0.518,241,290,0.831,99,230,329,188,124,11,197,184,1183,0.02,0.06,0.03,0.041,COL
1090,203117,2013,Doron Lamb,doron-lamb,1,G,200,11/6/1991,22,1,Kentucky,76,100,0,1272,123,323,0.381,50,127,0.394,49,70,0.7,16,79,95,75,24,1,53,106,345,0.03,-0.071,0.112,78,49,2327,336,693,0.485,144,303,0.475,192,390,0.492,0.589,202,249,0.811,34,149,183,122,41,8,94,157,1018,0.023,0.02,0.024,0.036,COL
1091,203102,2013,Arnett Moultrie,arnett-moultrie,5,F,240,11/18/1990,23,1,Mississippi State,82,59,2,728,94,172,0.547,0,0,0,22,33,0.667,87,93,180,12,25,14,26,65,210,-0.035,0,0,100,97,3020,441,863,0.511,28,97,0.289,413,766,0.539,0.527,232,343,0.676,296,540,836,100,101,85,206,237,1142,0.074,0.057,0.038,0.245,COL
1092,203810,2013,Casper Ware,casper-ware,17,G,175,1/17/1990,24,5,Long Beach State,70,9,0,115,18,42,0.429,7,21,0.333,5,6,0.833,0,9,9,10,8,0,5,11,48,0,0,0,131,128,4319,586,1458,0.402,213,610,0.349,373,848,0.44,0.475,456,582,0.784,60,274,334,545,205,15,368,290,1841,0.05,0.108,0.063,0.105,COL
1093,202343,2013,Elliot Williams,elliot-williams,25,G,180,6/20/1989,25,3,Memphis,77,109,2,1470,193,458,0.421,54,174,0.31,97,145,0.669,38,123,161,94,45,6,78,158,537,-0.078,0,0,68,46,1696,234,515,0.454,69,200,0.345,165,315,0.524,0.521,217,302,0.719,54,158,212,151,66,5,129,127,754,0.018,0.116,0.011,0.258,COL
1094,201957,2013,Byron Mullens,bj-mullens,30,C,275,2/14/1989,25,4,Ohio State,84,189,66,3446,557,1366,0.408,111,348,0.319,173,245,0.706,200,590,790,153,74,98,187,335,1398,0.091,0.095,-0.102,33,2,671,120,188,0.638,0,1,0,120,187,0.642,0.638,52,93,0.559,55,99,154,9,16,37,51,68,292,0,0,0,0,COL
1095,202363,2013,Jarvis Varnado,jarvis-varnado,40,F-C,230,3/1/1988,26,1,Mississippi State,81,37,0,397,39,67,0.582,0,0,0,29,56,0.518,21,51,72,16,11,31,16,72,107,0,0,0,141,119,3594,548,930,0.589,1,4,0.25,547,926,0.591,0.59,306,514,0.595,346,750,1096,89,76,564,191,344,1403,0.098,0,0.102,0.154,COL
1096,101183,2013,Shavlik Randolph,shavlik-randolph,43,F,236,11/24/1983,30,6,Duke,82,146,7,1203,129,287,0.449,1,6,0.167,81,149,0.544,151,212,363,36,44,38,59,193,340,-0.019,0,-0.056,92,36,1608,205,405,0.506,12,42,0.286,193,363,0.532,0.521,158,247,0.64,174,220,394,56,70,129,97,257,580,0.198,0,0.204,0.15,COL
1097,2248,2013,Earl Watson,earl-watson,17,G,199,6/12/1979,35,12,UCLA,73,878,227,19488,2112,5139,0.411,502,1551,0.324,867,1233,0.703,462,1523,1985,3871,873,176,1548,1755,5593,-0.04,-0.028,0.061,129,129,4371,518,1150,0.45,133,390,0.341,385,760,0.507,0.508,280,428,0.654,87,159,484,607,235,49,420,372,1449,0.101,0.04,0.12,0.097,COL
1098,201964,2013,Victor Claver,victor-claver,18,F,224,8/30/1988,25,1,Valencia,81,80,16,1071,100,251,0.398,34,116,0.293,24,41,0.585,43,135,178,56,30,16,58,103,258,0.006,0,0,736,438,15229.1,1606,3599,0.446,601,1685,0.357,,,,,751,1030,0.729,654,2035,2689,825,605,271,822,1320,4564,0.105,0.189,,0.298,INT
1099,203099,2013,Jared Cunningham,jared-cunningham,9,G,195,5/22/1991,23,1,Oregon State,76,84,3,605,60,173,0.347,19,62,0.306,58,86,0.674,6,50,56,39,21,2,32,72,197,0.058,-0.003,0.016,98,83,2733,380,835,0.455,84,244,0.344,296,591,0.501,0.505,427,566,0.754,93,201,294,193,219,24,251,247,1271,0.075,0.022,0.081,0.042,COL
1100,201189,2013,Aaron Gray,aaron-gray,33,C,270,12/7/1984,29,6,Pittsburgh,84,318,87,3850,440,864,0.509,0,3,0,186,331,0.562,431,759,1190,207,94,87,265,678,1066,0,0,0.014,113,68,2360,434,789,0.55,0,0,,434,789,0.55,0.55,241,405,0.595,286,504,790,147,41,130,176,238,1109,0.05,0,0.05,0.086,COL
1101,202345,2013,Damion James,damion-james,7,F,225,10/7/1987,26,3,Texas,79,39,17,624,61,147,0.415,0,6,0,28,42,0.667,25,106,131,26,23,20,38,56,150,-0.019,0,0,142,140,4156,705,1473,0.479,103,283,0.364,602,1190,0.506,0.514,404,631,0.64,418,900,1318,163,137,163,259,391,1917,0.04,0.087,0.061,0.114,COL
1102,965,2013,Derek Fisher,derek-fisher,6,G,210,8/9/1974,39,17,Little Rock,73,1287,731,32714,3720,9329,0.399,1248,3341,0.374,2025,2479,0.817,414,2244,2658,3804,1352,98,1473,2684,10713,0,0.071,0.16,112,104,3655,432,1044,0.414,125,329,0.38,307,715,0.429,0.474,399,534,0.747,488,472,184,,,12,273,286,1388,0.042,0.128,0.043,0.052,COL
1103,201934,2013,Hasheem Thabeet,hasheem-thabeet,34,C,263,2/16/1987,27,4,Connecticut,87,224,20,2357,182,321,0.567,0,0,0,119,206,0.578,203,392,595,27,59,184,123,453,483,-0.035,0,0.005,100,99,2931,359,588,0.611,0,0,,359,588,0.611,0.611,310,496,0.625,304,543,847,41,37,417,175,258,1028,0.086,0,0.086,0.185,COL
1104,201986,2013,Nando De Colo,nando-de-colo,3,G,195,6/23/1987,27,1,Valencia,77,119,9,1414,169,394,0.429,49,135,0.363,66,79,0.835,37,174,211,203,63,12,116,135,453,-0.01,-0.022,0.037,844,478,20267.7,3908,8002,0.488,1291,3212,0.402,,,,,2799,3042,0.92,342,1903,2245,3009,976,82,2076,1768,10785,0.118,0.21,,0.087,INT
1105,2422,2013,John Salmons,john-salmons,25,F-G,207,12/12/1979,34,11,Miami,78,895,429,23671,3007,6979,0.431,726,1986,0.366,1552,1942,0.799,435,2168,2603,2183,756,239,1185,1667,8292,0.02,0.051,0.063,124,107,3814,444,953,0.466,86,268,0.321,358,685,0.523,0.511,313,389,0.805,201,345,687,433,192,81,321,316,1287,0.026,0.108,0.084,0.117,COL
1106,203197,2013,Diante Garrett,diante-garrett,8,G,190,11/3/1988,25,1,Iowa State,76,90,0,1197,117,314,0.373,39,111,0.351,15,22,0.682,16,96,112,151,51,5,91,80,288,0.046,0,0,128,99,3952,505,1240,0.407,98,330,0.297,407,910,0.447,0.447,256,351,0.729,44,318,362,611,153,20,362,204,1364,0.087,0.132,0.078,0.131,COL
1107,202952,2013,Malcolm Thomas,malcolm-thomas,22,F,225,11/8/1988,25,2,San Diego State,81,40,0,328,30,69,0.435,1,11,0.091,15,25,0.6,27,69,96,14,6,7,25,30,76,0,0,0,103,98,3156,446,841,0.53,4,17,0.235,442,824,0.536,0.533,297,512,0.58,297,545,842,211,67,191,233,236,1193,0.029,0,0.037,0.115,COL
1108,202698,2013,Chris Singleton,chris-singleton,31,F,228,11/21/1989,24,2,Florida State,81,148,62,2604,233,620,0.376,58,182,0.319,88,139,0.633,112,360,472,92,117,57,100,325,612,0.004,-0.033,-0.049,95,91,2761,336,802,0.419,104,315,0.33,232,487,0.476,0.484,199,336,0.592,189,397,586,140,180,136,227,290,975,0.025,0.071,0.028,0.171,COL
1109,1497,2013,Chauncey Billups,chauncey-billups,1,G,210,9/25/1976,37,16,Colorado,75,1043,937,33008,4738,11413,0.415,1830,4725,0.387,4496,5029,0.894,480,2512,2992,5636,1051,168,2138,2169,15802,0.024,0.048,0.078,55,53,1869,297,719,0.413,120,314,0.382,177,405,0.437,0.497,306,357,0.857,54,111,306,282,104,8,202,128,1020,0,0.047,0.021,0.007,COL
1110,202725,2013,Josh Harrellson,josh-harrellson,55,F-C,275,2/12/1989,25,2,Kentucky,82,75,4,887,105,240,0.438,33,95,0.347,22,35,0.629,80,147,227,26,30,36,33,96,265,0.014,0.017,0,94,40,1486,185,337,0.549,9,29,0.31,176,308,0.571,0.562,61,94,0.649,181,260,441,39,46,84,60,136,440,0.164,0,0.165,0.133,COL
1111,2457,2013,Jannero Pargo,jannero-pargo,5,G,185,10/22/1979,34,9,Arkansas,73,499,18,7445,1228,3140,0.391,400,1124,0.356,319,369,0.864,112,589,701,986,250,28,560,648,3175,-0.007,0.063,0.011,60,37,1531,297,653,0.455,168,395,0.425,129,258,0.5,0.583,100,122,0.82,33,100,133,168,97,2,124,120,862,0.011,0.015,0.008,0.097,COL
1112,201591,2013,DJ White,dj-white,8,F,250,8/31/1986,27,5,Indiana,81,138,11,2110,348,687,0.507,1,3,0.333,113,157,0.72,117,320,437,80,39,57,65,199,810,-0.013,0,-0.033,99,97,3025,548,975,0.562,1,3,0.333,547,972,0.563,0.563,350,507,0.69,242,506,748,93,68,198,173,253,1447,0.093,0,0.095,0.024,COL
1113,201604,2013,Chris Douglas-Roberts,chris-douglas-roberts,55,G,210,1/8/1987,27,4,Memphis,79,222,61,4379,574,1309,0.439,84,255,0.329,339,408,0.831,83,389,472,254,128,55,200,287,1571,-0.021,0.086,0.008,109,100,2845,555,1028,0.54,73,196,0.372,482,832,0.579,0.575,362,499,0.725,134,264,398,183,114,49,217,209,1545,0.012,0.103,0.014,0.033,COL
1114,101130,2012,Johan Petro,johan-petro,10,C,247,1/27/1986,27,7,Pau Orthez,84,473,139,7262,976,2114,0.462,2,13,0.154,248,366,0.678,536,1300,1836,227,193,234,374,1158,2202,-0.052,0,0.042,36,10,442.5,77,155,0.497,0,1,0,,,,,32,45,0.711,37,74,111,8,24,24,32,98,186,0,0,,0,INT
1115,2404,2012,Chris Wilcox,chris-wilcox,44,F-C,235,9/3/1982,30,10,Maryland,82,628,261,12474,2101,3884,0.541,0,18,0,948,1474,0.643,970,2106,3076,455,322,246,705,1517,5150,0.019,0,0.145,70,27,1160,224,431,0.52,0,2,0,224,429,0.522,0.52,106,180,0.589,123,207,330,69,34,71,72,141,554,0.076,0,0.073,0.021,COL
1116,201944,2012,Terrence Williams,terrence-williams,55,G-F,220,6/28/1987,26,3,Louisville,78,153,9,2921,437,1061,0.412,58,183,0.317,153,232,0.659,67,478,545,364,83,19,222,199,1085,0.01,0.003,-0.061,140,127,4510,577,1444,0.4,195,609,0.32,382,835,0.457,0.467,216,367,0.589,206,764,970,546,210,90,329,265,1565,0.064,0.124,0.018,0.041,COL
1117,200789,2012,Daniel Gibson,daniel-gibson,1,G,200,2/27/1986,27,6,Texas,74,397,77,9315,1065,2646,0.402,578,1419,0.407,407,522,0.78,142,650,792,775,243,86,373,811,3115,-0.022,-0.012,0.062,68,68,2246,294,716,0.411,175,452,0.387,119,264,0.451,0.533,172,232,0.741,56,189,245,237,104,20,165,167,935,0.012,0.018,0.011,0.026,COL
1118,2575,2012,Luke Walton,luke-walton,4,F,235,3/28/1980,33,9,Arizona,80,564,138,9685,1050,2449,0.429,182,558,0.326,367,513,0.715,481,1107,1588,1317,313,102,597,810,2649,0.002,-0.01,0.012,129,84,3514,420,985,0.426,65,229,0.284,355,756,0.47,0.459,274,400,0.685,195,467,662,582,151,58,336,236,1179,0.117,0.184,0.087,0.04,COL
1119,200809,2012,Chris Quinn,chris-quinn,20,G,175,9/27/1983,29,5,Notre Dame,74,241,26,3303,381,956,0.399,161,427,0.377,169,209,0.809,30,236,266,455,102,8,137,249,1092,0.035,0.031,0.137,123,82,3813,490,1098,0.446,239,573,0.417,251,525,0.478,0.555,235,285,0.825,78,256,334,428,155,16,160,205,1454,0.046,0.076,0.054,0.089,COL
1120,2427,2012,Roger Mason Jr.,roger-mason,8,G,205,9/10/1980,32,9,Virginia,77,518,103,9146,1196,2933,0.408,594,1549,0.383,303,350,0.866,78,819,897,677,189,75,370,709,3289,0.051,0.02,0.002,89,68,2634,388,889,0.436,137,365,0.375,251,524,0.479,0.513,318,366,0.869,66,203,269,230,90,33,195,209,1231,0.067,0.156,0.028,0.066,COL
1121,202227,2012,Terrel Harris,terrel-harris,12,G,190,8/10/1987,25,1,Oklahoma State,76,42,1,455,33,110,0.3,8,47,0.17,21,31,0.677,22,55,77,35,11,5,42,51,95,-0.049,0,0,134,89,3537,440,999,0.44,153,418,0.366,287,581,0.494,0.517,286,351,0.815,141,371,512,207,173,33,285,391,1319,0.086,0.164,0.189,0.1,COL
1122,201161,2012,Daequan Cook,daequan-cook,14,G,210,4/28/1987,26,5,Ohio State,77,328,49,5993,758,2056,0.369,442,1232,0.359,156,192,0.812,75,628,703,243,120,48,177,478,2114,-0.017,0.022,-0.008,39,1,770,141,317,0.445,54,130,0.415,87,187,0.465,0.53,46,66,0.697,28,139,167,40,28,10,56,66,382,0,0,0,0,COL
1123,1888,2012,Richard Hamilton,richard-hamilton,32,G,193,2/14/1978,35,13,Connecticut,79,921,783,29563,5969,13288,0.449,530,1530,0.346,3240,3805,0.852,794,2058,2852,3125,714,131,1977,2329,15708,0.029,-0.018,0.078,103,103,3274,691,1622,0.426,237,627,0.378,454,995,0.456,0.499,417,505,0.826,151,313,464,266,134,28,260,203,2036,0.057,0.057,0.104,0.059,COL
1124,201958,2012,Rodrigue Beaubois,rodrigue-beaubois,3,G,185,2/24/1988,25,3,Cholet,74,182,54,2895,502,1143,0.439,129,397,0.325,153,189,0.81,47,291,338,374,124,52,204,312,1286,-0.079,-0.084,0.002,50,15,965,159,336,0.473,59,169,0.349,,,,,28,45,0.622,23,88,111,97,47,23,79,132,405,0,0.118,,0,INT
1125,101204,2012,Dwayne Jones,dwayne-jones,27,F-C,248,6/9/1983,30,5,St. Joseph's,83,82,0,636,33,65,0.508,0,1,0,41,83,0.494,86,105,191,12,11,29,26,112,107,0,0,0,98,69,2753,244,467,0.522,0,0,,244,467,0.522,0.522,206,426,0.484,306,525,831,68,41,232,139,248,694,0.038,0,0.038,0.185,COL
1126,255,2012,Grant Hill,grant-hill,33,F,225,10/5/1972,40,17,Duke,80,1026,972,34773,6345,13126,0.483,219,697,0.314,4228,5498,0.769,1176,4993,6169,4252,1248,576,2459,2377,17137,0.006,0.18,0.037,129,115,3922,745,1400,0.532,44,117,0.376,701,1283,0.546,0.548,390,559,0.698,769,461,218,,,133,319,316,1924,0.149,0,0.132,0.137,COL
1127,201969,2012,DaJuan Summers,dajuan-summers,35,F,240,1/24/1988,25,3,Georgetown,80,83,7,819,103,268,0.384,29,79,0.367,43,67,0.642,24,58,82,29,18,8,37,104,278,0.032,0.024,-0.09,101,98,2784,368,838,0.439,145,411,0.353,223,427,0.522,0.526,248,341,0.727,127,317,444,129,99,64,225,240,1129,0.062,0.054,0.063,0.057,COL
1128,202365,2012,Devin Ebanks,devin-ebanks,3,F,215,10/28/1989,23,2,West Virginia,81,63,15,710,82,213,0.385,8,36,0.222,52,72,0.722,51,71,122,24,18,12,35,56,224,-0.027,0,-0.076,69,65,2217,276,596,0.463,8,70,0.114,268,526,0.51,0.47,215,292,0.736,192,356,548,176,65,48,142,117,775,0.013,0.025,0.032,0.07,COL
1129,1712,2012,Antawn Jamison,antawn-jamison,4,F,235,6/12/1976,37,14,North Carolina,81,1083,864,37637,7679,17024,0.451,1163,3365,0.346,3521,4860,0.724,2557,5600,8157,1761,1048,421,1714,2580,20042,0,0.044,0.132,104,95,3476,787,1364,0.577,8,27,0.296,779,1337,0.583,0.58,392,635,0.617,1027,93,93,,,85,183,256,1974,0.08,0,0.073,0.141,COL
1130,2768,2012,Chris Duhon,chris-duhon,21,G,190,8/31/1982,30,8,Duke,73,606,319,15526,1353,3440,0.393,649,1788,0.363,591,754,0.784,200,1164,1364,2690,471,36,925,965,3946,0.041,0.008,0.058,144,113,4813,432,1033,0.418,162,505,0.321,270,528,0.511,0.497,242,349,0.693,109,380,489,819,300,16,355,268,1268,0.062,0.088,0.048,0.072,COL
1131,436,2012,Juwan Howard,juwan-howard,5,F,250,2/7/1973,40,18,Michigan,81,1208,900,36648,6543,13950,0.469,6,50,0.12,3067,4014,0.764,2348,5080,7428,2663,818,312,2469,3493,16159,-0.02,0,0.1,100,97,3139,617,1209,0.51,1,11,0.091,616,1198,0.514,0.511,291,423,0.688,94,173,745,202,80,56,269,305,1526,0.107,0,0.11,0.025,COL
1132,2605,2012,Marquis Daniels,marquis-daniels,6,F,200,1/7/1981,32,9,Auburn,78,548,146,11703,1772,3933,0.451,103,439,0.235,672,932,0.721,521,1031,1552,966,509,137,644,882,4319,-0.043,-0.065,-0.048,111,90,3184,597,1203,0.496,66,223,0.296,531,980,0.542,0.524,270,418,0.646,223,403,626,287,208,39,301,267,1530,0.08,0.126,0.096,0.038,COL
1133,2038,2012,Joel Przybilla,joel-przybilla,10,C,245,10/10/1979,33,12,Minnesota,85,592,397,11735,896,1624,0.552,0,3,0,501,900,0.557,1112,2553,3665,256,157,836,574,1604,2293,0.205,0,0.134,49,45,1351,201,340,0.591,0,0,,201,340,0.591,0.591,85,163,0.521,54,122,339,91,33,165,141,150,487,0.053,0,0.053,0.082,COL
1134,200750,2012,Brandon Roy,brandon-roy,3,G,211,7/23/1984,28,5,Washington,78,326,300,11560,2224,4849,0.459,322,925,0.348,1366,1707,0.8,347,1041,1388,1517,335,76,595,630,6136,0.003,-0.025,-0.037,103,71,2837,533,1041,0.512,53,154,0.344,480,887,0.541,0.537,358,468,0.765,185,332,517,308,103,49,217,221,1477,0.085,0.18,0.08,0.324,COL
1135,202723,2012,Malcolm Lee,malcolm-lee,8,G,200,5/22/1990,23,1,UCLA,77,36,12,533,52,136,0.382,10,34,0.294,26,37,0.703,24,41,65,51,20,10,27,52,140,-0.005,0,0,94,65,2514,312,707,0.441,71,255,0.278,241,452,0.533,0.492,218,304,0.717,79,207,286,184,72,20,161,191,913,0.068,0.043,0.049,0.072,COL
1136,101153,2012,Mickael Gelabale,mickael-gelabale,15,F,215,5/22/1983,30,2,Real Madrid,79,145,27,2347,263,560,0.47,43,136,0.316,101,124,0.815,107,223,330,115,50,35,92,186,670,0.008,0.082,0.016,131,82,3160.8,362,733,0.494,67,197,0.34,,,,,231,295,0.783,180,299,479,159,78,62,160,324,1022,0.104,0.007,,0.027,INT
1137,202419,2012,Chris Johnson,chris-johnson-2,20,F,210,7/17/1985,27,2,Louisiana State,83,71,1,598,77,137,0.562,0,0,0,51,73,0.699,47,85,132,13,16,46,38,103,205,0.121,0,-0.083,88,59,1794,251,514,0.488,19,66,0.288,232,448,0.518,0.507,110,142,0.775,142,305,454,67,36,176,131,160,631,0.105,0,0.13,0.105,COL
1138,711,2012,Jerry Stackhouse,jerry-stackhouse,42,F,218,11/5/1974,38,17,North Carolina,78,970,564,30221,5386,13182,0.409,988,3202,0.309,4649,5659,0.822,926,2141,3067,3240,869,437,2641,1810,16409,-0.003,-0.012,0.072,69,34,1904,353,712,0.496,39,110,0.355,314,602,0.522,0.523,335,465,0.72,456,162,92,,,76,198,129,1080,0.051,0,0.053,0.02,COL
1139,200778,2012,James White,james-white,4,G-F,215,10/21/1982,30,2,Cincinnati,79,67,18,583,71,162,0.438,17,50,0.34,23,34,0.676,8,60,68,35,17,6,25,53,182,-0.006,0,0,123,87,3336,428,963,0.444,120,357,0.336,308,606,0.508,0.507,294,375,0.784,129,391,520,316,117,75,248,276,1270,0.104,0.145,0.093,0.338,COL
1140,467,2012,Jason Kidd,jason-kidd,5,G,210,3/23/1973,40,18,California,76,1391,1350,50116,6219,15557,0.4,1988,5701,0.349,3103,3954,0.785,1768,6957,8725,12091,2684,450,4003,2572,17529,0.014,0.079,0.084,59,57,1975,299,639,0.468,75,225,0.333,224,414,0.541,0.527,205,303,0.677,349,494,204,,,17,241,150,878,0.009,0.076,0.008,0.035,COL
1141,948,2012,Marcus Camby,marcus-camby,23,C-F,240,3/22/1974,39,16,Massachusetts,83,973,786,28679,3767,8077,0.466,18,88,0.205,1710,2551,0.67,2611,6902,9513,1837,967,2331,1362,2687,9262,-0.016,0,-0.027,92,63,2324,539,1076,0.501,1,13,0.077,538,1063,0.506,0.501,308,466,0.661,642,131,74,,,336,187,262,1387,0.073,0,0.064,0.104,COL
1142,2047,2012,Quentin Richardson,quentin-richardson,55,F,228,4/13/1980,33,12,DePaul,78,783,486,20785,2923,7360,0.397,1167,3288,0.355,1019,1420,0.718,933,2733,3666,1138,607,148,868,1529,8032,-0.044,0.024,0.09,64,62,2190,405,893,0.454,117,317,0.369,288,576,0.5,0.519,220,302,0.728,118,207,652,104,59,17,138,144,1147,0.046,0.038,0.07,0.037,COL
1143,201970,2012,Sam Young,sam-young,4,F-G,225,6/1/1985,28,3,Pittsburgh,78,249,52,3965,560,1266,0.442,49,175,0.28,267,360,0.742,163,410,573,180,134,57,204,311,1436,-0.017,0.082,-0.035,143,78,3642,716,1438,0.498,115,323,0.356,601,1115,0.539,0.538,337,487,0.692,258,454,712,138,119,109,267,238,1884,0.063,0.073,0.071,0.143,COL
1144,2767,2012,Royal Ivey,royal-ivey,7,G,200,12/20/1981,31,8,Texas,76,492,114,6161,622,1531,0.406,162,449,0.361,235,333,0.706,147,410,557,501,230,38,255,757,1641,-0.021,0.041,0.024,133,126,3287,367,807,0.455,53,157,0.338,314,650,0.483,0.488,249,351,0.709,151,255,406,300,124,25,195,353,1036,0.11,0.12,0.153,0.154,COL
1145,2863,2012,Damien Wilkins,damien-wilkins,8,G-F,225,1/11/1980,33,8,Georgia,78,582,150,10993,1344,3157,0.426,205,627,0.327,711,908,0.783,441,921,1362,796,431,130,524,945,3604,-0.009,0.061,0.165,117,90,3556,418,1024,0.408,81,266,0.305,337,758,0.445,0.448,358,494,0.725,255,334,589,305,140,56,277,268,1275,0.005,0.058,0.025,0.12,COL
1146,202724,2012,Charles Jenkins,charles-jenkins,31,G,215,2/28/1989,24,1,Hofstra,75,110,29,1333,179,412,0.434,4,22,0.182,46,61,0.754,16,84,100,214,48,8,81,107,408,-0.019,0,-0.118,128,128,4592,847,1856,0.456,180,471,0.382,667,1385,0.482,0.505,639,788,0.811,130,421,551,489,213,71,385,317,2513,0.113,0.107,0.137,0.044,COL
1147,2407,2012,Jared Jeffries,jared-jeffries,1,F,240,11/25/1981,31,10,Indiana,83,629,335,13576,1163,2728,0.426,73,292,0.25,604,1036,0.583,1166,1397,2563,798,435,323,674,1529,3003,-0.05,0.105,0.035,70,70,2283,353,785,0.45,39,120,0.325,314,665,0.472,0.475,263,409,0.643,170,337,507,156,85,88,202,188,1008,0.015,0.135,0,0.047,COL
1148,2562,2012,Sasha Pavlovic,sasha-pavlovic,3,G-F,235,11/15/1983,29,9,Buducnost,79,567,142,8886,1070,2651,0.404,308,890,0.346,339,504,0.673,188,812,1000,517,272,98,460,1026,2787,0.008,0.075,-0.089,13,5,255,50,108,0.463,10,34,0.294,,,,,16,25,0.64,5,13,18,13,11,6,13,27,126,0,0,,0,INT
1149,202701,2012,Nolan Smith,nolan-smith,4,G,185,7/25/1988,24,1,Duke,74,84,4,828,109,294,0.371,19,73,0.26,40,56,0.714,24,59,83,97,25,4,71,81,277,-0.001,-0.029,0,143,97,3842,667,1490,0.448,166,451,0.368,501,1039,0.482,0.503,411,514,0.8,114,284,398,406,142,19,292,267,1911,0.041,0.046,0.056,0.082,COL
1150,201953,2012,Eric Maynor,eric-maynor,6,G,175,6/11/1987,26,3,VCU,75,267,2,3895,440,1122,0.392,111,317,0.35,150,208,0.721,67,281,348,760,111,20,281,296,1141,0,0.135,-0.033,130,104,3990,654,1457,0.449,142,384,0.37,512,1073,0.477,0.498,503,636,0.791,70,372,442,674,168,20,318,258,1953,0.039,0.033,0.086,0.067,COL
1151,202350,2012,Daniel Orton,daniel-orton,33,C,255,8/6/1990,22,1,Kentucky,82,51,6,541,50,103,0.485,0,1,0,43,72,0.597,48,78,126,24,18,28,29,81,143,-0.082,0,0.178,38,0,502,48,91,0.527,0,2,0,48,89,0.539,0.527,33,63,0.524,45,81,126,15,21,53,38,88,129,0,0,0,0,COL
1152,101132,2012,Linas Kleiza,linas-kleiza,11,F,234,1/3/1985,28,6,Missouri,80,409,65,8185,1268,2912,0.435,387,1154,0.335,638,836,0.763,388,1082,1470,321,159,73,409,886,3561,-0.01,-0.039,0.059,49,28,1408,229,555,0.413,39,136,0.287,190,419,0.453,0.448,210,297,0.707,122,263,385,66,27,14,116,143,707,0.035,0,0.002,0.111,COL
1153,2554,2012,Mickael Pietrus,mickael-pietrus,20,F,215,2/7/1982,31,9,Pau Orthez,78,557,172,11946,1625,3821,0.425,679,1910,0.355,700,1053,0.665,440,1283,1723,445,371,230,576,1270,4629,0.006,0.023,-0.026,19,10,483.2,55,146,0.377,32,89,0.36,,,,,28,46,0.609,10,48,58,27,19,17,20,53,170,0.049,0.015,,0,INT
1154,2224,2012,Jamaal Tinsley,jamaal-tinsley,6,G,197,2/28/1978,35,9,Iowa State,75,547,404,14444,1759,4481,0.393,397,1326,0.299,737,1029,0.716,345,1260,1605,3330,776,155,1375,1306,4652,0.013,0.062,0.011,68,68,2211,284,732,0.388,52,159,0.327,232,573,0.405,0.423,230,336,0.685,48,258,306,431,177,56,273,198,850,0.021,0.139,0.002,0.017,COL
1155,201590,2012,Donte Greene,donte-greene,13,F,226,2/21/1988,25,4,Syracuse,83,253,82,4260,585,1441,0.406,165,542,0.304,206,294,0.701,140,460,600,183,111,116,222,373,1541,0.08,0.044,-0.152,35,35,1253,218,521,0.418,90,261,0.345,128,260,0.492,0.505,94,133,0.707,60,191,251,71,45,57,91,101,620,0,0,0,0,COL
1156,2039,2012,Keyon Dooling,keyon-dooling,55,G,195,5/8/1980,33,12,Missouri,75,728,86,14133,1810,4356,0.416,446,1277,0.349,1001,1253,0.799,132,832,964,1601,463,75,803,1221,5067,0.007,-0.001,0.1,59,40,1659,223,543,0.411,67,198,0.338,156,345,0.452,0.472,203,277,0.733,24,60,142,198,76,29,134,103,716,0.07,0.061,0.069,0.025,COL
1157,201985,2012,AJ Price,aj-price,12,G,185,10/7/1986,26,3,Connecticut,74,261,25,3929,549,1444,0.38,218,690,0.316,207,279,0.742,68,309,377,567,125,9,229,237,1523,-0.029,-0.025,-0.053,99,91,2914,429,1039,0.413,158,433,0.365,271,606,0.447,0.489,268,371,0.722,79,253,332,469,104,5,235,136,1284,0.05,0.129,0.067,0.056,COL
1158,1894,2012,Corey Maggette,corey-maggette,50,F,225,11/12/1979,33,13,Duke,78,827,478,23361,4065,8969,0.453,463,1431,0.324,4605,5599,0.822,915,3107,4022,1696,590,139,1874,2338,13198,-0.025,0.021,0.071,39,3,691,137,261,0.525,29,84,0.345,108,177,0.61,0.58,111,155,0.716,151,59,29,,,15,80,99,414,0,0,0,0,COL
1159,200748,2012,Tyrus Thomas,tyrus-thomas,12,F,225,8/17/1986,26,6,Louisiana State,82,402,129,7932,1147,2620,0.438,8,34,0.235,791,1080,0.732,550,1388,1938,347,328,525,527,989,3093,-0.034,0,0.119,32,21,829,152,250,0.608,1,1,1,151,249,0.606,0.61,90,137,0.657,90,205,295,42,33,99,59,82,395,0,0,0,0,COL
1160,956,2011,Erick Dampier,erick-dampier,25,C,265,7/14/1975,36,15,Mississippi State,83,987,771,24001,2784,5595,0.498,2,16,0.125,1739,2779,0.626,2723,4282,7005,817,330,1398,1435,2869,7309,0.108,0,-0.011,93,89,2643,481,819,0.587,0,0,,481,819,0.587,0.587,269,475,0.566,859,128,58,,,249,243,267,1231,0.089,0,0.089,0.121,COL
1161,201157,2011,Sean Williams,sean-williams,56,F-C,235,9/13/1986,25,3,Boston College,82,137,29,1979,229,448,0.511,0,1,0,123,197,0.624,183,289,472,47,47,162,120,324,581,-0.027,0,0.003,69,15,1414,138,239,0.577,0,0,,138,239,0.577,0.577,101,167,0.605,109,181,290,44,42,193,82,183,377,0.104,0,0.104,0.186,COL
1162,201623,2011,Semih Erden,semih-erden,9,C,240,7/28/1986,25,1,Fenerbahce,84,69,17,927,101,185,0.546,0,0,0,60,101,0.594,57,133,190,29,25,29,50,164,262,-0.034,0,-0.024,499,196,7994.9,1277,2206,0.579,1,5,0.2,,,,,776,1449,0.536,643,1334,1977,309,206,272,638,1126,3329,0.271,0,,0.349,INT
1163,1515,2011,Anthony Parker,anthony-parker,18,G,210,6/19/1975,37,8,Bradley,78,494,423,13751,1661,3744,0.444,596,1474,0.404,560,705,0.794,241,1333,1574,1129,439,85,495,792,4478,0.046,0.087,0.145,112,107,3603,524,1173,0.447,195,515,0.379,329,658,0.5,0.53,440,587,0.75,643,355,159,,,78,277,221,1683,0.048,0.132,0.043,0.097,COL
1164,202396,2011,Samardo Samuels,samardo-samuels,24,C,260,1/9/1989,23,1,Louisville,81,109,11,1722,237,532,0.445,0,4,0,164,251,0.653,148,218,366,45,38,41,115,231,638,-0.011,0,0.035,70,70,1897,339,618,0.549,0,1,0,339,617,0.549,0.549,264,383,0.689,200,212,412,74,42,86,161,198,942,0.054,0,0.056,0.039,COL
1165,202376,2011,Luke Harangody,luke-harangody,44,F,245,1/2/1988,24,1,Notre Dame,79,70,1,871,102,271,0.376,21,87,0.241,28,38,0.737,60,136,196,36,21,20,20,97,253,-0.015,-0.005,0,129,108,3769,936,1968,0.476,42,129,0.326,894,1839,0.486,0.486,562,719,0.782,388,834,1222,210,99,95,231,315,2476,0.041,0.059,0.054,0.053,COL
1166,201208,2011,Darryl Watkins,darryl-watkins,31,C,258,11/8/1984,27,1,Syracuse,83,14,0,168,12,29,0.414,0,0,0,11,23,0.478,13,26,39,3,7,6,15,22,35,0,0,0,106,67,2453,248,463,0.536,0,0,,248,463,0.536,0.536,137,253,0.542,234,380,614,61,93,263,133,302,633,0.252,0,0.252,0.112,COL
1167,2243,2011,Brian Scalabrine,brian-scalabrine,24,F,235,3/18/1978,34,10,Southern California,81,520,61,6772,590,1512,0.39,180,523,0.344,234,299,0.783,275,759,1034,436,157,121,341,819,1594,0.045,-0.008,-0.046,92,91,3037,528,1030,0.513,46,134,0.343,482,896,0.538,0.535,339,440,0.77,141,241,560,249,89,81,312,248,1441,0.053,0.1,0.039,0.086,COL
1168,101235,2011,Kelenna Azubuike,kelenna-azubuike,4,G,215,12/16/1983,28,4,Kentucky,77,208,84,5024,802,1748,0.459,210,514,0.409,364,473,0.77,257,572,829,230,130,103,203,408,2178,0.014,-0.021,-0.012,97,65,2174,354,730,0.485,95,255,0.373,259,475,0.545,0.55,167,222,0.752,144,219,363,98,71,29,122,154,970,0.024,0.042,0.06,0.092,COL
1169,201146,2011,Yi Jianlian,jianlian-yi,9,F,250,10/27/1987,24,4,Guangdong,84,272,163,6037,813,2012,0.404,75,225,0.333,447,573,0.78,379,960,1339,192,136,184,302,618,2148,-0.017,0.056,-0.061,421,417,13776,3316,6172,0.537,353,953,0.37,,,,,2203,2920,0.754,1086,3216,4302,571,590,517,751,924,4603,0.146,0.127,,0.1,INT
1170,2753,2011,Delonte West,delonte-west,13,G,180,7/26/1983,28,7,St. Joseph's,75,432,258,11840,1601,3571,0.448,376,1012,0.372,620,751,0.826,213,1052,1265,1540,465,179,702,828,4198,0.018,0.012,0.111,89,56,2384,450,920,0.489,113,300,0.377,337,620,0.544,0.551,222,267,0.831,93,284,377,270,121,15,176,167,1235,0.041,0.038,0.047,0.225,COL
1171,202346,2011,Dominique Jones,dominique-jones,20,G,215,10/15/1988,23,1,South Florida,77,80,4,741,83,227,0.366,2,21,0.095,78,107,0.729,33,81,114,144,29,10,76,64,246,0.055,0,-0.073,95,94,3470,592,1339,0.442,160,495,0.323,432,844,0.512,0.502,453,615,0.737,142,375,517,328,144,39,249,245,1797,0.041,0.044,0.044,0.051,COL
1172,2073,2011,Brian Cardinal,brian-cardinal,35,F,240,5/2/1977,35,11,Purdue,80,456,37,6473,664,1628,0.408,243,653,0.372,537,624,0.861,286,764,1050,465,295,69,330,890,2108,0.085,-0.068,-0.009,132,125,3693,495,1074,0.461,130,356,0.365,365,718,0.508,0.521,464,610,0.761,61,142,749,277,259,44,253,409,1584,0.098,0.096,0.096,0.082,COL
1173,201164,2011,Rudy Fernandez,rudy-fernandez,5,G,185,4/4/1985,27,3,DKV Joventut,78,249,10,5964,740,1853,0.399,413,1147,0.36,361,430,0.84,128,480,608,554,249,40,286,369,2254,-0.026,-0.039,0.001,244,209,6622.2,1101,2385,0.462,462,1216,0.38,,,,,816,961,0.849,254,612,866,679,455,83,466,547,3480,0.026,0.101,,0.118,INT
1174,201187,2011,Dominic McGuire,dominic-mcguire,5,F,235,10/20/1985,26,4,Fresno State,81,342,84,5349,388,927,0.419,3,16,0.188,160,243,0.658,344,825,1169,422,154,184,242,501,939,0.04,0,0.257,86,59,2153,284,615,0.462,24,95,0.253,260,520,0.5,0.481,153,275,0.556,148,392,540,172,55,167,207,195,745,0.11,0,0.073,0.165,COL
1175,1630,2011,Mikki Moore,mikki-moore,31,F-C,225,11/4/1975,36,12,Nebraska,84,564,181,10256,1269,2304,0.551,2,13,0.154,717,965,0.743,777,1419,2196,409,179,306,537,1541,3257,-0.07,0,-0.045,114,86,2854,374,676,0.553,3,12,0.25,371,664,0.559,0.555,235,359,0.655,661,105,88,,,236,194,324,986,0.086,0,0.076,0.15,COL
1176,1863,2011,Earl Boykins,earl-boykins,6,G,133,6/2/1976,36,12,Eastern Michigan,65,652,34,12965,2076,4980,0.417,384,1104,0.348,1255,1433,0.876,275,602,877,2092,390,34,756,659,5791,-0.058,-0.038,0.096,122,61,4240,759,1728,0.439,181,513,0.353,578,1215,0.476,0.492,512,638,0.803,277,624,222,,,10,262,144,2211,0.059,0.107,0.065,0.149,COL
1177,101155,2011,Ryan Gomes,ryan-gomes,15,F,245,9/1/1982,29,6,Providence,79,487,371,13463,1891,4249,0.445,334,956,0.349,810,1014,0.799,617,1622,2239,712,351,78,550,942,4926,-0.042,-0.031,0.048,116,115,4077,784,1510,0.519,81,230,0.352,703,1280,0.549,0.546,489,620,0.789,387,641,1028,270,181,50,267,244,2138,0.063,0.047,0.027,0.257,COL
1178,2250,2011,Bobby Simmons,bobby-simmons,21,F,235,6/2/1980,32,8,DePaul,78,466,228,11509,1551,3552,0.437,378,955,0.396,709,862,0.823,559,1232,1791,710,396,83,522,1153,4189,-0.016,-0.031,0.092,93,92,2939,403,941,0.428,121,366,0.331,282,575,0.49,0.493,336,429,0.783,179,331,700,207,124,17,236,271,1263,0.088,0.093,0.093,0.041,COL
1179,2211,2011,Troy Murphy,troy-murphy,14,F-C,245,5/2/1980,32,10,Notre Dame,83,729,482,19921,2848,6400,0.445,613,1578,0.388,1551,1977,0.785,1373,4335,5708,1088,478,294,886,1890,7860,0.024,-0.01,0.006,94,93,3298,680,1370,0.496,64,191,0.335,616,1179,0.522,0.52,587,755,0.777,180,477,924,158,113,126,284,274,2011,0.067,0.023,0.048,0.067,COL
1180,201963,2011,Christian Eyenga,christian-eyenga,88,F,210,6/22/1989,23,1,DKV Joventut,79,51,18,1049,136,331,0.411,26,94,0.277,22,36,0.611,31,106,137,40,37,33,50,85,320,-0.014,0,0,503,343,11755.6,1819,3892,0.467,274,930,0.295,,,,,767,1230,0.624,458,1350,1808,720,390,413,756,1071,4681,0.191,0.206,,0.182,INT
1181,202354,2011,Dexter Pittman,dexter-pittman,45,C,285,3/2/1988,24,1,Texas,83,50,6,346,49,109,0.45,0,0,0,18,33,0.545,38,51,89,9,8,8,22,83,116,0,0,0,134,59,1629,337,541,0.623,0,0,,337,541,0.623,0.623,208,346,0.601,268,261,529,38,33,124,143,264,882,0.095,0,0.095,0.22,COL
1182,201972,2011,Jon Brockman,jon-brockman,40,F,255,3/20/1987,25,2,Washington,79,150,10,1569,118,242,0.488,0,1,0,84,136,0.618,212,260,472,49,33,9,57,267,320,-0.046,0,0.039,131,129,3760,718,1345,0.534,0,1,0,718,1344,0.534,0.534,369,603,0.612,487,796,1283,133,111,18,271,370,1805,0.032,0,0.032,0.148,COL
1183,1802,2011,Brad Miller,brad-miller,52,C-F,261,4/12/1976,36,13,Purdue,84,868,598,24538,3446,7174,0.48,201,610,0.33,2631,3273,0.804,1708,4491,6199,2470,639,592,1367,2383,9724,-0.083,0.023,0.008,128,81,3178,490,856,0.572,7,27,0.259,483,829,0.583,0.577,543,720,0.754,862,257,145,,,163,276,351,1530,0.114,0,0.115,0.12,COL
1184,202178,2011,Sundiata Gaines,sundiata-gaines,1,G,200,4/18/1986,26,2,Georgia,73,113,12,1310,182,458,0.397,44,146,0.301,100,178,0.562,46,129,175,207,83,3,93,100,508,-0.065,0.032,0.061,123,123,3904,506,1230,0.411,121,400,0.303,385,830,0.464,0.461,336,569,0.591,234,440,674,476,259,25,321,256,1469,0.075,0.096,0.081,0.069,COL
1185,202356,2011,Armon Johnson,armon-johnson,7,G,195,2/23/1989,23,1,Nevada,75,47,0,401,66,144,0.458,6,15,0.4,19,28,0.679,12,37,49,56,10,1,44,40,157,0.002,0,0,101,99,3299,546,1168,0.467,70,242,0.289,476,926,0.514,0.497,279,372,0.75,78,292,370,445,83,25,276,171,1441,0.064,0.107,0.075,0.111,COL
1186,200749,2011,Shelden Williams,shelden-williams,33,C-F,250,10/21/1983,28,5,Duke,81,361,104,5586,590,1276,0.462,2,9,0.222,436,589,0.74,529,1033,1562,163,179,164,304,733,1618,0.003,0,-0.03,139,128,3903,687,1202,0.572,4,12,0.333,683,1190,0.574,0.573,550,792,0.694,447,815,1262,119,161,422,321,432,1928,0.07,0,0.07,0.099,COL
1187,1710,2011,Mike Bibby,mike-bibby,20,G,195,5/13/1978,34,13,Arizona,74,1001,950,33958,5410,12412,0.436,1517,3999,0.379,2361,2943,0.802,529,2574,3103,5517,1172,149,2134,1931,14698,0.005,0.181,0.048,69,69,2229,360,789,0.456,144,369,0.39,216,420,0.514,0.548,197,270,0.73,215,377,160,,,14,178,134,1061,0.019,0.007,0.029,0.054,COL
1188,2429,2011,Dan Gadzuric,dan-gadzuric,50,C,240,2/2/1978,34,9,UCLA,83,527,164,7791,1049,2100,0.5,0,8,0,367,737,0.498,910,1416,2326,196,242,448,357,1250,2465,0.012,0,-0.019,122,102,2946,548,1000,0.548,0,1,0,548,999,0.549,0.548,191,425,0.449,284,476,896,75,88,184,216,342,1287,0.031,0,0.031,0.114,COL
1189,1884,2011,Baron Davis,baron-davis,85,G,212,4/13/1979,33,12,UCLA,75,835,692,28594,4888,11951,0.409,1332,4159,0.32,2339,3292,0.711,762,2421,3183,6025,1530,360,2308,2361,13447,-0.012,0.097,0.082,59,57,1831,287,571,0.503,59,180,0.328,228,391,0.583,0.554,169,268,0.631,226,299,145,,,22,188,207,802,0.048,0.035,0.076,0.077,COL
1190,101144,2011,Von Wafer,von-wafer,1,G,209,7/21/1985,26,6,Florida State,77,200,14,2473,390,928,0.42,102,314,0.325,172,229,0.751,38,196,234,146,73,19,128,155,1054,0.254,0.184,0.004,61,22,1318,214,528,0.405,108,296,0.365,106,232,0.457,0.508,79,118,0.669,22,111,133,84,54,13,85,83,615,0.068,0.07,0.072,0.121,COL
1191,1902,2011,Jeff Foster,jeff-foster,10,F-C,250,1/16/1977,35,12,Southwest Texas State,83,764,345,15744,1472,2961,0.497,7,54,0.13,796,1295,0.615,2101,3147,5248,703,507,308,613,1921,3747,-0.068,0,-0.065,111,,2579,400,788,0.508,4,4,1,396,784,0.505,0.51,280,438,0.639,140,176,931,131,99,111,196,240,1084,0.089,0,0.097,0.206,COL
1192,201178,2011,Kyrylo Fesenko,kyrylo-fesenko,44,C,280,12/24/1986,25,4,Ukraine,85,135,7,1106,125,252,0.496,0,2,0,55,134,0.41,97,172,269,40,19,53,66,224,305,-0.077,0,0.062,245,153,4966.2,979,1537,0.637,0,5,0,,,,,629,1139,0.552,679,1028,1707,246,97,278,462,591,2587,0.072,0,,0.227,INT
1193,1499,2011,Tony Battie,tony-battie,4,C,240,2/11/1976,36,13,Texas Tech,83,837,429,17651,2143,4387,0.488,12,74,0.162,784,1137,0.69,1376,2911,4287,522,420,713,704,2203,5082,0.039,0,-0.008,87,57,2152,367,673,0.545,10,36,0.278,357,637,0.56,0.553,185,285,0.649,724,72,56,,,162,140,223,929,0.089,0,0.066,0.035,COL
1194,202342,2011,Craig Brackins,craig-brackins,33,F,230,10/9/1987,24,1,Iowa State,82,17,1,120,13,49,0.265,3,14,0.214,1,2,0.5,7,12,19,9,1,1,4,9,30,0,0,0,96,95,3052,572,1285,0.445,69,236,0.292,503,1049,0.48,0.472,326,449,0.726,163,573,736,153,52,99,196,188,1539,0.055,0.03,0.061,0.063,COL
1195,2735,2011,Josh Childress,josh-childress,1,F,210,6/20/1983,29,5,Stanford,80,391,70,10432,1343,2571,0.522,99,301,0.329,763,980,0.779,732,1118,1850,609,339,184,439,725,3548,0.052,0.112,-0.042,86,57,2458,386,881,0.438,104,310,0.335,282,571,0.494,0.497,185,245,0.755,161,422,583,155,77,95,150,182,1061,0.086,0.12,0.068,0.127,COL
1196,101124,2011,Hakim Warrick,hakim-warrick,21,F,219,7/8/1982,29,6,Syracuse,81,526,108,10624,1776,3627,0.49,21,110,0.191,1374,1892,0.726,692,1425,2117,400,218,154,624,969,4947,0.042,-0.017,0.065,135,119,4186,767,1432,0.536,10,40,0.25,757,1392,0.544,0.539,529,803,0.659,386,639,1025,207,131,128,313,328,2073,0.04,0,0.047,0.309,COL
1197,2072,2011,Michael Redd,michael-redd,22,G,215,8/24/1979,32,11,Ohio State,78,629,429,20104,4207,9405,0.447,1045,2751,0.38,2513,2998,0.838,622,1789,2411,1338,579,66,963,1002,11972,-0.035,-0.063,0.048,96,96,3324,699,1562,0.448,126,395,0.319,573,1167,0.491,0.488,355,547,0.649,207,386,593,238,149,11,255,184,1879,0.03,0.038,0.032,0.162,COL
1198,201938,2011,Jonny Flynn,jonny-flynn,3,G,185,2/6/1989,23,2,Syracuse,72,163,90,3738,551,1379,0.4,118,349,0.338,284,351,0.809,44,263,307,634,122,7,382,179,1504,-0.022,-0.021,-0.023,73,73,2661,410,892,0.46,101,303,0.333,309,589,0.525,0.516,290,371,0.782,44,154,198,439,107,12,224,106,1211,0.001,0.031,0.008,0.011,COL
1199,703,2011,Kurt Thomas,kurt-thomas,40,C-F,230,10/4/1972,39,16,TCU,81,1110,650,27162,3836,7894,0.486,9,32,0.281,1292,1701,0.76,1922,5406,7328,1204,724,841,1241,3579,8973,-0.015,0,0.094,87,54,2066,578,1103,0.524,15,60,0.25,563,1043,0.54,0.531,341,500,0.682,782,108,87,,,166,194,283,1512,0.061,0,0.067,0.069,COL
1200,200783,2011,Craig Smith,craig-smith,83,F,265,11/10/1983,28,5,Boston College,79,403,49,6825,1221,2207,0.553,1,27,0.037,637,963,0.661,543,1024,1567,322,183,91,413,957,3080,0.022,0,0.037,130,127,4415,921,1650,0.558,16,67,0.239,905,1583,0.572,0.563,491,764,0.643,389,725,1114,245,167,100,293,374,2349,0.099,0,0.1,0.108,COL
1201,202351,2011,Lazar Hayward,lazar-hayward,11,F,225,11/26/1986,25,1,Marquette,78,72,0,591,70,202,0.347,21,78,0.269,46,60,0.767,25,65,90,35,17,8,28,65,207,-0.003,0,0,138,118,3648,667,1476,0.452,169,473,0.357,498,1003,0.497,0.509,356,451,0.789,298,612,910,122,158,43,230,371,1859,0.046,0.243,0.047,0.176,COL
1202,201814,2011,Gary Forbes,gary-forbes,3,F,220,2/25/1985,27,1,Massachusetts,79,111,13,1503,236,544,0.434,48,141,0.34,125,178,0.702,55,163,218,103,47,10,100,133,645,-0.02,0.012,0.024,129,80,3528,585,1374,0.426,125,418,0.299,460,956,0.481,0.471,344,527,0.653,198,506,704,261,120,88,302,297,1639,0.059,0.051,0.068,0.213,COL
1203,202386,2011,Ben Uzoh,ben-uzoh,18,G,205,3/18/1988,24,1,Tulsa,75,60,8,807,96,243,0.395,3,9,0.333,44,75,0.587,49,79,128,130,30,11,44,60,239,-0.041,0,0,141,140,4549,657,1448,0.454,173,496,0.349,484,952,0.508,0.513,464,593,0.782,176,529,705,425,162,99,334,245,1951,0.076,0.064,0.148,0.047,COL
1204,2048,2011,Jamaal Magloire,jamaal-magloire,21,C,265,5/21/1978,34,11,Kentucky,83,680,314,14621,1763,3675,0.48,0,7,0,1391,2176,0.639,1418,2990,4408,386,224,603,998,1792,4917,0.027,0,-0.017,145,72,2839,394,784,0.503,0,0,,394,784,0.503,0.503,276,434,0.636,116,184,789,62,68,268,247,389,1064,0.044,0,0.044,0.136,COL
1205,202374,2011,Solomon Alabi,solomon-alabi,50,C,252,3/21/1988,24,1,Florida State,85,26,0,181,16,51,0.314,0,0,0,7,10,0.7,22,39,61,5,4,11,8,16,39,0,0,0,77,68,1692,270,506,0.534,0,1,0,270,505,0.535,0.534,164,220,0.745,162,253,415,28,39,159,128,158,704,0.056,0,0.058,0.114,COL
1206,201336,2011,Blake Ahearn,blake-ahearn,2,G,190,5/27/1984,28,2,Missouri State,74,19,0,226,21,77,0.273,14,47,0.298,32,33,0.97,1,21,22,22,7,0,22,27,88,0,0,0,129,84,3418,483,1142,0.423,276,676,0.408,207,466,0.444,0.544,435,460,0.946,33,188,221,231,94,6,213,163,1677,0.078,0.087,0.105,0.05,COL
1207,2572,2011,Josh Howard,josh-howard,8,F,210,4/28/1980,32,8,Wake Forest,79,507,403,15350,2759,6161,0.448,342,1029,0.332,1410,1830,0.77,846,2040,2886,817,530,276,723,1297,7270,0.015,0.025,0.07,127,119,3536,645,1335,0.483,109,309,0.353,536,1026,0.522,0.524,362,511,0.708,351,485,836,239,215,143,275,373,1761,0.044,0.105,0.066,0.25,COL
1208,1952,2011,Raja Bell,raja-bell,19,G,210,9/19/1976,35,11,Florida International,77,706,479,19816,2581,5949,0.434,956,2357,0.406,880,1101,0.799,408,1560,1968,1208,484,130,695,1840,6998,0.005,0.134,0.053,116,50,3667,605,1390,0.435,157,448,0.35,448,942,0.476,0.492,347,476,0.729,35,92,483,233,124,18,273,169,1714,0.051,0.107,0.125,0.106,COL
1209,2240,2011,Gilbert Arenas,gilbert-arenas,10,G,215,1/6/1982,30,10,Arizona,76,552,455,19348,3722,8850,0.421,1079,3077,0.351,2879,3584,0.803,444,1724,2168,2909,884,134,1744,1683,11402,-0.037,0.001,0.028,70,64,2137,395,847,0.466,107,296,0.361,288,551,0.523,0.53,208,282,0.738,68,201,269,155,136,16,188,165,1105,0.026,0.124,0.008,0.026,COL
1210,101189,2011,James Singleton,james-singleton,3,F,230,7/20/1981,30,4,Murray State,80,243,19,3254,362,783,0.462,35,120,0.292,195,234,0.833,321,589,910,109,97,117,140,390,954,-0.067,-0.206,0.049,60,53,1884,298,526,0.567,18,42,0.429,280,484,0.579,0.584,197,248,0.794,219,413,632,90,68,114,118,181,811,0.056,0,0.05,0.013,COL
1211,2230,2011,Maurice Evans,maurice-evans,6,G-F,220,11/8/1978,33,8,Texas,77,562,123,10917,1429,3231,0.442,426,1172,0.363,463,590,0.785,559,825,1384,420,294,88,278,956,3747,0.003,0.036,0.029,93,80,2786,522,1208,0.432,204,534,0.382,318,674,0.472,0.517,291,387,0.752,72,107,450,129,97,52,216,270,1539,0.078,0.092,0.074,0.119,COL
1212,201165,2011,Morris Almond,morris-almond,21,G,225,2/2/1985,27,2,Rice,78,38,1,360,43,113,0.381,7,24,0.292,26,35,0.743,10,36,46,12,12,4,19,42,119,0,0,0,121,56,3279,627,1275,0.492,153,352,0.435,474,923,0.514,0.552,418,507,0.824,121,298,419,119,89,65,262,207,1825,0.07,0.184,0.049,0.053,COL
1213,2567,2011,Brian Cook,brian-cook,43,C-F,250,12/4/1980,31,8,Illinois,81,421,74,5647,915,2083,0.439,262,686,0.382,220,281,0.783,308,807,1115,252,135,134,252,789,2312,-0.048,-0.014,0.029,132,116,3389,635,1246,0.51,94,277,0.339,541,969,0.558,0.547,384,484,0.793,228,587,815,171,92,136,266,394,1748,0.067,0.065,0.091,0.259,COL
1214,201974,2011,Derrick Brown,derrick-brown,4,F,233,9/8/1987,24,2,Xavier,80,171,18,2554,354,687,0.515,13,41,0.317,174,273,0.637,167,246,413,119,89,32,109,208,895,0.057,0,-0.045,106,72,2647,395,689,0.573,54,130,0.415,341,559,0.61,0.612,252,351,0.718,203,392,595,158,75,81,170,265,1096,0.202,0.089,0.193,0.041,COL
1215,2059,2011,Eduardo Najera,eduardo-najera,21,F,235,7/11/1976,35,11,Oklahoma,80,619,85,11212,1204,2505,0.481,110,354,0.311,534,796,0.671,897,1410,2307,493,446,231,402,1378,3052,-0.048,0.036,0.246,126,102,3856,612,1423,0.43,85,295,0.288,527,1128,0.467,0.46,337,504,0.669,98,216,910,215,193,89,257,364,1646,0.051,0.122,0.077,0.062,COL
1216,2679,2011,Matt Carroll,matt-carroll,33,G,212,8/28/1980,31,8,Notre Dame,78,459,84,7587,1030,2496,0.413,344,896,0.384,609,724,0.841,147,716,863,313,223,60,297,704,3013,0.021,0.049,-0.014,133,125,4147,628,1412,0.445,301,762,0.395,327,650,0.503,0.551,293,355,0.825,106,464,570,314,119,24,229,270,1850,0.066,0.062,0.073,0.075,COL
1217,2041,2010,Etan Thomas,etan-thomas,36,C,260,4/1/1978,33,8,Syracuse,82,409,74,7086,890,1734,0.513,0,0,0,561,930,0.603,677,1250,1927,149,128,427,385,889,2341,-0.023,0,0.046,122,109,3272,495,825,0.6,0,0,,495,825,0.6,0.6,350,585,0.598,100,169,847,51,85,424,206,341,1340,0.083,0,0.083,0.213,COL
1218,2420,2010,Nenad Krstic,nenad-krstic,4,C,240,7/25/1983,27,6,Partizan,84,419,373,10548,1724,3493,0.494,2,14,0.143,760,1041,0.73,772,1489,2261,346,162,286,497,1251,4210,0.003,0,0.01,25,17,648.8,103,192,0.536,0,1,0,,,,,82,118,0.695,49,72,121,15,18,21,28,94,288,0.111,0,,0.004,INT
1219,406,2010,Shaquille O'Neal,shaquille-oneal,36,C,325,3/6/1972,39,18,Louisiana State,85,1207,1197,41916,11330,19457,0.582,1,22,0.045,5935,11252,0.527,4209,8890,13099,3026,739,2732,3310,4146,28596,0.021,0,-0.065,90,,2741,786,1289,0.61,0,0,,786,1289,0.61,0.61,369,642,0.575,1217,152,108,,,412,295,287,1941,0.055,0,0.055,0.11,COL
1220,2306,2010,Carlos Arroyo,carlos-arroyo,45,G,200,7/30/1979,31,8,Florida International,74,569,191,9906,1431,3269,0.438,137,405,0.338,771,956,0.806,210,755,965,1761,290,26,680,874,3770,-0.014,0.027,-0.015,100,51,3275,562,1264,0.445,174,512,0.34,388,752,0.516,0.513,303,431,0.703,33,124,301,459,177,11,194,118,1601,0.033,0.08,0.076,0.135,COL
1221,101121,2010,Joey Graham,joey-graham,12,F,230,6/11/1982,29,5,Oklahoma State,79,377,84,6116,857,1776,0.483,54,180,0.3,471,578,0.815,272,786,1058,207,134,43,309,804,2239,0.005,-0.015,0.003,128,109,3337,597,1132,0.527,71,188,0.378,526,944,0.557,0.559,402,497,0.809,211,456,667,210,100,33,279,371,1667,0.102,0.271,0.048,0.178,COL
1222,2431,2010,David Andersen,david-andersen,11,C,247,6/23/1980,31,19,FC Barcelona,83,103,0,1263,203,461,0.44,35,101,0.347,60,89,0.674,74,218,292,57,20,21,59,159,501,0.013,0.001,-0.013,620,357,12974.4,2299,4857,0.473,394,984,0.4,,,,,1162,1442,0.806,733,2155,2888,653,302,187,835,1399,6154,0.158,0.204,,0.448,INT
1223,2556,2010,Marcus Banks,marcus-banks,15,G,205,11/19/1981,29,7,UNLV,74,348,37,5565,741,1715,0.432,125,382,0.327,454,591,0.768,100,419,519,728,266,57,436,674,2061,0.04,0.036,0.023,63,63,2160,381,770,0.495,65,197,0.33,316,573,0.551,0.537,312,427,0.731,48,162,210,269,158,10,225,183,1139,0.044,0.016,0.07,0.053,COL
1224,201151,2010,Acie Law,acie-law,2,G,202,1/25/1985,26,3,Texas A&M,75,188,8,2384,263,637,0.413,27,115,0.235,172,221,0.778,33,162,195,309,83,4,145,193,725,0.025,0.011,-0.02,122,106,3760,605,1298,0.466,114,319,0.357,491,979,0.502,0.51,345,454,0.76,56,323,379,545,156,2,299,323,1669,0.113,0.242,0.083,0.062,COL
1225,201154,2010,Al Thornton,al-thornton,23,F,235,12/7/1983,27,3,Florida State,80,296,167,8274,1368,3029,0.452,78,266,0.293,713,954,0.747,392,841,1233,353,185,152,424,771,3527,0.029,-0.049,0.004,124,69,2723,546,1034,0.528,63,144,0.438,483,890,0.543,0.559,366,522,0.701,258,383,641,87,103,74,215,280,1521,0.026,0.032,0.04,0.29,COL
1226,2294,2010,Charlie Bell,charlie-bell,34,G,200,3/12/1979,32,6,Michigan State,75,376,137,9365,1192,2891,0.412,438,1213,0.361,382,497,0.769,180,634,814,857,303,31,362,750,3204,-0.026,-0.06,0.062,140,135,3699,519,1183,0.439,125,364,0.343,394,819,0.481,0.492,305,390,0.782,89,256,624,371,124,18,253,285,1468,0.075,0.017,0.062,0.048,COL
1227,101113,2010,Ike Diogu,ike-diogu,50,F,250,9/11/1983,27,4,Arizona State,81,225,18,2795,488,958,0.509,1,2,0.5,371,472,0.786,275,414,689,69,36,65,200,425,1348,-0.017,0,-0.024,91,91,3190,617,1080,0.571,41,106,0.387,576,974,0.591,0.59,671,854,0.786,306,496,802,113,39,153,305,258,1946,0.078,0.022,0.077,0.08,COL
1228,693,2010,Joe Smith,joe-smith,1,F-C,225,7/26/1975,35,15,Maryland,82,1030,618,27021,4325,9512,0.455,30,126,0.238,2528,3200,0.79,2456,4119,6575,1010,606,868,1290,2974,11208,-0.003,-0.06,0.014,64,64,2098,451,819,0.551,11,26,0.423,440,793,0.555,0.557,377,511,0.738,683,65,93,,,190,131,191,1290,0.056,0,0.063,0.007,COL
1229,201234,2010,Trey Johnson,trey-johnson,10,G-F,218,8/30/1984,26,1,Jackson State,77,23,0,169,20,52,0.385,1,3,0.333,18,19,0.947,5,15,20,15,2,1,11,26,59,0.016,0,0,96,92,3271,667,1556,0.429,180,471,0.382,487,1085,0.449,0.487,502,668,0.751,113,271,384,241,78,5,284,179,2016,0.041,0.108,0.047,0.038,COL
1230,689,2010,Theo Ratliff,theo-ratliff,50,C,235,4/17/1973,38,15,Wyoming,82,810,533,18850,2207,4451,0.496,0,2,0,1395,1965,0.71,1543,3053,4596,465,393,1968,1001,2288,5809,-0.061,0,-0.002,111,76,2926,421,769,0.547,1,7,0.143,420,762,0.551,0.548,299,492,0.608,655,74,62,,,425,207,322,1142,0.131,0,0.133,0.132,COL
1231,2067,2010,Eddie House,eddie-house,55,G,190,5/14/1978,33,10,Arizona State,73,717,31,12404,2078,5077,0.409,817,2096,0.39,383,450,0.851,164,1059,1223,1112,470,58,569,927,5356,-0.011,0.043,0.169,124,114,4136,763,1794,0.425,250,683,0.366,513,1111,0.462,0.495,268,336,0.798,50,125,502,405,258,19,238,299,2044,0.016,0.083,0.062,0.192,COL
1232,201238,2010,Mario West,mario-west,6,G,210,6/19/1984,27,3,Georgia Tech,77,162,9,796,56,125,0.448,2,10,0.2,40,71,0.563,60,82,142,51,45,8,31,134,154,0.019,0,-0.1,103,21,1435,118,251,0.47,15,52,0.288,103,199,0.518,0.5,82,121,0.678,76,157,233,87,119,21,90,207,333,0.134,0,0.19,0.072,COL
1233,101211,2010,Stephen Graham,stephen-graham,26,G-F,215,6/11/1982,29,5,Oklahoma State,78,239,43,2914,378,848,0.446,53,172,0.308,157,205,0.766,77,347,424,117,57,19,155,352,966,0.021,-0.004,-0.061,119,33,1862,253,552,0.458,60,156,0.385,193,396,0.487,0.513,174,233,0.747,89,205,294,147,59,14,155,178,740,0.094,0.089,0.192,0.137,COL
1234,1853,2010,Anthony Carter,anthony-carter,25,G,195,6/16/1975,36,11,Hawaii,74,623,181,12186,1230,3043,0.404,116,464,0.25,433,613,0.706,244,1058,1302,2363,601,115,958,1103,3009,0.01,0.143,-0.052,58,29,2046,402,848,0.474,66,200,0.33,336,648,0.519,0.513,200,280,0.714,259,403,142,,,25,136,86,1070,0.042,0.047,0.03,0.137,COL
1235,200764,2010,Renaldo Balkman,renaldo-balkman,32,F,208,7/14/1984,26,4,South Carolina,80,221,12,3064,368,721,0.51,11,64,0.172,147,271,0.542,278,491,769,132,164,104,134,421,894,0.011,0,-0.031,104,40,2193,317,573,0.553,16,55,0.291,301,518,0.581,0.567,121,227,0.533,222,328,550,176,123,112,172,219,771,0.145,0,0.145,0.026,COL
1236,2124,2010,Malik Allen,malik-allen,35,F,255,6/27/1978,33,9,Villanova,82,478,125,7265,1039,2365,0.439,3,16,0.188,253,325,0.778,466,887,1353,228,130,220,320,897,2334,0.015,0,-0.029,127,61,3062,435,846,0.514,0,0,,435,846,0.514,0.514,261,375,0.696,85,158,708,98,72,191,204,303,1131,0.095,0,0.095,0.372,COL
1237,2551,2010,T.J. Ford,tj-ford,5,G,165,3/24/1983,28,6,Texas,72,429,306,11885,1829,4223,0.433,127,439,0.289,1012,1242,0.815,296,1035,1331,2495,496,55,1047,972,4797,0.049,0.052,-0.001,66,66,2178,282,695,0.406,23,101,0.228,259,594,0.436,0.422,266,332,0.801,43,210,253,527,138,9,238,174,853,0.012,0.113,0.016,0.045,COL
1238,1899,2010,James Posey,james-posey,41,F,217,1/13/1977,34,11,Xavier,80,864,479,23264,2495,6091,0.41,1035,2967,0.349,1394,1701,0.82,755,3306,4061,1413,917,298,981,2330,7419,-0.019,-0.027,0.022,95,41,2912,466,884,0.527,73,222,0.329,393,662,0.594,0.568,450,557,0.808,801,163,214,,,65,248,286,1455,0.072,0.178,0.074,0.043,COL
1239,200780,2010,Solomon Jones,solomon-jones,44,F,245,7/16/1984,26,4,South Florida,82,281,12,3092,301,645,0.467,1,9,0.111,236,329,0.717,257,397,654,99,58,154,161,554,839,-0.04,0,-0.067,59,56,1838,216,428,0.505,0,2,0,216,426,0.507,0.505,149,215,0.693,154,316,470,61,38,153,161,200,581,0.062,0,0.058,0.228,COL
1240,2804,2010,Andres Nocioni,andres-nocioni,5,F,225,11/30/1979,31,6,Tau Ceramica,79,514,203,12014,1932,4478,0.431,587,1574,0.373,964,1206,0.799,354,1941,2295,614,215,228,724,1394,5415,0.03,0.12,0.034,84,64,2308.8,445,920,0.484,120,300,0.4,,,,,220,305,0.721,110,441,551,133,76,67,204,247,1230,0.099,0.063,,0.025,INT
1241,1498,2010,Antonio Daniels,antonio-daniels,22,G,205,3/19/1975,36,12,Bowling Green,76,872,220,19673,2270,5109,0.444,359,1154,0.311,1724,2173,0.793,219,1394,1613,2934,564,85,928,917,6623,0.027,0.101,0.134,111,79,3700,650,1261,0.515,84,212,0.396,566,1049,0.54,0.549,405,534,0.758,321,573,165,,,30,314,167,1789,0.069,0.1,0.068,0.117,COL
1242,2443,2010,Darius Songaila,darius-songaila,25,F,248,2/14/1978,33,7,Wake Forest,81,495,79,9226,1449,2904,0.499,3,19,0.158,514,609,0.844,553,1136,1689,589,324,106,486,1197,3415,0.012,0,0.039,130,120,3401,636,1245,0.511,12,35,0.343,624,1210,0.516,0.516,575,692,0.831,198,450,813,229,141,96,359,431,1859,0.023,0,0.027,0.05,COL
1243,2574,2010,Jason Kapono,jason-kapono,72,F-G,215,2/2/1981,30,7,UCLA,80,509,87,9071,1336,3026,0.442,457,1054,0.434,269,322,0.835,165,679,844,417,180,25,327,777,3398,0.039,-0.041,0.014,127,126,4313,699,1491,0.469,317,710,0.446,382,781,0.489,0.575,380,458,0.83,191,456,647,265,108,8,286,294,2095,0.078,0.076,0.133,0.196,COL
1244,201616,2010,Darnell Jackson,darnell-jackson,41,F,253,11/7/1985,25,2,Kansas,81,138,4,1037,123,274,0.449,4,17,0.235,58,90,0.644,90,113,203,26,24,11,50,159,308,0.008,0,-0.043,125,39,2073,311,536,0.58,2,6,0.333,309,530,0.583,0.582,224,327,0.685,212,400,612,67,64,46,125,221,848,0.121,0,0.128,0.112,COL
1245,686,2010,Antonio McDyess,antonio-mcdyess,34,F-C,245,9/7/1974,36,14,Alabama,81,1015,645,28055,5046,10161,0.497,7,60,0.117,2128,3178,0.67,2478,5160,7638,1300,782,1102,1623,3077,12227,0.011,0,-0.016,59,48,1479,317,595,0.533,0,1,0,317,594,0.534,0.533,120,192,0.625,547,32,57,,,105,131,181,754,0.052,0,0.05,0.134,COL
1246,201153,2010,Julian Wright,julian-wright,14,F,225,5/20/1987,24,3,Kansas,80,231,40,3048,397,795,0.499,16,61,0.262,97,166,0.584,184,347,531,182,132,69,164,182,907,-0.034,-0.15,-0.051,71,52,1711,314,566,0.555,3,16,0.188,311,550,0.565,0.557,107,181,0.591,149,301,450,142,86,91,155,148,738,0.015,0,0.009,0.065,COL
1247,201603,2010,Sonny Weems,sonny-weems,24,F,203,7/8/1986,24,2,Arkansas,78,183,47,3334,514,1106,0.465,34,120,0.283,127,181,0.702,88,314,402,257,84,28,198,268,1189,0.137,0.057,0.046,69,66,2153,358,757,0.473,93,254,0.366,265,503,0.527,0.534,112,146,0.767,111,208,319,162,90,23,183,135,921,0.021,0.009,0.032,0.074,COL
1248,2246,2010,Mehmet Okur,mehmet-okur,13,C-F,265,5/26/1979,32,8,Efes Pilsen,83,634,460,18429,3028,6615,0.458,596,1590,0.375,1909,2396,0.797,1261,3175,4436,1089,329,453,991,1815,8561,0.032,0.036,0.064,12,12,338.5,60,120,0.5,11,24,0.458,,,,,44,58,0.759,31,55,86,14,8,9,17,33,175,0,0,,0,INT
1249,1922,2010,Francisco Elson,francisco-elson,16,C-F,240,2/28/1976,35,7,California,84,472,149,7211,725,1517,0.478,3,16,0.188,273,390,0.7,497,1141,1638,260,228,255,355,1000,1726,-0.005,0,0.044,58,42,1110,133,279,0.477,0,0,,133,279,0.477,0.477,51,100,0.51,288,30,45,,,67,68,167,317,0.082,0,0.082,0.2,COL
1250,200796,2010,Leon Powe,leon-powe,7,F,240,1/22/1984,27,4,California,80,239,19,3319,490,952,0.515,0,5,0,504,739,0.682,380,531,911,78,69,82,189,503,1484,0.067,0,-0.065,54,53,1757,320,650,0.492,3,10,0.3,317,640,0.495,0.495,319,475,0.672,181,348,529,57,43,32,119,129,962,0.008,0,0.01,0.109,COL
1251,201043,2009,Randolph Morris,randolph-morris,33,C,275,1/2/1986,24,3,Kentucky,83,74,2,437,52,122,0.426,0,0,0,36,66,0.545,27,77,104,7,13,7,30,100,140,0.082,0,0.053,89,79,2121,417,721,0.578,0,0,,417,721,0.578,0.578,289,437,0.661,156,375,531,67,70,125,146,250,1123,0.08,0,0.08,0.071,COL
1252,739,2009,Rasheed Wallace,rasheed-wallace,30,F-C,230,9/17/1974,35,14,North Carolina,83,1109,956,36250,6320,13529,0.467,1086,3228,0.336,2280,3162,0.721,1578,5826,7404,1994,1090,1460,1693,3259,16006,-0.022,0.007,0.072,69,41,1762,377,594,0.635,1,4,0.25,376,590,0.637,0.636,144,232,0.621,511,53,41,,,156,101,176,899,0.05,0,0.05,0.027,COL
1253,714,2009,Michael Finley,michael-finley,40,G-F,225,3/6/1973,37,14,Wisconsin,79,1103,875,37995,6696,15095,0.444,1454,3880,0.375,2460,3032,0.811,1121,3683,4804,3245,996,323,1629,1812,17306,-0.032,0.046,0.063,115,112,3945,739,1681,0.44,213,631,0.338,526,1050,0.501,0.503,456,593,0.769,648,371,168,,,78,318,292,2147,0.088,0.08,0.087,0.044,COL
1254,101214,2009,Jawad Williams,jawad-williams,31,F,218,2/19/1983,27,1,North Carolina,81,90,7,1153,127,344,0.369,45,144,0.312,41,57,0.719,24,109,133,56,22,8,35,109,340,-0.026,-0.011,0,128,105,3455,591,1214,0.487,124,355,0.349,467,859,0.544,0.538,320,442,0.724,231,383,614,192,93,86,203,225,1626,0.093,0.077,0.116,0.256,COL
1255,1752,2009,Sean Marks,sean-marks,4,F-C,250,8/23/1975,34,9,California,82,230,11,2276,259,578,0.448,5,25,0.2,115,173,0.665,158,343,501,50,33,87,116,342,638,0.015,0,0.091,86,33,1461,214,439,0.487,10,25,0.4,204,414,0.493,0.499,119,178,0.669,378,47,48,,,71,125,175,557,0.042,0,0.021,0.006,COL
1256,2050,2009,Morris Peterson,morris-peterson,24,G,220,8/26/1977,32,9,Michigan State,79,711,488,19368,2747,6567,0.418,1009,2702,0.373,1125,1456,0.773,569,1914,2483,1090,639,136,716,1606,7628,-0.013,-0.008,0.058,137,62,3075,562,1161,0.484,146,387,0.377,416,774,0.537,0.547,318,426,0.746,79,156,645,127,119,42,202,299,1588,0.12,0.154,0.098,0.262,COL
1257,201570,2009,Joe Alexander,joe-alexander,20,F,230,12/26/1986,23,1,West Virginia,80,67,0,745,103,251,0.41,16,47,0.34,60,86,0.698,46,74,120,44,16,30,52,116,282,0,0,0,82,70,2072,367,821,0.447,51,173,0.295,316,648,0.488,0.478,205,268,0.765,123,270,393,160,49,99,147,183,990,0.037,0.037,0.02,0.178,COL
1258,201633,2009,Rob Kurz,rob-kurz,31,F,232,3/5/1985,25,1,Notre Dame,81,40,5,441,51,131,0.389,15,38,0.395,40,50,0.8,33,48,81,20,14,19,16,78,157,0,0,0,108,75,2517,304,649,0.468,72,176,0.409,232,473,0.49,0.524,333,411,0.81,220,430,650,139,60,122,157,270,1013,0.05,0.046,0.048,0.08,COL
1259,2484,2009,Devin Brown,devin-brown,32,G,210,12/30/1978,31,7,UTSA,77,465,127,9020,1174,2927,0.401,300,888,0.338,704,907,0.776,336,952,1288,679,263,58,505,747,3352,0.118,-0.029,-0.032,105,99,3364,637,1548,0.411,170,551,0.309,467,997,0.468,0.466,478,652,0.733,175,399,751,283,184,43,295,205,1922,0.036,0.114,0.086,0.037,COL
1260,201181,2009,Chris Richard,chris-richard,35,F,256,12/25/1984,25,1,Florida,81,70,3,780,56,116,0.483,0,0,0,23,38,0.605,71,123,194,25,18,16,38,133,135,0.012,0,0,141,4,2203,286,430,0.665,0,0,,286,430,0.665,0.665,125,198,0.631,162,283,445,49,48,59,138,307,697,0.093,0,0.093,0.151,COL
1261,1501,2009,Tim Thomas,tim-thomas,7,F,240,2/26/1977,33,12,Villanova,82,824,408,21338,3458,7922,0.437,962,2609,0.369,1576,2079,0.758,807,2572,3379,1272,609,300,1217,2261,9454,-0.009,0.01,0.013,32,31,1005,187,416,0.45,47,140,0.336,140,276,0.507,0.506,121,152,0.796,193,66,56,,,33,91,88,542,0,0,0,0,COL
1262,201207,2009,Coby Karl,coby-karl,22,G,215,6/8/1983,27,1,Boise State,77,24,1,183,20,58,0.345,6,24,0.25,12,16,0.75,7,25,32,24,7,3,15,18,58,-0.002,0,0,127,111,3767,500,1211,0.413,266,717,0.371,234,494,0.474,0.523,432,549,0.787,87,420,507,408,114,59,337,338,1698,0.023,0.052,0.046,0.092,COL
1263,200792,2009,Alexander Johnson,alexander-johnson,30,F,240,2/8/1983,27,2,Florida State,81,102,25,1301,152,294,0.517,0,0,0,135,201,0.672,82,193,275,30,38,45,89,217,439,-0.021,0,0.011,92,73,1935,306,589,0.52,12,39,0.308,294,550,0.535,0.53,276,414,0.667,159,323,482,64,81,66,238,268,900,0.096,0,0.111,0.131,COL
1264,200839,2009,Mike Harris,mike-harris,33,F,235,6/15/1983,27,1,Rice,78,54,0,495,70,151,0.464,0,5,0,43,55,0.782,51,65,116,12,27,12,30,68,183,-0.052,0,0,121,85,3471,783,1300,0.602,37,96,0.385,746,1204,0.62,0.617,411,562,0.731,372,739,1111,124,137,119,219,274,2014,0.051,0.244,0.05,0.178,COL
1265,1730,2009,Brian Skinner,brian-skinner,8,F-C,255,5/19/1976,34,11,Baylor,81,608,197,10912,1194,2419,0.494,2,6,0.333,486,858,0.566,919,1922,2841,288,256,532,519,1270,2876,0.031,0,-0.056,103,102,3396,673,1171,0.575,0,0,,673,1171,0.575,0.575,356,638,0.558,915,66,116,,,346,198,306,1702,0.048,0,0.048,0.199,COL
1266,200776,2009,Mardy Collins,mardy-collins,25,G,220,8/4/1984,25,3,Temple,78,189,31,2770,296,778,0.38,38,127,0.299,112,187,0.599,91,245,336,327,110,22,203,256,742,0.009,0.064,0.022,125,124,4683,718,1798,0.399,182,624,0.292,536,1174,0.457,0.45,301,482,0.624,155,414,569,398,290,29,255,285,1919,0.062,0.031,0.089,0.079,COL
1267,200747,2009,Adam Morrison,adam-morrison,6,F,205,7/19/1984,25,2,Gonzaga,80,161,28,3277,467,1252,0.373,124,375,0.331,142,200,0.71,82,260,342,222,40,12,172,273,1200,-0.005,-0.005,0.008,95,62,2908,669,1329,0.503,128,348,0.368,541,981,0.551,0.552,401,527,0.761,124,361,485,188,66,35,164,164,1867,0.035,0.124,0.071,0.046,COL
1268,200821,2009,Yakhouba Diawara,yakhouba-diawara,9,F-G,225,8/29/1982,27,3,Pepperdine,79,187,56,2613,233,653,0.357,122,405,0.301,67,103,0.65,77,181,258,122,52,16,72,276,655,0.017,0.015,0.019,45,40,1464,245,537,0.456,34,99,0.343,211,438,0.482,0.488,173,266,0.65,137,133,270,46,38,4,84,124,697,0.078,0.189,0.048,0.171,COL
1269,1747,2009,Rafer Alston,rafer-alston,11,G,175,7/24/1976,33,10,Fresno State,74,671,452,19389,2450,6391,0.383,996,2815,0.354,903,1238,0.729,247,1644,1891,3202,813,105,1195,1408,6799,0.097,0.085,0.111,33,,1030,124,309,0.401,66,196,0.337,58,113,0.513,0.508,50,66,0.758,71,240,70,,,12,111,96,364,0,0,0,0,COL
1270,2056,2009,Primoz Brezec,primoz-brezec,9,C,255,10/2/1979,30,7,Union Olimpija,85,342,214,6191,1012,2034,0.498,1,6,0.167,427,609,0.701,563,764,1327,179,69,134,274,730,2452,0.012,0,0.106,14,6,296.5,50,70,0.714,0,0,0,,,,,24,48,0.5,31,39,70,5,13,14,15,45,124,0,0,,0,INT
1271,200762,2009,Oleksiy Pecherov,oleksiy-pecherov,4,F-C,234,12/8/1985,24,2,Kyiv,84,111,5,1044,160,414,0.386,45,155,0.29,73,92,0.793,88,178,266,20,21,22,59,119,438,0.034,0.007,0.148,23,4,482,93,197,0.472,22,66,0.333,,,,,50,60,0.833,42,102,144,4,9,22,31,41,258,0,0,,0,INT
1272,201605,2009,Nathan Jawai,nathan-jawai,15,F,280,10/10/1986,23,1,Midland (Texas),82,45,2,430,50,115,0.435,0,1,0,26,38,0.684,50,56,106,24,10,9,29,61,126,0,0,0,353,145,5718.3,1102,1933,0.57,0,5,0,,,,,682,995,0.685,472,907,1379,291,127,162,629,871,2892,0.221,0,,0.253,INT
1273,200767,2009,Josh Boone,josh-boone,2,F-C,240,11/21/1984,25,3,Connecticut,82,256,88,4481,567,1042,0.544,0,0,0,206,463,0.445,484,774,1258,125,99,178,169,466,1340,-0.035,0,-0.099,103,100,2672,382,661,0.578,0,0,,382,661,0.578,0.578,195,349,0.559,322,396,718,84,53,222,137,199,959,0.055,0,0.055,0.259,COL
1274,2553,2009,Jarvis Hayes,jarvis-hayes,22,F,228,8/9/1981,28,6,Georgia,80,427,115,9899,1397,3363,0.415,392,1101,0.356,367,460,0.798,244,1086,1330,459,312,56,374,852,3553,0.015,0.051,0.013,84,82,2636,575,1258,0.457,157,426,0.369,418,832,0.502,0.519,203,263,0.772,115,307,422,127,111,39,146,189,1510,0.079,0.098,0.086,0.019,COL
1275,2239,2009,Trenton Hassell,trenton-hassell,44,F-G,227,3/4/1979,31,8,Austin Peay,77,644,428,16276,1549,3480,0.445,95,299,0.318,548,716,0.765,541,1285,1826,1132,282,272,597,1399,3741,0.019,-0.024,0.003,84,57,3044,579,1228,0.471,122,354,0.345,457,874,0.523,0.521,346,444,0.779,161,339,685,375,90,55,283,154,1626,0.035,0.081,0.013,0.032,COL
1276,201592,2009,J.R. Giddens,jr-giddens,4,G,215,2/13/1985,25,1,New Mexico,77,38,1,246,30,63,0.476,0,10,0,13,23,0.565,18,36,54,13,10,2,18,30,73,0.038,0,0,122,105,3533,618,1333,0.464,203,580,0.35,415,753,0.551,0.54,186,309,0.602,122,570,692,232,118,94,227,228,1625,0.112,0.106,0.055,0.094,COL
1277,1533,2009,Anthony Johnson,anthony-johnson,8,G,195,10/2/1974,35,12,College of Charleston,75,793,249,15551,1709,4131,0.414,332,933,0.356,682,916,0.745,293,1065,1358,2274,551,92,866,1289,4432,0.041,0.04,0.021,117,62,2810,334,717,0.466,67,166,0.404,267,551,0.485,0.513,224,309,0.725,302,520,136,,,19,204,219,959,0.114,0.006,0.149,0.147,COL
1278,1502,2009,Adonal Foyle,adonal-foyle,31,C,270,3/9/1975,35,12,Colgate,82,733,269,13061,1318,2766,0.477,0,2,0,353,707,0.499,1301,2160,3461,344,264,1193,597,1575,2989,0.07,0,0.064,87,30,3178,712,1301,0.547,1,10,0.1,711,1291,0.551,0.548,351,715,0.491,1103,134,61,,,492,329,213,1776,0.048,0,0.05,0.013,COL
1279,1715,2009,Jason Williams,jason-williams,44,G,180,11/18/1975,34,10,Florida,73,788,667,23190,3065,7699,0.398,1238,3784,0.327,898,1104,0.813,192,1618,1810,4611,933,60,1643,1100,8266,0.024,0.017,0.061,48,45,1451,256,530,0.483,89,226,0.394,167,304,0.549,0.567,115,145,0.793,158,312,103,,,13,162,79,716,0.081,0.023,0.109,0.097,COL
1280,101129,2009,Luther Head,luther-head,13,G,185,11/26/1982,27,4,Illinois,75,348,82,7795,1025,2426,0.423,451,1162,0.388,341,441,0.773,110,735,845,747,254,43,437,510,2842,0.017,0.027,0.074,128,84,3250,452,956,0.473,209,547,0.382,243,409,0.594,0.582,182,242,0.752,89,314,403,326,158,23,197,198,1295,0.071,0.133,0.134,0.228,COL
1281,947,2009,Allen Iverson,allen-iverson,3,G,165,6/7/1975,35,13,Georgetown,72,914,901,37577,8467,19906,0.425,1059,3383,0.313,6375,8168,0.78,745,2649,3394,5624,1983,164,3262,1777,24368,0.01,-0.028,0.08,67,66,2179,515,1170,0.44,122,389,0.314,393,781,0.503,0.492,387,567,0.683,240,307,213,,,21,272,166,1539,0.09,0.134,0.091,0.01,COL
1282,200760,2009,Rodney Carney,rodney-carney,25,F,205,4/5/1984,26,3,Memphis,79,299,48,4598,675,1599,0.422,200,591,0.338,228,324,0.704,164,424,588,132,159,100,157,420,1778,-0.042,-0.001,0.092,133,101,3670,659,1587,0.415,287,792,0.362,372,795,0.468,0.506,296,413,0.717,203,448,651,155,134,131,191,280,1901,0.048,0.066,0.104,0.131,COL
1283,2260,2009,Jarron Collins,jarron-collins,20,C,249,12/2/1978,31,8,Stanford,83,542,216,8542,682,1500,0.455,0,5,0,731,1046,0.699,645,934,1579,419,138,98,334,1316,2095,-0.006,0,-0.041,129,65,2789,370,711,0.52,4,16,0.25,366,695,0.527,0.523,337,504,0.669,182,367,706,137,73,68,149,301,1081,0.073,0,0.074,0.126,COL
1284,101143,2009,Travis Diener,travis-diener,27,G,175,3/1/1982,28,4,Marquette,73,179,21,2660,298,768,0.388,164,465,0.353,94,111,0.847,39,204,243,432,76,9,99,200,854,-0.029,-0.083,0,120,89,3770,511,1228,0.416,284,687,0.413,227,541,0.42,0.532,385,460,0.837,64,309,373,617,158,8,230,251,1691,0.034,0.087,0.05,0.122,COL
1285,2137,2009,Ime Udoka,ime-udoka,3,G-F,220,8/9/1977,32,5,Portland State,77,316,80,5711,614,1471,0.417,218,612,0.356,189,268,0.705,219,707,926,308,208,54,221,528,1635,0.043,-0.044,-0.022,45,24,703,123,326,0.377,26,92,0.283,97,234,0.415,0.417,109,152,0.717,58,116,217,88,44,14,88,73,381,0.155,0,0.131,0,COL
1286,101118,2009,Sean May,sean-may,42,C-F,266,4/4/1984,26,3,North Carolina,81,119,25,1868,324,708,0.458,3,13,0.231,170,228,0.746,155,326,481,115,53,47,134,236,821,0.049,0,-0.02,77,75,2139,442,862,0.513,0,11,0,442,851,0.519,0.513,329,459,0.717,267,504,771,113,100,94,184,188,1213,0.104,0,0.103,0.183,COL
1287,201612,2009,Malik Hairston,malik-hairston,1,G,220,2/23/1987,23,1,Oregon,78,62,0,472,64,125,0.512,2,12,0.167,19,37,0.514,24,53,77,29,10,16,23,48,149,0.022,0,0,117,115,3655,612,1214,0.504,145,367,0.395,467,847,0.551,0.564,275,428,0.643,238,360,598,244,67,71,232,292,1644,0.055,0.1,0.061,0.26,COL
1288,201602,2009,Kyle Weaver,kyle-weaver,5,G,201,2/18/1986,24,1,Washington State,78,73,19,1379,134,304,0.441,42,119,0.353,53,72,0.736,34,124,158,119,55,33,80,97,363,-0.018,0,0,121,103,3602,402,866,0.464,43,155,0.277,359,711,0.505,0.489,315,440,0.716,154,416,570,465,188,93,320,244,1162,0.1,0.127,0.074,0.219,COL
1289,1563,2009,Kevin Ollie,kevin-ollie,7,G,195,12/27/1972,37,12,Connecticut,74,662,100,10300,845,2060,0.41,9,29,0.31,797,1006,0.792,146,872,1018,1501,335,25,492,807,2496,0.079,0,0.065,124,95,3156,271,598,0.453,16,61,0.262,255,537,0.475,0.467,267,353,0.756,34,131,252,619,107,7,269,189,825,0.127,0,0.172,0.088,COL
1290,200753,2009,Patrick O'Bryant,patrick-obryant,13,C,250,6/20/1986,24,3,Bradley,84,90,3,523,79,160,0.494,0,3,0,28,48,0.583,32,95,127,25,18,40,42,126,186,0.194,0,0,52,47,1265,241,435,0.554,0,0,,241,435,0.554,0.554,123,179,0.687,135,273,408,38,46,147,100,163,605,0.005,0,0.005,0.025,COL
1291,101120,2009,Antoine Wright,antoine-wright,21,F-G,215,2/6/1984,26,4,Texas A&M,79,297,96,5714,617,1499,0.412,155,510,0.304,225,334,0.674,157,524,681,295,139,72,227,598,1614,0.055,-0.016,0.179,87,83,2793,467,1134,0.412,181,482,0.376,286,652,0.439,0.492,223,344,0.648,122,365,487,184,95,50,198,222,1338,0.137,0.15,0.189,0.08,COL
1292,200766,2009,Marcus Williams,marcus-williams-1,5,G,205,12/3/1985,24,3,Connecticut,75,203,10,3094,427,1107,0.386,126,392,0.321,148,193,0.767,56,305,361,574,87,7,295,197,1128,-0.007,0.039,-0.066,70,51,1954,203,505,0.402,54,144,0.375,149,361,0.413,0.455,167,211,0.791,48,179,227,510,72,14,224,119,627,0.037,0.003,0.079,0.143,COL
1293,2212,2009,Steven Hunter,steven-hunter,45,C,240,10/31/1981,28,7,DePaul,84,400,130,5990,735,1313,0.56,0,1,0,347,715,0.485,482,782,1264,79,49,422,249,656,1817,0.104,0,-0.1,63,53,1552,252,430,0.586,0,2,0,252,428,0.589,0.586,120,200,0.6,129,168,297,24,11,128,101,141,624,0.013,0,0.007,0.171,COL
1294,2624,2009,Quinton Ross,quinton-ross,3,G-F,193,4/30/1981,29,5,Southern Methodist,78,458,169,8454,764,1824,0.419,49,154,0.318,286,402,0.711,267,680,947,431,263,129,217,854,1863,-0.016,-0.075,0.057,119,93,3625,575,1290,0.446,170,513,0.331,405,777,0.521,0.512,443,586,0.756,262,389,651,222,153,81,226,235,1763,0.056,0.074,0.077,0.152,COL
1295,201159,2009,Javaris Crittenton,javaris-crittenton,8,G,200,12/31/1987,22,2,Georgia Tech,77,113,10,1852,229,518,0.442,12,52,0.231,125,196,0.638,84,192,276,201,59,8,137,148,595,-0.049,0.003,-0.036,32,31,1003,158,351,0.45,36,101,0.356,122,250,0.488,0.501,108,138,0.783,28,91,119,184,65,2,124,67,460,0,0,0,0,COL
1296,101177,2009,Fabricio Oberto,fabricio-oberto,21,F-C,245,3/21/1975,35,4,Valencia,82,336,128,4869,481,835,0.576,0,4,0,119,193,0.617,443,732,1175,300,89,75,225,733,1081,0.103,0,0.047,154,135,4183.6,838,1354,0.619,0,3,0,,,,,207,469,0.441,318,647,965,275,172,110,293,532,1883,0.167,0,,0.128,INT
1297,1088,2009,Chucky Atkins,chucky-atkins,17,G,185,8/14/1974,35,10,South Florida,71,696,325,17301,2479,6022,0.412,934,2565,0.364,971,1258,0.772,194,992,1186,2396,465,36,1018,1284,6863,-0.016,0.01,0.044,111,52,3785,526,1284,0.41,244,674,0.362,282,610,0.462,0.505,323,438,0.737,336,519,115,,,11,340,208,1619,0.075,0.13,0.066,0.134,COL
1298,1716,2009,Larry Hughes,larry-hughes,0,G,185,1/23/1979,31,11,Saint Louis,77,727,509,22366,3738,9200,0.406,524,1696,0.309,2242,2963,0.757,738,2301,3039,2290,1092,255,1554,1645,10242,-0.009,0.161,0.052,32,32,1037,224,540,0.415,42,145,0.29,182,395,0.461,0.454,180,260,0.692,162,77,69,,,13,122,76,670,0,0,0,0,COL
1299,201242,2008,Thomas Gardner,thomas-gardner,3,G,225,2/8/1985,24,1,Missouri,77,20,0,142,18,59,0.305,7,35,0.2,2,6,0.333,3,8,11,3,4,1,7,8,45,-0.086,0,0,89,57,2441,364,920,0.396,179,532,0.336,185,388,0.477,0.493,160,206,0.777,80,155,235,135,63,3,174,183,1067,0.066,0.127,0.033,0.177,COL
1300,2049,2008,Speedy Claxton,speedy-claxton,12,G,170,5/8/1978,31,6,Hofstra,71,334,128,8549,1126,2753,0.409,42,218,0.193,802,1053,0.762,194,636,830,1441,503,40,580,827,3096,0.011,0.08,-0.081,119,59,4056,705,1505,0.468,65,202,0.322,640,1303,0.491,0.49,540,722,0.748,89,210,566,660,288,33,368,243,2015,0.053,0.223,0.029,0.095,COL
1301,950,2008,Stephon Marbury,stephon-marbury,8,G,205,2/20/1977,32,12,Georgia Tech,74,846,816,31888,5769,13324,0.433,991,3048,0.325,3768,4804,0.784,579,1937,2516,6471,1022,121,2547,2014,16297,0.025,-0.029,0.061,36,35,1345,235,514,0.457,88,238,0.37,147,276,0.533,0.543,121,164,0.738,113,161,63,,,4,115,82,679,0,0,0,0,COL
1302,201172,2008,Gabe Pruitt,gabe-pruitt,13,G,170,4/19/1986,23,1,Southern California,76,62,0,460,45,140,0.321,17,60,0.283,18,23,0.783,10,41,51,52,20,3,24,44,125,-0.038,0,0,80,70,2590,358,817,0.438,179,456,0.393,179,361,0.496,0.548,207,266,0.778,48,199,247,283,158,16,189,180,1102,0.07,0.1,0.064,0.1,COL
1303,200814,2008,Tarence Kinsey,tarence-kinsey,8,G,189,3/21/1984,25,2,South Carolina,78,109,15,1339,186,411,0.453,23,71,0.324,116,142,0.817,42,105,147,53,68,1,71,102,511,-0.004,0,0.02,123,96,3062,424,1006,0.421,129,362,0.356,295,644,0.458,0.486,227,308,0.737,117,287,404,193,143,35,197,204,1204,0.093,0.069,0.108,0.176,COL
1304,1887,2008,Wally Szczerbiak,wally-szczerbiak,10,G-F,240,3/5/1977,32,9,Miami (OH),79,651,393,20055,3486,7193,0.485,590,1453,0.406,1633,1899,0.86,671,1931,2602,1532,388,160,970,1380,9195,-0.03,0.047,0.038,105,27,3192,671,1310,0.512,204,473,0.431,467,837,0.558,0.59,301,372,0.809,666,231,85,,,79,254,283,1847,0.054,0.136,0.127,0.113,COL
1305,953,2008,Lorenzen Wright,lorenzen-wright,55,F-C,255,11/4/1975,33,12,Memphis,83,778,447,18538,2556,5573,0.459,2,29,0.069,1077,1670,0.645,1688,3255,4943,622,471,572,877,2276,6191,-0.022,0,0.06,64,64,2228,405,735,0.551,0,2,0,405,733,0.553,0.551,216,340,0.635,658,85,66,,,130,131,168,1026,0.019,0,0.02,0.019,COL
1306,1763,2008,Ryan Bowen,ryan-bowen,40,F,218,11/20/1975,33,8,Iowa,81,507,85,6505,544,1192,0.456,14,68,0.206,217,313,0.693,506,554,1060,250,325,138,168,752,1319,0.063,0,-0.035,120,83,2881,397,690,0.575,18,48,0.375,379,642,0.59,0.588,278,413,0.673,269,387,804,115,209,124,166,256,1090,0.077,0,0.075,0.096,COL
1307,101194,2008,Anthony Roberson,anthony-roberson,5,G,180,2/14/1983,26,2,Florida,74,65,1,590,102,255,0.4,52,146,0.356,9,10,0.9,8,41,49,35,23,1,24,51,265,-0.058,-0.039,0,95,72,2732,514,1158,0.444,267,665,0.402,247,493,0.501,0.559,210,243,0.864,52,183,235,246,90,7,171,163,1505,0.053,0.037,0.115,0.08,COL
1308,283,2008,Lindsey Hunter,lindsey-hunter,11,G,195,12/3/1970,38,15,Jackson State,74,937,438,23249,2970,7663,0.388,1075,2984,0.36,941,1261,0.746,438,1583,2021,2506,1120,165,1159,1857,7956,0.013,0.028,0.016,119,34,3778,868,2120,0.409,297,841,0.353,571,1279,0.446,0.479,360,508,0.709,378,440,257,,,31,374,233,2393,0.019,0.029,0.043,0.134,COL
1309,1744,2008,Jerome James,jerome-james,31,C,285,11/17/1975,33,8,Florida A&M,85,358,180,4772,650,1339,0.485,0,2,0,240,389,0.617,393,706,1099,118,92,384,403,989,1540,0.111,0,0.122,81,27,2190,514,1038,0.495,0,2,0,514,1036,0.496,0.495,264,501,0.527,743,54,42,,,363,286,207,1292,0.082,0,0.083,0.105,COL
1310,2669,2008,Linton Johnson,linton-johnson,54,F,205,6/13/1980,29,5,Tulane,80,151,27,2109,239,574,0.416,32,105,0.305,72,103,0.699,159,334,493,65,84,63,100,271,582,0.059,0.107,0.107,107,62,2073,279,593,0.47,47,149,0.315,232,444,0.523,0.51,107,163,0.656,186,290,523,118,72,99,130,173,712,0.162,0.077,0.169,0.115,COL
1311,2078,2008,Jason Hart,jason-hart,6,G,180,4/29/1978,31,7,Syracuse,75,341,56,5291,614,1473,0.417,64,203,0.315,331,420,0.788,76,491,567,774,253,34,275,528,1623,-0.034,-0.052,0.026,132,131,4492,525,1337,0.393,139,426,0.326,386,911,0.424,0.445,314,441,0.712,16,80,433,709,329,14,436,361,1503,0.045,0.106,0.065,0.056,COL
1312,201176,2008,Jermareo Davidson,jermareo-davidson,33,F,230,11/15/1984,24,1,Alabama,82,52,2,432,68,160,0.425,0,0,0,26,45,0.578,31,65,96,14,9,18,22,58,162,0.017,0,0,126,121,3611,474,1016,0.467,4,19,0.211,470,997,0.471,0.469,316,441,0.717,274,644,918,127,68,221,191,269,1268,0.17,0,0.163,0.198,COL
1313,699,2008,Brent Barry,brent-barry,17,G,210,12/31/1971,37,13,Oregon State,79,912,449,23644,2896,6301,0.46,1395,3442,0.405,1301,1581,0.823,450,2330,2780,2892,955,253,1289,1754,8488,-0.017,-0.011,0.014,108,57,3123,437,911,0.48,130,377,0.345,307,534,0.575,0.551,300,378,0.794,396,351,199,,,67,309,267,1304,0.104,0.16,0.044,0.184,COL
1314,87,2008,Dikembe Mutombo,dikembe-mutombo,55,C,260,6/25/1966,43,17,Georgetown,86,1196,997,36798,4169,8045,0.518,0,2,0,3391,4960,0.684,3808,8551,12359,1240,494,3289,2173,3383,11729,0.023,0,0.044,96,56,2261,352,547,0.644,0,0,,352,547,0.644,0.644,243,379,0.641,823,75,43,,,354,165,234,947,0.123,0,0.123,0.224,COL
1315,2410,2008,Fred Jones,fred-jones,2,G,225,3/11/1979,30,6,Oregon,74,430,78,10298,1090,2651,0.411,346,979,0.353,680,841,0.809,157,801,958,990,336,115,511,831,3206,0.033,0.045,-0.02,125,92,3527,554,1151,0.481,147,435,0.338,407,716,0.568,0.545,389,483,0.805,153,370,631,367,148,74,305,313,1644,0.119,0.139,0.094,0.195,COL
1316,101165,2008,Alex Acker,alex-acker,3,G,185,1/21/1983,26,1,Pepperdine,77,30,0,234,34,92,0.37,8,25,0.32,5,10,0.5,9,20,29,16,6,4,11,13,81,-0.003,0,0,88,80,3023,449,983,0.457,120,292,0.411,329,691,0.476,0.518,255,310,0.823,136,359,495,249,133,38,230,167,1273,0.026,0.063,0.034,0.064,COL
1317,1729,2008,Ricky Davis,ricky-davis,31,F-G,195,9/23/1979,29,10,Iowa,79,736,344,21926,3747,8410,0.446,583,1614,0.361,1835,2349,0.781,566,1984,2550,2426,732,187,1606,1430,9912,0.043,0.042,0.014,31,26,825,173,371,0.466,28,91,0.308,145,280,0.518,0.504,90,129,0.698,56,92,148,74,38,10,104,54,464,0,0,0,0,COL
1318,1548,2008,Mark Blount,mark-blount,15,C-F,250,11/30/1975,33,8,Pittsburgh,84,605,393,13985,2020,4011,0.504,37,103,0.359,864,1195,0.723,895,1889,2784,513,327,508,933,1554,4941,-0.006,0.073,0.032,56,36,1149,136,292,0.466,1,2,0.5,135,290,0.466,0.467,87,168,0.518,200,39,28,,,105,128,175,360,0.076,0,0.076,0.034,COL
1319,101136,2008,Salim Stoudamire,salim-stoudamire,,G,175,10/11/1982,26,3,Arizona,73,157,1,2671,446,1097,0.407,167,456,0.366,201,228,0.882,22,192,214,164,55,10,158,240,1260,-0.008,-0.014,-0.018,129,117,3848,615,1306,0.471,342,747,0.458,273,559,0.488,0.602,388,446,0.87,47,236,283,256,99,8,262,281,1960,0.061,0.089,0.088,0.115,COL
1320,1800,2008,Damon Jones,damon-jones,19,G,195,8/25/1976,32,10,Houston,75,657,114,13460,1517,3730,0.407,941,2414,0.39,351,483,0.727,115,959,1074,1806,257,20,551,688,4326,0.086,0.044,0.076,81,51,2606,365,869,0.42,182,521,0.349,183,348,0.526,0.525,129,193,0.668,323,314,102,,,4,261,126,1041,0.119,0.049,0.203,0.08,COL
1321,2058,2008,Mark Madsen,mark-madsen,35,F,255,1/28/1976,33,8,Stanford,81,453,70,5335,381,834,0.457,1,16,0.062,212,402,0.527,559,598,1157,181,116,102,206,866,975,-0.019,0,-0.162,108,77,2713,428,729,0.587,0,2,0,428,727,0.589,0.587,320,537,0.596,176,258,857,69,47,64,142,274,1176,0.068,0,0.07,0.054,COL
1322,200772,2008,Maurice Ager,maurice-ager,13,F-G,202,2/9/1984,25,2,Michigan State,77,82,4,505,64,189,0.339,11,44,0.25,30,53,0.566,8,38,46,19,6,6,29,65,169,0.011,0,0,124,73,3176,523,1185,0.441,202,532,0.38,321,653,0.492,0.527,306,395,0.775,99,325,424,181,62,39,210,240,1554,0.089,0.053,0.127,0.117,COL
1323,1749,2008,Cuttino Mobley,cuttino-mobley,32,G,215,9/1/1975,33,10,Rhode Island,76,747,581,27620,4319,9979,0.433,1085,2867,0.378,2241,2684,0.835,543,2359,2902,2015,878,313,1520,1710,11964,0.008,0.027,0.017,93,79,2761,466,1065,0.438,146,412,0.354,320,653,0.49,0.506,256,312,0.821,393,186,142,,,41,188,264,1334,0.103,0.117,0.093,0.078,COL
1324,1731,2008,Tyronn Lue,tyronn-lue,10,G,175,5/3/1977,32,10,Nebraska,72,554,173,12568,1765,4039,0.437,460,1175,0.391,720,868,0.829,132,811,943,1727,286,10,659,1057,4710,0.008,0.067,0.268,99,96,3332,560,1255,0.446,145,407,0.356,415,848,0.489,0.504,312,396,0.788,336,432,154,,,5,354,224,1577,0.014,0.045,0.018,0.14,COL
1325,200978,2008,Jeremy Richardson,jeremy-richardson,32,G-F,195,3/1/1984,25,2,Delta State,79,45,1,244,33,99,0.333,15,39,0.385,5,8,0.625,3,22,25,5,4,0,10,21,86,-0.072,0,0,99,79,2573.4,392,856,0.458,167,406,0.411,,,,,109,139,0.784,47,274,321,72,68,19,147,225,1070,0.06,0.131,,0.171,INT
1326,1766,2008,Maceo Baston,maceo-baston,9,F,230,5/29/1976,33,3,Michigan,82,105,4,829,106,172,0.616,3,8,0.375,71,96,0.74,56,119,175,26,24,43,54,140,286,0.016,0,-0.057,126,66,2960,471,751,0.627,0,2,0,471,749,0.629,0.627,398,614,0.648,72,93,830,75,92,138,280,393,1340,0.108,0,0.108,0.131,COL
1327,2416,2008,Kareem Rush,kareem-rush,4,G,215,10/30/1980,28,5,Missouri,78,346,78,5957,876,2189,0.4,288,805,0.358,173,246,0.703,104,468,572,353,150,74,298,459,2213,0.005,0.083,0.012,84,66,2536,550,1235,0.445,226,536,0.422,324,699,0.464,0.537,258,332,0.777,132,324,456,174,102,47,233,194,1584,0.079,0.043,0.144,0.044,COL
1328,923,2008,Donyell Marshall,donyell-marshall,8,F,245,5/18/1973,36,14,Connecticut,81,957,422,25030,4096,9410,0.435,902,2578,0.35,1622,2219,0.731,1898,4478,6376,1305,790,848,1292,2173,10716,0.059,0.047,0.046,91,88,2817,598,1227,0.487,76,248,0.306,522,979,0.533,0.518,376,488,0.77,100,202,695,131,113,245,241,224,1648,0.088,0.128,0.096,0.087,COL
1329,2031,2008,Stromile Swift,stromile-swift,4,F-C,220,11/21/1979,29,8,Louisiana State,82,547,97,10804,1713,3623,0.473,2,27,0.074,1154,1650,0.699,885,1650,2535,275,354,683,690,1357,4582,0.023,0,0.095,50,40,1332,253,452,0.56,8,33,0.242,245,419,0.585,0.569,157,256,0.613,103,176,348,37,65,130,126,131,671,0.199,0,0.203,0.017,COL
1330,201169,2008,Alando Tucker,alando-tucker,29,F,205,2/11/1984,25,1,Wisconsin,78,51,1,425,77,182,0.423,10,34,0.294,47,60,0.783,29,20,49,16,5,2,19,22,211,0.061,0,-0.015,134,126,4297,798,1663,0.48,101,329,0.307,697,1334,0.522,0.51,520,817,0.636,314,455,769,213,104,29,229,210,2217,0.123,0.075,0.129,0.14,COL
1331,1711,2008,Raef LaFrentz,raef-lafrentz,9,C-F,240,5/29/1976,33,10,Kansas,83,563,438,14548,2227,4781,0.466,478,1315,0.363,758,1066,0.711,994,2429,3423,606,276,919,511,1863,5690,0.007,-0.018,-0.039,131,131,3596,825,1486,0.555,13,35,0.371,812,1451,0.56,0.56,403,566,0.712,1186,86,98,,,138,258,324,2066,0.05,0,0.054,0.124,COL
1332,1913,2008,Michael Ruffin,michael-ruffin,51,F-C,248,1/21/1977,32,8,Tulsa,80,414,58,5965,258,634,0.407,0,3,0,200,436,0.459,729,903,1632,250,199,193,273,942,716,-0.008,0,-0.025,128,115,3747,402,759,0.53,0,8,0,402,751,0.535,0.53,405,711,0.57,1211,150,153,,,266,324,355,1209,0.061,0,0.059,0.17,COL
1333,101119,2008,Rashad McCants,rashad-mccants,7,G,215,9/25/1984,24,3,North Carolina,76,249,39,5036,923,2144,0.431,292,793,0.368,341,460,0.741,114,392,506,331,183,61,362,584,2479,-0.026,-0.01,0.009,98,90,2863,614,1263,0.486,221,533,0.415,393,730,0.538,0.574,272,377,0.721,147,251,398,204,145,61,220,237,1721,0.012,0.015,0.013,0.051,COL
1334,1903,2008,Kenny Thomas,kenny-thomas,9,F,245,7/25/1977,31,9,New Mexico,79,632,406,17304,2309,4966,0.465,59,242,0.244,1199,1715,0.699,1447,2894,4341,975,527,276,1054,1581,5876,0.067,0.004,0.053,123,119,3930,666,1240,0.537,65,184,0.353,601,1056,0.569,0.563,534,722,0.74,335,697,1032,262,112,239,361,383,1931,0.072,0.069,0.066,0.058,COL
1335,200759,2008,Cedric Simmons,cedric-simmons,15,F,235,1/3/1986,23,2,NC State,81,75,4,705,70,171,0.409,0,0,0,23,59,0.39,55,86,141,14,11,32,30,91,163,0.016,0,0,63,33,1189,170,301,0.565,2,4,0.5,168,297,0.566,0.568,144,221,0.652,79,181,260,68,26,115,82,157,486,0.081,0,0.064,0.133,COL
1336,1517,2008,Bobby Jackson,bobby-jackson,24,G,185,3/13/1973,36,11,Minnesota,73,755,143,16790,2755,6601,0.417,689,1947,0.354,1145,1444,0.793,623,1724,2347,1945,704,68,1014,1372,7344,0.024,0.095,-0.021,60,50,1784,306,716,0.427,59,192,0.307,247,524,0.471,0.469,195,248,0.786,332,207,108,,,15,137,169,866,0.035,0.025,0.013,0.001,COL
1337,1916,2008,Calvin Booth,calvin-booth,52,C,230,5/7/1976,33,9,Penn State,83,366,83,4472,472,1047,0.451,2,9,0.222,244,326,0.748,316,694,1010,151,101,358,180,678,1190,0.107,0,0.015,114,83,3308,500,986,0.507,1,11,0.091,499,975,0.512,0.508,287,406,0.707,728,108,73,,,428,230,263,1288,0.123,0,0.124,0.14,COL
1338,201173,2008,Marcus Williams,marcus-williams-2,2,G,207,11/18/1986,22,1,Arizona,79,13,0,39,7,22,0.318,0,0,0,0,0,0,4,8,12,3,1,1,0,4,14,0,0,0,63,54,1939,355,748,0.475,53,149,0.356,302,599,0.504,0.51,164,231,0.71,124,230,354,128,65,41,139,126,927,0.041,0.147,0.089,0.031,COL
1339,1521,2008,Jacque Vaughn,jacque-vaughn,11,G,190,2/11/1975,34,11,Kansas,73,776,123,12671,1300,3028,0.429,95,270,0.352,768,986,0.779,148,880,1028,1919,403,15,792,1267,3463,0.068,-0.053,0.071,126,125,3807,384,837,0.459,105,274,0.383,279,563,0.496,0.522,334,472,0.708,373,804,160,,,15,351,280,1207,0.055,0.091,0.05,0.109,COL
1340,1477,2008,Bruce Bowen,bruce-bowen,12,F,200,6/14/1971,38,12,California State Fullerton,79,873,644,24057,1945,4761,0.409,818,2082,0.393,582,1013,0.575,469,1959,2428,1089,712,336,646,1930,5290,-0.002,0.056,-0.047,101,77,2903,384,887,0.433,43,152,0.283,341,735,0.464,0.457,344,495,0.695,559,196,133,,,71,209,247,1155,0.088,0.093,0.061,0.093,COL
1341,990,2008,Malik Rose,malik-rose,9,F,255,11/23/1974,34,12,Drexel,79,813,85,13403,1792,4104,0.437,14,79,0.177,1405,1892,0.743,1166,2205,3371,684,487,293,1059,1896,5003,-0.042,0,0.13,120,,3651,733,1335,0.549,7,24,0.292,726,1311,0.554,0.552,551,860,0.641,1514,119,92,,,121,340,400,2024,0.093,0,0.109,0.169,COL
1342,2046,2008,Desmond Mason,desmond-mason,34,G-F,222,10/11/1977,31,8,Oklahoma State,77,643,385,19642,2931,6535,0.449,66,254,0.26,1839,2485,0.74,804,2059,2863,1049,441,230,1032,1432,7767,0.018,0.005,0.005,129,109,3868,616,1268,0.486,130,349,0.372,486,919,0.529,0.537,340,465,0.731,55,170,795,147,158,92,222,271,1702,0.148,0.111,0.18,0.145,COL
1343,200763,2008,Quincy Douby,quincy-douby,5,G,175,5/16/1984,25,2,Rutgers,75,143,0,1536,222,571,0.389,68,218,0.312,76,86,0.884,34,118,152,93,50,21,87,128,588,0.007,0.066,0,95,64,3045,581,1344,0.432,251,646,0.389,330,698,0.473,0.526,277,338,0.82,68,206,274,257,121,62,205,172,1690,0.07,0.088,0.091,0.097,COL
1344,200822,2008,Pops Mensah-Bonsu,pops-mensah-bonsu,44,F,240,9/7/1983,25,1,George Washington,82,61,0,508,64,156,0.41,0,2,0,53,90,0.589,83,97,180,11,14,14,40,82,181,0.021,0,-0.028,112,72,2665,470,805,0.584,0,0,,470,805,0.584,0.584,368,605,0.608,271,405,676,65,90,141,204,348,1308,0.052,0,0.052,0.151,COL
1345,2063,2008,Jake Voskuhl,jake-voskuhl,77,C,255,11/1/1977,31,8,Connecticut,83,450,93,6439,673,1381,0.487,1,3,0.333,467,654,0.714,562,977,1539,237,148,166,340,1166,1814,0.047,0,-0.036,138,135,3061,323,596,0.542,0,0,,323,596,0.542,0.542,217,331,0.656,288,592,880,124,86,193,226,437,863,0.086,0,0.086,0.062,COL
1346,1510,2008,Brevin Knight,brevin-knight,2,G,166,11/8/1975,33,11,Stanford,70,729,423,18180,2019,4897,0.412,16,119,0.134,1288,1632,0.789,282,1503,1785,4481,1229,87,1367,1856,5342,-0.03,0,-0.012,115,85,3703,515,1239,0.416,93,277,0.336,422,962,0.439,0.453,591,741,0.798,438,780,298,,,13,404,323,1714,0.101,0.209,0.073,0.098,COL
1347,1723,2008,Matt Harpring,matt-harpring,15,F,230,5/31/1976,33,10,Georgia Tech,79,665,349,17588,2900,6033,0.481,158,474,0.333,1687,2239,0.753,1281,2085,3366,907,497,112,1000,1748,7645,0.018,-0.065,0.04,124,119,4472,753,1621,0.465,211,585,0.361,542,1036,0.523,0.53,508,675,0.753,997,289,178,,,29,356,295,2225,0.098,0.119,0.078,0.135,COL
1348,2036,2008,Chris Mihm,chris-mihm,4,C,265,7/16/1979,29,8,Texas,84,436,256,8754,1253,2731,0.459,3,13,0.231,753,1069,0.704,865,1437,2302,223,128,444,535,1264,3262,0.02,0,-0.096,96,93,2810,498,1003,0.497,9,30,0.3,489,973,0.503,0.501,399,583,0.684,116,230,945,55,36,264,222,287,1404,0.074,0,0.073,0.06,COL
1349,1761,2008,Greg Buckner,greg-buckner,7,G,210,9/16/1976,32,9,Clemson,76,570,117,10892,1120,2491,0.45,239,716,0.334,399,527,0.757,457,1136,1593,719,454,111,394,1342,2878,-0.026,-0.05,0.074,122,122,3953,679,1346,0.504,50,181,0.276,629,1165,0.54,0.523,346,520,0.665,592,252,179,,,40,186,312,1754,0.065,0.288,0.065,0.195,COL
1350,2366,2008,Mike Wilks,mike-wilks,29,G,180,5/7/1979,30,6,Rice,70,233,11,2239,217,540,0.402,34,106,0.321,123,166,0.741,57,171,228,271,82,10,117,215,591,0.022,0,-0.006,117,60,3480,416,1018,0.409,107,309,0.346,309,709,0.436,0.461,361,495,0.729,64,167,428,348,186,22,157,143,1300,0.081,0.11,0.096,0.16,COL
1351,2060,2008,Marko Jaric,marko-jaric,55,G,224,12/10/1978,30,6,Virtus Bologna,79,447,221,11245,1190,2944,0.404,289,840,0.344,524,718,0.73,274,926,1200,1600,583,128,708,967,3193,0.003,0.025,-0.022,36,30,1018.4,148,330,0.448,33,106,0.311,,,,,80,124,0.645,38,95,133,85,70,7,86,97,409,0.021,0.005,,0.134,INT
1352,2413,2008,Juan Dixon,juan-dixon,12,G,165,10/9/1978,30,6,Maryland,75,436,77,8509,1400,3393,0.413,331,972,0.341,547,657,0.833,155,661,816,775,341,34,552,733,3678,0.031,0.048,0.034,141,107,4002,802,1713,0.468,239,615,0.389,563,1098,0.513,0.538,426,501,0.85,171,340,599,371,333,26,355,283,2269,0.04,0.048,0.026,0.108,COL
1353,200835,2008,Walter Herrmann,walter-herrmann,5,F,225,6/26/1979,30,2,Malaga,81,152,12,1938,312,681,0.458,114,299,0.381,81,103,0.786,78,241,319,66,31,12,61,143,819,-0.081,-0.092,0.012,169,98,3609.5,572,1264,0.453,206,540,0.381,,,,,278,365,0.762,142,459,601,113,75,23,165,243,1628,0.071,0.119,,0.096,INT
1354,208,2007,Sam Cassell,sam-cassell,28,G,185,11/18/1969,38,14,Florida State,75,993,690,29812,5698,12558,0.454,672,2029,0.331,3567,4144,0.861,618,2603,3221,5939,1058,163,2418,2744,15635,0.034,0.038,0.02,66,66,2344,440,920,0.478,108,295,0.366,332,625,0.531,0.537,223,304,0.734,293,289,153,,,18,190,217,1211,0.048,0.028,0.039,0.055,COL
1355,1513,2007,Scot Pollard,scot-pollard,66,C-F,278,2/12/1975,33,10,Kansas,83,506,99,8376,858,1738,0.494,0,2,0,506,714,0.709,901,1450,2351,220,299,352,304,1178,2222,-0.006,0,-0.116,128,62,2754,425,774,0.549,1,1,1,424,773,0.549,0.55,358,535,0.669,850,59,103,,,218,193,339,1209,0.036,0,0.039,0.071,COL
1356,136,2007,P.J. Brown,pj-brown,93,F-C,239,10/14/1969,38,14,Louisiana Tech,83,1089,990,33828,3852,8365,0.46,8,59,0.136,2158,2718,0.794,3002,5407,8409,1661,912,1116,1342,3218,9870,0.045,0,0.038,121,,3108,476,975,0.488,20,53,0.377,456,922,0.495,0.498,255,390,0.654,1017,176,101,,,241,221,354,1228,0.125,0,0.143,0.162,COL
1357,2873,2007,Billy Thomas,billy-thomas,12,G,220,12/23/1975,32,2,Kansas,77,53,0,528,51,151,0.338,31,102,0.304,11,13,0.846,12,40,52,26,25,2,19,52,144,-0.011,0.01,0,137,36,2365,409,957,0.427,269,691,0.389,140,266,0.526,0.568,65,90,0.722,290,169,121,,,16,129,125,1152,0.11,0.074,0.233,0.071,COL
1358,727,2007,Eric Snow,eric-snow,20,G,205,4/24/1973,35,12,Michigan State,75,846,551,23127,2144,5054,0.424,55,265,0.208,1448,1897,0.763,419,1722,2141,4245,975,105,1391,2013,5791,0.004,-0.009,0.17,113,87,2850,273,524,0.521,20,76,0.263,253,448,0.565,0.54,102,222,0.459,291,599,142,,,14,261,246,668,0.066,0,0.044,0.34,COL
1359,1719,2007,Bonzi Wells,bonzi-wells,24,G-F,210,9/28/1976,31,9,Ball State,77,591,275,15134,2814,6111,0.46,223,683,0.327,1296,1860,0.697,800,1937,2737,1249,769,192,1215,1526,7147,-0.095,-0.053,0.016,116,86,3541,913,1902,0.48,142,437,0.325,771,1465,0.526,0.517,517,759,0.681,843,386,347,,,92,410,339,2485,0.029,0.133,0.026,0.091,COL
1360,224,2007,Eddie Jones,eddie-jones,6,G-F,200,10/20/1971,36,13,Temple,78,954,902,32776,4932,11286,0.437,1546,4147,0.373,2745,3394,0.809,761,3096,3857,2812,1620,580,1507,2483,14155,-0.024,0.001,0.085,92,72,3108,565,1233,0.458,141,403,0.35,424,830,0.511,0.515,199,324,0.614,557,144,197,,,107,137,234,1470,0.033,0.004,0.011,0.115,COL
1361,200784,2007,Bobby Jones,bobby-jones,11,F,215,1/9/1984,24,1,Washington,79,91,7,865,103,233,0.442,19,62,0.306,63,92,0.685,51,98,149,44,26,4,46,144,288,-0.024,-0.036,0.156,125,105,3013,424,847,0.501,65,177,0.367,359,670,0.536,0.539,313,443,0.707,256,361,617,153,134,59,168,439,1226,0.167,0.178,0.142,0.104,COL
1362,1506,2007,Austin Croshere,austin-croshere,44,F,235,5/1/1975,33,10,Providence,82,659,88,11479,1491,3659,0.407,429,1262,0.34,1064,1236,0.861,700,1949,2649,627,245,216,656,1094,4475,0.035,0.064,-0.003,121,40,2858,495,1125,0.44,147,432,0.34,348,693,0.502,0.505,386,458,0.843,645,123,105,,,76,230,247,1523,0.059,0.026,0.089,0.163,COL
1363,1883,2007,Steve Francis,steve-francis,3,G,210,2/21/1977,31,8,Maryland,75,576,543,21633,3543,8267,0.429,575,1684,0.341,2785,3494,0.797,960,2255,3215,3473,846,223,2030,1813,10446,-0.016,-0.006,0.01,34,33,1044,205,392,0.523,45,116,0.388,160,276,0.58,0.58,124,157,0.79,154,152,95,,,6,102,95,579,0,0,0,0,COL
1364,2254,2007,Loren Woods,loren-woods,33,C,260,6/21/1978,30,5,Arizona,86,215,47,2422,208,496,0.419,1,7,0.143,138,215,0.642,263,419,682,74,55,128,138,278,555,0.074,0,-0.076,107,78,2778,421,854,0.493,2,9,0.222,419,845,0.496,0.494,344,462,0.745,108,275,697,135,55,281,195,209,1188,0.137,0,0.137,0.16,COL
1365,2470,2007,Smush Parker,smush-parker,1,G,190,6/1/1981,27,4,Fordham,76,274,183,7068,908,2129,0.426,289,838,0.345,364,514,0.708,119,540,659,791,336,44,496,606,2469,0.018,0.015,-0.124,28,26,980,153,353,0.433,57,174,0.328,96,179,0.536,0.514,100,137,0.73,36,86,122,125,64,7,122,71,463,0,0,0,0,COL
1366,2424,2007,Dan Dickau,dan-dickau,10,G,180,9/16/1978,29,5,Gonzaga,72,300,57,4619,608,1517,0.401,179,525,0.341,350,421,0.831,75,330,405,752,164,11,324,514,1745,-0.01,-0.018,0.021,97,67,2477,379,841,0.451,215,465,0.462,164,376,0.436,0.578,317,371,0.854,27,147,236,362,66,7,251,175,1290,0.092,0.178,0.159,0.071,COL
1367,200781,2007,Paul Davis,paul-davis,40,C,270,7/21/1984,23,1,Michigan State,83,82,2,701,88,219,0.402,0,1,0,41,56,0.732,74,84,158,32,22,15,30,105,217,-0.023,0,0,130,97,3349,614,1142,0.538,13,48,0.271,601,1094,0.549,0.543,477,625,0.763,277,633,910,178,146,87,270,344,1718,0.13,0,0.135,0.21,COL
1368,1956,2007,Ira Newble,ira-newble,14,G-F,220,1/20/1975,33,7,Miami (OH),79,380,197,7641,782,1753,0.446,85,249,0.341,281,361,0.778,403,711,1114,342,204,105,289,695,1930,0.064,-0.026,-0.052,58,29,1208,224,409,0.548,4,17,0.235,220,392,0.561,0.553,63,98,0.643,370,47,49,,,36,63,144,515,0.114,0,0.103,0,COL
1369,297,2007,Alonzo Mourning,alonzo-mourning,33,C,261,2/8/1970,38,14,Georgetown,82,838,686,25977,5116,9701,0.527,22,89,0.247,4057,5862,0.692,2184,4953,7137,946,414,2356,2209,2810,14311,0.015,-0.012,-0.092,120,119,3632,612,1082,0.566,6,23,0.261,606,1059,0.572,0.568,771,1023,0.754,1032,138,59,,,453,297,403,2001,0.081,0,0.08,0.126,COL
1370,2852,2007,Awvee Storey,awvee-storey,20,F-G,225,4/18/1977,31,2,Arizona State,78,60,1,405,58,140,0.414,4,16,0.25,23,45,0.511,43,38,81,21,10,2,15,66,143,0.033,0,0,102,74,2048,378,823,0.459,2,10,0.2,376,813,0.462,0.461,155,253,0.613,250,352,634,256,65,16,166,277,913,0.078,0,0.074,0.096,COL
1371,952,2007,Antoine Walker,antoine-walker,24,F,245,8/12/1976,31,11,Kentucky,81,893,707,31531,6085,14710,0.414,1386,4264,0.325,2091,3303,0.633,1894,4997,6891,3170,1085,469,2504,2516,15647,-0.011,-0.002,-0.007,69,37,1450,323,719,0.449,26,103,0.252,297,616,0.482,0.467,134,203,0.66,450,151,89,,,33,148,147,806,0.044,0.121,0.04,0.081,COL
1372,2745,2007,Kirk Snyder,kirk-snyder,30,F-G,225,6/5/1983,25,3,Nevada,78,211,71,3538,489,1116,0.438,92,281,0.327,263,376,0.699,152,339,491,241,86,69,206,328,1333,0.076,-0.026,0.042,84,74,2586,477,1120,0.426,106,342,0.31,371,778,0.477,0.473,344,508,0.677,195,342,537,224,76,63,263,200,1404,0.068,0.08,0.108,0.106,COL
1373,1720,2007,Michael Doleac,michael-doleac,51,C,262,6/15/1977,31,9,Utah,83,587,84,8787,1246,2838,0.439,1,8,0.125,389,492,0.791,582,1373,1955,343,200,209,376,1315,2882,-0.029,0,0.122,133,66,3120,513,1044,0.491,21,52,0.404,492,992,0.496,0.501,472,602,0.784,69,159,886,74,71,124,198,319,1519,0.084,0,0.088,0.063,COL
1374,2411,2007,Bostjan Nachbar,bostjan-nachbar,7,F,221,7/3/1980,27,5,Benetton Treviso,81,317,25,5628,744,1834,0.406,325,867,0.375,439,560,0.784,126,710,836,283,135,84,280,698,2252,0.044,0.009,0.068,26,12,430.8,69,161,0.429,20,61,0.328,,,,,43,62,0.694,12,57,69,27,22,4,30,59,201,0.015,0,,0.09,INT
1375,1727,2007,Pat Garrity,pat-garrity,8,F,238,8/23/1976,31,9,Notre Dame,81,552,107,11058,1479,3543,0.417,631,1587,0.398,428,531,0.806,343,1114,1457,443,246,104,417,1274,4017,-0.082,-0.003,0.089,111,111,3649,748,1534,0.488,100,279,0.358,648,1255,0.516,0.52,489,655,0.747,776,222,84,,,64,341,314,2085,0.047,0.107,0.025,0.09,COL
1376,200788,2007,James Augustine,james-augustine,40,F,235,2/27/1984,24,1,Illinois,82,27,0,156,19,37,0.514,0,0,0,4,8,0.5,17,16,33,4,5,2,6,20,42,0,0,0,137,134,3717,534,865,0.617,6,18,0.333,528,847,0.623,0.621,309,450,0.687,357,666,1023,148,141,139,199,356,1383,0.055,0,0.04,0.106,COL
1377,2758,2007,David Harrison,david-harrison,13,C,280,8/15/1982,25,3,Colorado,84,189,33,2687,374,706,0.53,0,0,0,201,383,0.525,184,365,549,47,64,185,216,538,949,-0.046,0,-0.046,88,82,2480,489,813,0.601,0,1,0,489,812,0.602,0.601,339,613,0.553,302,405,707,52,54,225,212,300,1317,0.091,0,0.091,0.024,COL
1378,101261,2007,Andre Owens,andre-owens,20,G,200,10/31/1980,27,1,Houston,76,54,9,602,67,181,0.37,21,56,0.375,37,52,0.712,24,44,68,55,18,3,37,62,192,0.005,0,0,117,89,3539,518,1346,0.385,248,729,0.34,270,617,0.438,0.477,263,357,0.737,109,377,486,258,121,17,249,251,1547,0.097,0.074,0.13,0.044,COL
1379,1921,2007,Gordan Giricek,gordan-giricek,2,G,220,6/20/1977,31,5,CSKA Moscow,78,384,191,8831,1424,3225,0.442,289,786,0.368,533,648,0.823,167,774,941,584,222,47,517,749,3670,0.007,0.012,0.005,17,16,548.1,115,250,0.46,25,85,0.294,,,,,80,98,0.816,12,45,57,19,12,1,44,41,335,0.315,0.26,,0.043,INT
1380,15,2007,Eric Piatkowski,eric-piatkowski,52,G-F,215,9/30/1970,37,13,Nebraska,79,789,250,14611,2044,4711,0.434,865,2168,0.399,966,1152,0.839,508,1208,1716,778,404,115,628,1152,5919,-0.007,0.025,0.056,123,88,3418,676,1436,0.471,202,564,0.358,474,872,0.544,0.541,380,489,0.777,669,322,122,,,64,261,259,1934,0.07,0.026,0.094,0.112,COL
1381,949,2007,Shareef Abdur-Rahim,shareef-abdur-rahim,3,F,245,12/11/1976,31,11,California,81,830,704,28881,5434,11515,0.472,154,519,0.297,4006,4943,0.81,1869,4370,6239,2109,820,638,2136,2324,15028,0.019,0.034,0.069,28,28,972,206,398,0.518,8,21,0.381,198,377,0.525,0.528,170,249,0.683,236,29,52,,,35,87,58,590,0,0,0,0,COL
1382,2035,2007,DerMarr Johnson,dermarr-johnson,1,F-G,210,5/5/1980,28,6,Cincinnati,81,344,136,5929,770,1872,0.411,274,815,0.336,307,389,0.789,192,577,769,304,198,149,349,598,2121,0.037,0.013,0.057,32,32,879,140,293,0.478,52,140,0.371,88,153,0.575,0.567,70,95,0.737,37,86,123,45,31,30,46,64,402,0,0,0,0,COL
1383,757,2007,Damon Stoudamire,damon-stoudamire,3,G,171,9/3/1973,34,12,Arizona,70,878,793,29105,4329,10662,0.406,1236,3464,0.357,1869,2244,0.833,703,2336,3039,5371,953,81,2039,1705,11763,-0.021,-0.043,0.035,123,92,3666,614,1343,0.457,272,677,0.402,342,666,0.514,0.558,349,434,0.804,466,663,174,,,13,378,247,1849,0.038,0.114,0.082,0.055,COL
1384,109,2007,Robert Horry,robert-horry,25,F-C,240,8/25/1970,37,15,Alabama,82,1107,480,27068,2820,6643,0.425,795,2329,0.341,1280,1762,0.726,1644,3625,5269,2343,1158,1035,1378,2680,7715,-0.049,0.085,0.009,134,108,3756,572,1249,0.458,129,348,0.371,443,901,0.492,0.51,319,430,0.742,165,348,929,246,168,286,289,368,1592,0.043,0.09,0.083,0.16,COL
1385,2648,2007,Ronald Dupree,ronald-dupree,12,F,209,1/26/1981,27,4,Louisiana State,79,157,8,1758,218,510,0.427,5,13,0.385,114,204,0.559,116,223,339,100,57,29,90,252,555,0.035,0,-0.064,129,94,3711,665,1376,0.483,67,223,0.3,598,1153,0.519,0.508,329,516,0.638,311,596,907,205,109,58,290,319,1726,0.077,0.064,0.05,0.14,COL
1386,1559,2007,Adrian Griffin,adrian-griffin,44,G-F,230,7/4/1974,33,8,Seton Hall,77,477,179,7997,785,1794,0.438,50,180,0.278,299,392,0.763,507,1005,1512,653,436,59,331,879,1919,0.014,0.011,0.022,123,89,3290,547,1081,0.506,20,72,0.278,527,1009,0.522,0.515,300,459,0.654,803,266,207,,,58,239,275,1414,0.081,0,0.094,0.138,COL
1387,2418,2007,Casey Jacobsen,casey-jacobsen,23,G,215,3/19/1981,27,3,Stanford,78,287,14,5325,476,1210,0.393,209,594,0.352,327,425,0.769,118,398,516,304,121,24,210,372,1488,0.023,0.042,0.089,95,82,3020,547,1163,0.47,222,520,0.427,325,643,0.505,0.566,407,528,0.771,105,259,364,254,50,7,193,133,1723,0.067,0.1,0.055,0.1,COL
1388,2810,2007,Andre Brown,andre-brown,44,F,245,5/12/1981,27,1,DePaul,81,75,1,598,82,159,0.516,0,1,0,33,66,0.5,70,108,178,11,14,8,48,73,197,-0.035,0,0,107,72,3100,448,893,0.502,0,2,0,448,891,0.503,0.502,250,478,0.523,353,502,855,55,77,70,202,249,1146,0.108,0,0.107,0.098,COL
1389,1507,2007,Derek Anderson,derek-anderson,1,G,195,7/18/1974,33,10,Kentucky,77,615,390,17967,2419,5922,0.408,645,1891,0.341,1874,2198,0.853,440,1548,1988,2083,691,87,1052,1230,7357,-0.002,0.136,-0.021,99,70,2463,408,846,0.482,91,250,0.364,317,596,0.532,0.536,321,399,0.805,379,321,186,,,16,197,243,1228,0.053,0.147,0.041,0.03,COL
1390,970,2007,Othella Harrington,othella-harrington,24,F-C,235,1/31/1974,34,11,Georgetown,81,709,263,13919,2021,4001,0.505,0,11,0,1170,1585,0.738,1087,2043,3130,443,185,286,948,1868,5212,-0.046,0,0.137,132,132,3722,650,1158,0.561,0,4,0,650,1154,0.563,0.561,539,736,0.732,983,137,106,,,201,326,374,1839,0.022,0,0.02,0.04,COL
1391,101212,2006,Esteban Batista,esteban-batista,11,F-C,268,9/2/1983,23,1,Trouville,82,70,3,576,42,96,0.438,0,1,0,37,60,0.617,68,106,174,11,18,11,42,124,121,0,0,0,428,259,10157,2167,3650,0.594,4,25,0.16,,,,,1087,1637,0.664,1248,1996,3244,594,445,233,1096,1094,4221,0.131,0,,0.173,INT
1392,1709,2006,Michael Olowokandi,michael-olowokandi,41,C,270,4/3/1975,32,8,Pacific,84,500,393,13132,1788,4109,0.435,0,0,0,559,936,0.597,951,2463,3414,327,226,697,898,1518,4135,0.005,0,0.11,77,14,1736,444,750,0.592,0,0,,444,750,0.592,0.592,153,328,0.466,579,38,19,,,160,153,179,1041,0.083,0,0.083,0.223,COL
1393,133,2006,David Wesley,david-wesley,4,G,203,11/14/1970,36,13,Baylor,73,949,796,30275,4248,10023,0.424,1123,3051,0.368,2223,2827,0.786,526,1879,2405,4159,1280,161,1808,2310,11842,0.054,0.135,-0.039,70,28,2251,368,835,0.441,123,326,0.377,245,509,0.481,0.514,365,441,0.828,22,114,251,316,145,16,250,202,1224,0.031,0.104,0.036,0.022,COL
1394,1531,2006,Marc Jackson,marc-jackson,44,F,253,1/16/1975,32,6,Temple,82,387,106,7570,1194,2680,0.446,7,31,0.226,843,1036,0.814,630,1025,1655,311,147,102,467,775,3238,-0.023,0,0.012,85,31,2595,381,802,0.475,4,10,0.4,377,792,0.476,0.478,293,413,0.709,632,71,47,,,43,167,163,1059,0.036,0,0.039,0.099,COL
1395,2857,2006,Andre Barrett,andre-barrett,11,G,173,2/21/1982,25,2,Seton Hall,70,67,1,818,89,241,0.369,17,69,0.246,24,33,0.727,21,50,71,135,29,1,47,69,219,0.073,0.015,0,122,122,4296,626,1510,0.415,244,696,0.351,382,814,0.469,0.495,365,472,0.773,105,341,446,662,173,11,349,228,1861,0.092,0.083,0.09,0.138,COL
1396,101149,2006,Martynas Andriuskevicius,martynas-andriuskevicius,15,C,240,3/12/1986,21,1,Zalgiris,86,6,0,9,0,1,0,0,0,0,0,0,0,1,3,4,0,2,0,0,1,0,0,0,0,15,1,130.8,8,23,0.348,1,4,0.25,,,,,5,16,0.312,5,12,17,4,6,9,12,27,22,0,0,,0,INT
1397,2751,2006,Viktor Khryapa,viktor-khryapa,38,F,218,8/3/1982,24,2,CSKA Moscow,81,143,58,2349,251,567,0.443,14,48,0.292,127,193,0.658,168,324,492,142,86,48,139,353,643,0.008,0,0.117,42,35,773.8,72,150,0.48,23,70,0.329,,,,,44,59,0.746,39,140,179,49,39,49,42,102,211,0.039,0.146,,0,INT
1398,2552,2006,Michael Sweetney,mike-sweetney,50,F,270,10/25/1982,24,3,Georgetown,80,233,73,3611,564,1164,0.485,0,2,0,388,563,0.689,400,645,1045,145,73,107,277,569,1516,-0.008,0,-0.035,96,95,2781,608,1117,0.544,0,4,0,608,1113,0.546,0.544,534,735,0.727,349,538,887,174,101,180,236,224,1750,0.051,0,0.053,0.169,COL
1399,788,2006,Kevin Willis,kevin-willis,45,C-F,245,9/6/1962,44,20,Michigan State,84,1424,891,38361,7095,14572,0.487,40,190,0.211,3023,4238,0.713,4132,7769,11901,1328,958,751,2520,4172,17253,0.016,0.082,0.056,79,62,2121,353,666,0.53,0,1,0,353,665,0.531,0.53,92,159,0.579,563,17,42,,,71,83,235,798,0.122,0,0.124,0.147,COL
1400,2441,2006,Jamal Sampson,jamal-sampson,7,F-C,235,5/15/1983,24,4,California,83,72,5,629,53,108,0.491,0,1,0,36,67,0.537,80,162,242,26,9,32,33,91,142,-0.019,0,0,32,31,797,78,183,0.426,0,0,,78,183,0.426,0.426,50,95,0.526,79,130,209,38,15,54,53,85,206,0,0,0,0,COL
1401,2560,2006,Zarko Cabarkapa,zarko-cabarkapa,11,F-C,230,5/21/1981,26,3,Buducnost,83,150,4,1551,234,548,0.427,24,88,0.273,148,202,0.733,98,214,312,85,33,25,119,221,640,0.029,0.11,0.092,18,15,449.3,72,161,0.447,7,27,0.259,,,,,39,61,0.639,32,45,77,16,12,13,36,52,190,0.047,0,,0,INT
1402,101180,2006,Sarunas Jasikevicius,sarunas-jasikevicius,33,G,197,3/5/1976,31,1,Maryland,76,138,18,2529,298,751,0.397,130,366,0.355,207,228,0.908,34,188,222,399,66,5,206,183,933,0.001,-0.013,-0.003,120,67,2304,317,725,0.437,136,363,0.375,181,362,0.5,0.531,159,217,0.733,215,273,95,,,16,195,209,929,0.038,0.134,0.136,0.017,COL
1403,682,2006,Bob Sura,bob-sura,3,G,200,3/25/1973,34,10,Florida State,77,657,205,15602,1918,4628,0.414,423,1303,0.325,1395,2024,0.689,586,1654,2240,2474,641,142,1231,1477,5654,0.004,-0.025,-0.006,119,98,3998,731,1626,0.45,215,640,0.336,516,986,0.523,0.516,454,696,0.652,714,435,209,,,36,405,297,2130,0.052,0.081,0.081,0.06,COL
1404,101137,2006,Daniel Ewing,daniel-ewing,3,G,185,3/26/1983,24,1,Duke,75,127,8,1683,162,416,0.389,36,122,0.295,71,91,0.78,32,126,158,174,69,10,107,148,431,0.009,0.013,-0.003,138,79,3827,538,1246,0.432,217,554,0.392,321,692,0.464,0.519,302,405,0.746,117,265,382,293,191,24,258,365,1595,0.062,0.11,0.075,0.135,COL
1405,101117,2006,Yaroslav Korolev,yaroslav-korolev,8,F,203,5/7/1987,20,1,CSKA Moscow,81,34,0,167,13,46,0.283,3,12,0.25,10,16,0.625,6,10,16,13,6,0,7,11,39,0,0,0,116,59,2425.5,327,814,0.402,116,376,0.309,,,,,182,267,0.682,99,329,428,120,107,41,150,239,952,0.204,0.194,,0.214,INT
1406,1425,2006,Aaron Williams,aaron-williams,34,C-F,235,10/2/1971,35,12,Xavier,81,715,78,12004,1572,3190,0.493,1,16,0.062,975,1318,0.74,1016,1774,2790,485,282,539,663,1750,4120,0.164,0,0.061,117,21,2765,429,771,0.556,0,0,,429,771,0.556,0.556,215,304,0.707,713,124,67,,,197,237,341,1073,0.049,0,0.049,0.078,COL
1407,243,2006,Aaron McKie,aaron-mckie,2,G,209,10/2/1972,34,12,Temple,77,793,287,19158,2265,5177,0.438,388,1109,0.35,953,1224,0.779,482,2105,2587,2126,912,164,1059,1588,5871,-0.013,-0.044,0.1,92,92,3497,563,1336,0.421,178,486,0.366,385,850,0.453,0.488,346,438,0.79,586,301,196,,,23,176,192,1650,0.032,0.072,0.105,0.061,COL
1408,1742,2006,Shammond Williams,shammond-williams,3,G,201,4/5/1975,32,6,North Carolina,73,325,28,5108,676,1684,0.401,256,700,0.366,284,356,0.798,106,412,518,765,196,14,331,379,1892,0.024,0.061,0.154,134,67,3191,460,1012,0.455,233,578,0.403,227,434,0.523,0.57,292,344,0.849,332,399,92,,,2,272,166,1445,0.101,0.022,0.148,0.143,COL
1409,56,2006,Gary Payton,gary-payton,20,G,190,7/23/1968,38,16,Oregon State,76,1335,1231,47118,8708,18698,0.466,1132,3570,0.317,3265,4480,0.729,1392,3877,5269,8966,2445,285,3030,3217,21813,0.015,0.187,0.016,120,120,4528,829,1710,0.485,178,482,0.369,651,1228,0.53,0.537,336,491,0.684,27,76,480,938,321,63,396,415,2172,0.045,0.064,0.099,0.028,COL
1410,101134,2006,Wayne Simien,wayne-simien,25,F,250,3/9/1983,24,1,Kansas,81,51,2,507,67,143,0.469,0,0,0,35,41,0.854,43,56,99,11,15,1,27,83,169,-0.014,0,0,106,69,2817,585,1048,0.558,6,25,0.24,579,1023,0.566,0.561,417,532,0.784,297,587,884,93,78,78,185,247,1593,0.114,0,0.104,0.14,COL
1411,1739,2006,Ruben Patterson,ruben-patterson,23,F,223,7/31/1975,31,8,Cincinnati,77,649,245,15959,2678,5180,0.517,35,196,0.179,1562,2436,0.641,1280,1417,2697,1150,751,249,1166,1418,6953,0.105,-0.25,-0.074,50,40,1253,273,530,0.515,29,106,0.274,244,424,0.575,0.542,164,272,0.603,293,85,57,,,21,135,110,739,0.076,0.013,0.033,0.002,COL
1412,2876,2006,Jared Reiner,jared-reiner,55,C,255,4/8/1982,25,1,Iowa,83,46,4,375,25,73,0.342,0,0,0,4,14,0.286,34,75,109,14,8,13,23,80,54,0.009,0,0,109,79,1993,214,435,0.492,0,0,,214,435,0.492,0.492,190,270,0.704,178,329,507,100,34,90,171,259,618,0.13,0,0.13,0.073,COL
1413,101152,2006,Bracey Wright,bracey-wright,6,G,201,7/1/1984,22,1,Indiana,75,26,0,325,45,111,0.405,12,37,0.324,27,34,0.794,10,29,39,20,10,1,14,14,129,-0.007,0,0,85,85,3035,469,1159,0.405,186,532,0.35,283,627,0.451,0.485,374,482,0.776,113,320,433,204,79,47,198,156,1498,0.059,0.046,0.085,0.037,COL
1414,1607,2006,Troy Hudson,troy-hudson,16,G,178,3/13/1976,31,9,Southern Illinois,73,517,168,11282,1714,4278,0.401,452,1333,0.339,757,882,0.858,193,684,877,1748,273,30,818,690,4637,0.001,0.021,-0.038,57,48,1907,392,1003,0.391,228,615,0.371,164,388,0.423,0.504,162,201,0.806,219,125,73,,,2,128,90,1174,0.001,0.007,0.03,0.027,COL
1415,2774,2006,Bernard Robinson,bernard-robinson,22,G-F,210,12/26/1980,26,2,Michigan,78,128,19,1909,212,508,0.417,5,31,0.161,147,187,0.786,86,229,315,126,109,16,110,215,576,-0.038,0,0.102,120,104,3666,550,1251,0.44,69,232,0.297,481,1019,0.472,0.467,336,413,0.814,159,481,640,364,169,47,352,305,1505,0.058,0.106,0.072,0.085,COL
1416,361,2006,Clifford Robinson,clifford-robinson,30,F-C,245,12/16/1966,40,17,Connecticut,82,1380,844,42561,7389,16875,0.438,1253,3515,0.356,3560,5165,0.689,1852,4454,6306,3094,1402,1390,2502,4175,19591,0.039,0.084,0.138,109,82,3051,624,1382,0.452,10,30,0.333,614,1352,0.454,0.455,404,630,0.641,668,136,110,,,116,257,346,1664,0.113,0,0.113,0.114,COL
1417,1509,2006,Kelvin Cato,kelvin-cato,26,C,275,8/26/1974,32,9,Iowa State,83,541,248,10620,1123,2216,0.507,1,13,0.077,713,1107,0.644,884,1990,2874,244,292,685,448,1347,2960,0.076,0,-0.041,79,59,1931,271,624,0.434,0,1,0,271,623,0.435,0.434,177,303,0.584,83,152,582,49,67,274,128,228,719,0.105,0,0.105,0.1,COL
1418,448,2006,Bo Outlaw,bo-outlaw,45,F,220,4/13/1971,36,13,Houston,80,914,352,20742,2005,3534,0.567,3,38,0.079,957,1837,0.521,1685,2752,4437,1441,855,1193,1056,2164,4970,-0.021,0,-0.076,61,61,2034,352,526,0.669,0,0,,352,526,0.669,0.669,152,321,0.474,555,180,122,,,211,155,175,856,0.026,0,0.026,0.053,COL
1419,101185,2006,Rawle Marshall,rawle-marshall,2,G-F,190,2/20/1982,25,1,Oakland,79,63,11,602,56,149,0.376,5,21,0.238,53,74,0.716,16,44,60,23,20,12,34,39,170,-0.024,0,-0.043,103,88,3263,580,1304,0.445,108,347,0.311,472,957,0.493,0.486,434,597,0.727,195,388,583,211,202,103,274,237,1702,0.013,0.134,0.031,0.092,COL
1420,101158,2006,Orien Greene,orien-greene,5,G,208,2/4/1982,25,1,Florida,76,131,7,1553,127,328,0.387,11,52,0.212,61,95,0.642,49,146,195,155,98,15,144,228,326,-0.005,0,-0.017,104,58,2567,258,631,0.409,97,307,0.316,161,324,0.497,0.486,119,164,0.726,98,257,355,326,207,33,223,286,732,0.099,0.111,0.124,0.068,COL
1421,2693,2006,Keith McLeod,keith-mcleod,20,G,190,11/5/1979,27,3,Bowling Green,74,200,88,3718,363,1018,0.357,59,209,0.282,320,400,0.8,40,228,268,536,145,27,250,359,1105,0.033,0.053,0.047,111,88,3568,572,1343,0.426,199,499,0.399,373,844,0.442,0.5,552,698,0.791,75,280,355,306,176,14,316,293,1895,0.058,0.165,0.087,0.084,COL
1422,673,2006,Alan Henderson,alan-henderson,44,F-C,240,12/2/1972,34,11,Indiana,81,652,220,13773,1976,4215,0.469,5,26,0.192,1137,1778,0.639,1426,1823,3249,397,364,297,717,1436,5094,0.027,0,0.044,124,110,3596,763,1413,0.54,6,26,0.231,757,1387,0.546,0.542,447,692,0.646,1091,134,148,,,213,226,345,1979,0.11,0,0.111,0.028,COL
1423,147,2006,Jalen Rose,jalen-rose,8,G-F,215,1/30/1973,34,12,Michigan,80,923,572,27928,4852,10945,0.443,746,2102,0.355,2770,3457,0.801,491,2702,3193,3527,729,315,2102,2408,13220,-0.013,0.038,0.064,102,101,3512,629,1356,0.464,124,369,0.336,505,987,0.512,0.51,406,550,0.738,37,113,477,401,119,29,312,241,1788,0.04,0.035,0.06,0.036,COL
1424,2469,2006,Pat Burke,pat-burke,11,C-F,250,12/14/1973,33,2,Auburn,83,127,8,1296,199,488,0.408,9,36,0.25,61,92,0.663,90,176,266,44,28,40,87,180,468,0.026,0,-0.019,120,71,2722,421,858,0.491,20,90,0.222,401,768,0.522,0.502,202,320,0.631,715,94,76,,,133,287,215,1064,0.058,0.087,0.057,0.149,COL
1425,1908,2006,Jumaine Jones,jumaine-jones,20,F,230,2/10/1979,28,7,Georgia,80,471,115,9775,1294,3052,0.424,425,1218,0.349,312,443,0.704,552,1435,1987,408,307,144,388,870,3325,0.045,0.015,-0.048,65,63,2065,385,858,0.449,92,262,0.351,293,596,0.492,0.502,217,289,0.751,583,65,62,,,40,142,151,1079,0.008,0.007,0.006,0.059,COL
1426,101195,2006,Luke Schenscher,luke-schenscher,24,C,265,12/31/1981,25,1,Georgia Tech,85,31,0,266,23,49,0.469,0,0,0,9,20,0.45,18,36,54,8,3,7,9,46,55,-0.146,0,0,118,90,2636,359,662,0.542,2,5,0.4,357,657,0.543,0.544,153,242,0.632,232,408,640,95,68,157,198,282,873,0.115,0,0.12,0.173,COL
1427,958,2006,Vitaly Potapenko,vitaly-potapenko,20,C-F,285,3/21/1975,32,10,Wright State,82,610,189,11609,1639,3424,0.479,1,6,0.167,716,1031,0.694,1067,1658,2725,418,258,209,786,1537,3995,0.041,0,-0.054,56,30,1707,410,680,0.603,1,6,0.167,409,674,0.607,0.604,292,403,0.725,386,77,28,,,56,235,207,1113,0.002,0,0.01,0.017,COL
1428,722,2006,Corliss Williamson,corliss-williamson,34,F,245,12/4/1973,33,11,Arkansas,79,822,293,18746,3603,7355,0.49,6,44,0.136,1935,2710,0.714,1214,1969,3183,972,462,261,1316,2250,9147,0.023,0,0.155,91,80,2651,657,1127,0.583,1,6,0.167,656,1121,0.585,0.583,413,615,0.672,647,193,113,,,94,222,229,1728,0.076,0,0.072,0.078,COL
1429,988,2006,Randy Livingston,randy-livingston,14,G,209,4/2/1975,32,10,Louisiana State,76,203,19,2685,304,749,0.406,34,97,0.351,131,170,0.771,74,208,282,415,121,31,223,297,773,-0.025,-0.045,0.094,29,28,868,105,268,0.392,21,85,0.247,84,183,0.459,0.431,72,100,0.72,94,220,67,,,5,123,62,303,0.149,0,0.143,0.112,COL
1430,1504,2006,Danny Fortson,danny-fortson,21,C-F,260,3/27/1976,31,9,Cincinnati,80,440,175,8834,1196,2534,0.472,2,12,0.167,1221,1556,0.785,1195,1989,3184,301,182,94,655,1553,3615,0.02,0,0.009,100,91,2692,655,1160,0.565,0,3,0,655,1157,0.566,0.565,571,769,0.743,873,119,91,,,41,256,345,1881,0.085,0,0.084,0.088,COL
1431,239,2006,Darrick Martin,darrick-martin,2,G,170,3/6/1971,36,11,UCLA,71,514,178,9163,1186,3108,0.382,350,1030,0.34,803,952,0.843,101,487,588,1475,340,22,631,894,3525,-0.023,0.157,-0.033,129,96,3670,405,884,0.458,69,214,0.322,336,670,0.501,0.497,316,419,0.754,250,636,179,,,7,265,331,1195,0.033,0.08,0.074,0.115,COL
1432,2739,2006,Luke Jackson,luke-jackson,6,F-G,215,11/6/1981,25,2,Oregon,79,73,3,724,84,235,0.357,32,89,0.36,52,71,0.732,27,62,89,58,24,3,49,71,252,0.008,0.015,-0.038,126,102,3665,645,1398,0.461,174,433,0.402,471,965,0.488,0.524,506,596,0.849,214,532,746,424,160,37,295,233,1970,0.064,0.08,0.068,0.127,COL
1433,2776,2006,Pape Sow,pape-sow,9,F,250,11/22/1981,25,2,California State Fullerton,82,76,29,879,79,190,0.416,0,0,0,61,90,0.678,78,136,214,12,34,24,41,166,219,0.023,0,0.086,72,70,2334,381,814,0.468,20,68,0.294,361,746,0.484,0.48,353,529,0.667,205,449,654,56,104,61,187,258,1135,0.092,0,0.068,0.033,COL
1434,2737,2006,Rafael Araujo,rafael-araujo,55,C,270,8/12/1980,26,2,Brigham Young,83,139,75,1584,156,385,0.405,1,4,0.25,76,112,0.679,124,271,395,41,51,16,111,300,389,-0.029,0,-0.103,62,62,1697,366,646,0.567,11,41,0.268,355,605,0.587,0.575,192,278,0.691,178,411,589,75,88,40,182,212,935,0.015,0,0.032,0.08,COL
1435,2454,2006,Junior Harrington,junior-harrington,10,G,190,10/2/1980,26,2,Wingate,76,140,66,3094,290,782,0.371,20,73,0.274,133,193,0.689,69,312,381,428,126,25,250,401,733,0.009,0.009,0.037,34,20,751.5,71,215,0.33,19,74,0.257,,,,,59,91,0.648,19,52,71,72,36,12,53,110,220,0,0,,0,INT
1436,101160,2006,Lawrence Roberts,lawrence-roberts,44,F,240,10/20/1982,24,1,Mississippi State,81,87,18,1149,114,252,0.452,0,4,0,106,154,0.688,127,183,310,35,44,15,41,163,334,-0.003,0,0.21,118,117,3701,653,1426,0.458,61,202,0.302,592,1224,0.484,0.479,575,872,0.659,408,764,1172,177,189,112,279,284,1942,0.098,0.067,0.104,0.05,COL
1437,101182,2006,Donell Taylor,donell-taylor,21,G,193,7/26/1982,24,1,Alabama-Birmingham,77,98,2,833,109,276,0.395,7,34,0.206,41,64,0.641,30,76,106,90,47,7,59,81,266,0.005,0,-0.057,65,40,1505,267,565,0.473,62,182,0.341,205,383,0.535,0.527,156,213,0.732,74,168,242,156,114,23,149,153,752,0.087,0.157,0.07,0.156,COL
1438,905,2006,Dale Davis,dale-davis,34,C-F,252,3/25/1969,38,15,Clemson,83,1094,863,29603,3592,6779,0.53,0,8,0,1522,2708,0.562,3303,5302,8605,978,691,1270,1090,2878,8706,-0.024,0,-0.008,121,97,3498,633,1076,0.588,0,3,0,633,1073,0.59,0.588,384,651,0.59,1216,84,106,,,210,189,348,1650,0.138,0,0.138,0.14,COL
1439,185,2006,Chris Webber,chris-webber,84,C-F,245,3/1/1973,34,13,Michigan,82,831,827,30844,7192,15024,0.479,264,883,0.299,2534,3906,0.649,2271,5853,8124,3526,1197,1200,2313,2700,17182,-0.078,0.031,0.125,70,70,2226,510,866,0.589,41,134,0.306,469,732,0.641,0.613,157,296,0.53,155,207,702,166,103,175,200,201,1218,0.063,0.079,0.078,0.056,COL
1440,976,2006,Jeff McInnis,jeff-mcinnis,0,G,190,10/22/1974,32,9,North Carolina,76,576,334,15931,2189,5081,0.431,305,929,0.328,713,896,0.796,243,927,1170,2514,371,31,789,1194,5396,-0.036,-0.122,0.047,100,62,2744,403,878,0.459,138,348,0.397,265,530,0.5,0.538,184,256,0.719,277,435,108,,,0,200,177,1128,0.056,0.023,0.078,0.162,COL
1441,2764,2005,Donta Smith,donta-smith,15,G,215,11/27/1983,22,1,Southeastern Illinois,79,61,0,559,59,140,0.421,8,26,0.308,39,60,0.65,22,44,66,48,31,5,29,70,165,0.032,0,0,5,2,135.4,23,46,0.5,1,12,0.083,,,,,9,14,0.643,5,27,32,16,8,1,9,18,56,0,0,,0,INT
1442,2823,2005,John Edwards,john-edwards,54,C,275,7/31/1981,24,1,Kent State,84,65,5,434,42,94,0.447,0,0,0,15,25,0.6,26,41,67,8,6,19,20,88,99,0.08,0,0,129,40,1970,329,592,0.556,0,0,,329,592,0.556,0.556,159,245,0.649,141,298,439,28,31,179,121,312,817,0.202,0,0.202,0.245,COL
1443,2033,2005,Marcus Fizer,marcus-fizer,21,F,260,8/10/1978,27,5,Iowa State,80,289,35,6036,1103,2536,0.435,21,110,0.191,555,803,0.691,375,965,1340,352,134,81,428,648,2782,0.004,-0.044,-0.035,97,91,3020,690,1349,0.511,21,72,0.292,669,1277,0.524,0.519,429,611,0.702,100,185,716,94,90,89,225,257,1830,0.132,0.143,0.133,0.12,COL
1444,983,2005,Moochie Norris,moochie-norris,25,G,185,7/27/1973,32,8,Auburn,73,445,35,7635,816,2033,0.401,116,406,0.286,524,708,0.74,209,659,868,1233,321,19,524,484,2272,0.215,-0.114,-0.031,29,27,1009,124,312,0.397,57,161,0.354,67,151,0.444,0.489,58,83,0.699,116,143,51,,,1,74,55,363,0,0,0,0,COL
1445,1496,2005,Keith Van Horn,keith-van-horn,2,F,245,10/23/1975,30,8,Utah,82,575,463,18152,3396,7659,0.443,597,1655,0.361,1817,2177,0.835,1122,2787,3909,900,472,295,1262,1736,9206,0.019,0.059,-0.01,122,89,3732,891,1706,0.522,206,514,0.401,685,1192,0.575,0.583,554,651,0.851,1074,142,87,,,126,282,253,2542,0.053,0.057,0.091,0.129,COL
1446,458,2005,Howard Eisley,howard-eisley,10,G,185,12/4/1972,33,11,Boston College,74,786,167,16016,1881,4617,0.407,516,1474,0.35,838,1013,0.827,208,1116,1324,2748,540,83,1172,1701,5116,0.05,0.094,0.053,126,64,4447,529,1191,0.444,197,441,0.447,332,750,0.443,0.527,373,476,0.784,11,68,413,544,195,16,366,358,1628,0.128,0.142,0.122,0.088,COL
1447,384,2005,Calbert Cheaney,calbert-cheaney,40,G-F,210,7/17/1971,34,12,Indiana,79,825,498,22013,3366,7227,0.466,204,684,0.298,890,1288,0.691,732,1878,2610,1398,659,198,994,2074,7826,-0.004,0.267,-0.081,132,130,4129,1018,1820,0.559,148,338,0.438,870,1482,0.587,0.6,429,543,0.79,710,227,117,,,45,277,335,2613,0.074,0.106,0.068,0.051,COL
1448,1594,2005,Rick Brunson,rick-brunson,9,G,190,6/14/1972,34,8,Temple,76,337,51,4529,397,1050,0.378,100,276,0.362,196,283,0.693,85,362,447,876,201,21,356,362,1090,0.026,0.027,0.085,124,89,4112,480,1293,0.371,191,649,0.294,289,644,0.449,0.445,342,520,0.658,481,470,253,,,10,256,241,1493,0.076,0.096,0.082,0.09,COL
1449,2499,2005,Richie Frahm,richie-frahm,14,G,210,8/14/1977,28,2,Gonzaga,77,140,2,1472,178,433,0.411,95,267,0.356,51,63,0.81,36,128,164,83,37,10,35,122,502,-0.046,-0.02,-0.022,130,35,3424,535,1191,0.449,280,662,0.423,255,529,0.482,0.567,271,339,0.799,34,119,486,244,91,19,128,110,1621,0.058,0.043,0.14,0.041,COL
1450,2573,2005,Maciej Lampe,maciej-lampe,15,F,275,2/5/1985,21,2,Real Madrid,83,64,0,631,94,231,0.407,2,8,0.25,25,37,0.676,37,105,142,22,8,10,35,81,215,-0.088,0,0,421,191,9674.1,2334,4563,0.512,272,779,0.349,,,,,801,1039,0.771,864,2009,2873,549,241,196,576,873,3493,0.162,0.126,,0.235,INT
1451,962,2005,Walter McCarty,walter-mccarty,0,F,245,2/1/1974,32,9,Kentucky,82,593,108,10368,1092,2786,0.392,456,1318,0.346,416,596,0.698,410,1144,1554,670,380,173,520,1211,3056,0.011,0.038,-0.04,103,69,2116,352,684,0.515,75,187,0.401,277,497,0.557,0.569,167,244,0.684,59,72,522,181,91,108,183,273,946,0.072,0.103,0.06,0.172,COL
1452,452,2005,Vin Baker,vin-baker,34,F,240,11/23/1971,34,12,Hartford,83,791,604,25723,4692,9675,0.485,39,181,0.215,2416,3787,0.638,2263,3604,5867,1509,582,798,1756,2560,11839,-0.017,-0.038,0.073,112,84,3289,860,1811,0.475,73,243,0.3,787,1568,0.502,0.495,445,699,0.637,951,115,112,,,279,277,333,2238,0.177,0.062,0.15,0.288,COL
1453,754,2005,Jim Jackson,jim-jackson,24,F-G,220,10/14/1970,35,13,Ohio State,78,885,649,29068,4811,11247,0.428,881,2413,0.365,2187,2651,0.825,1190,2962,4152,2851,726,188,2179,1972,12690,0.03,0.074,0.086,93,93,3165,686,1365,0.503,82,218,0.376,604,1147,0.527,0.533,331,422,0.784,552,372,147,,,46,304,219,1785,0.024,0.074,0.026,0.059,COL
1454,1000,2005,Shandon Anderson,shandon-anderson,49,G-F,215,12/31/1973,32,9,Georgia,78,719,226,15943,1996,4366,0.457,307,972,0.316,1028,1392,0.739,583,1669,2252,1007,556,180,958,1437,5327,-0.005,-0.198,0.055,118,89,3152,581,1167,0.498,48,165,0.291,533,1002,0.532,0.518,307,484,0.634,587,324,212,,,39,339,296,1517,0.065,0.17,0.078,0.071,COL
1455,1983,2005,Jermaine Jackson,jermaine-jackson,5,G,204,6/7/1976,30,4,Detroit,77,135,3,1339,89,222,0.401,3,19,0.158,81,114,0.711,34,111,145,184,42,9,78,127,262,-0.077,0,0.049,118,55,4031,428,998,0.429,100,280,0.357,328,718,0.457,0.479,385,542,0.71,553,509,142,,,31,213,157,1341,0.038,0.082,0.059,0.103,COL
1456,911,2005,Ervin Johnson,ervin-johnson,40,C,245,12/21/1967,38,12,New Orleans,83,845,452,16994,1393,2756,0.505,2,10,0.2,685,1133,0.605,1677,3471,5148,387,471,1087,724,2430,3473,0.091,0,-0.025,123,61,3694,639,1081,0.591,0,0,,639,1081,0.591,0.591,330,511,0.646,1287,135,109,,,294,253,380,1608,0.047,0,0.047,0.176,COL
1457,2412,2005,Jiri Welsch,jiri-welsch,44,F,208,1/27/1980,26,3,Union Olimpija,79,247,102,4595,516,1280,0.403,118,344,0.343,369,491,0.752,120,482,602,375,187,15,262,394,1519,0.15,-0.042,-0.004,27,14,645.1,97,223,0.435,18,66,0.273,,,,,71,83,0.855,19,41,60,38,29,1,38,66,283,0.047,0,,0,INT
1458,2770,2005,Justin Reed,justin-reed,9,F,240,1/16/1982,24,1,Mississippi,80,136,9,1435,174,431,0.404,0,4,0,124,165,0.752,76,110,186,68,31,19,79,219,472,-0.113,0,0.116,122,114,3496,679,1425,0.476,45,158,0.285,634,1267,0.5,0.492,382,540,0.707,290,476,766,132,123,89,290,388,1785,0.024,0.189,0.005,0.238,COL
1459,2204,2005,Eddie Griffin,eddie-griffin,41,C,240,5/30/1982,24,3,Seton Hall,82,303,117,6728,854,2263,0.377,237,752,0.315,226,337,0.671,497,1247,1744,236,105,518,227,506,2171,0.011,-0.014,-0.075,30,30,979,206,480,0.429,41,128,0.32,165,352,0.469,0.472,80,109,0.734,94,229,323,49,26,133,67,71,533,0,0,0,0,COL
1460,2565,2005,Zoran Planinic,zoran-planinic,10,G-F,200,9/12/1982,23,2,Cibona,79,148,10,1581,197,486,0.405,37,128,0.289,130,192,0.677,47,151,198,165,58,7,120,237,561,-0.006,0.008,0.044,18,9,400,49,114,0.43,8,34,0.235,,,,,35,59,0.593,10,40,50,51,15,1,38,54,141,0,0,,0,INT
1461,441,2005,Lamond Murray,lamond-murray,31,F,235,4/20/1973,33,10,California,79,736,364,18477,3137,7301,0.43,528,1466,0.36,1484,1955,0.759,936,2097,3033,978,684,319,1207,1471,8286,0.028,0.062,0.005,88,77,2689,644,1316,0.489,99,294,0.337,545,1022,0.533,0.527,301,422,0.713,596,160,110,,,75,227,206,1688,0.043,0.06,0.052,0.136,COL
1462,1909,2005,Scott Padgett,scott-padgett,34,F,240,4/19/1976,30,6,Kentucky,81,448,18,5611,679,1658,0.41,240,644,0.373,276,375,0.736,402,825,1227,325,182,86,253,681,1874,0.093,0.071,0.042,122,99,2980,424,944,0.449,152,418,0.364,272,526,0.517,0.53,252,332,0.759,651,238,147,,,68,210,278,1252,0.217,0.04,0.043,0.172,COL
1463,1519,2005,John Thomas,john-thomas,41,C,265,9/8/1975,30,4,Minnesota,81,208,27,2252,223,444,0.502,0,2,0,114,193,0.591,199,233,432,60,69,50,107,384,560,-0.011,0,-0.162,124,99,2569,349,703,0.496,0,1,0,349,702,0.497,0.496,187,349,0.536,636,91,75,,,94,190,301,885,0.19,0,0.193,0.054,COL
1464,1508,2005,Maurice Taylor,maurice-taylor,2,F,265,10/30/1976,29,7,Michigan,81,534,227,13324,2471,5298,0.466,5,33,0.152,942,1324,0.711,791,1661,2452,623,246,259,973,1603,5889,-0.01,0,-0.004,98,94,2793,528,1063,0.497,5,16,0.313,523,1047,0.5,0.499,201,313,0.642,65,93,599,118,61,90,201,289,1262,0.04,0,0.041,0.126,COL
1465,278,2005,Stacey Augmon,stacey-augmon,2,F-G,213,8/1/1968,37,14,UNLV,80,1001,472,21659,3037,6480,0.469,12,79,0.152,1904,2616,0.728,1304,1912,3216,1561,974,317,1248,1750,7990,-0.02,0,0.061,145,75,4283,757,1364,0.555,97,231,0.42,660,1133,0.583,0.591,400,591,0.677,105,165,1005,433,275,128,312,380,2011,0.068,0.149,0.069,0.08,COL
1466,2435,2005,Mario Kasun,mario-kasun,41,C,260,4/5/1980,26,1,Skyliners Frankfurt,85,73,0,568,78,167,0.467,0,1,0,42,66,0.636,76,112,188,11,10,16,41,155,198,-0.013,0,0.078,221,132,3896,840,1413,0.594,0,3,0,,,,,424,678,0.625,472,656,1128,121,100,122,405,691,2104,0.107,0,,0.285,INT
1467,2109,2005,Eddie Gill,eddie-gill,4,G,190,8/16/1978,27,4,Weber State,72,187,9,2028,179,496,0.361,63,197,0.32,150,177,0.847,28,179,207,217,104,14,139,209,571,-0.031,-0.009,0.045,61,61,2154,269,656,0.41,135,345,0.391,134,311,0.431,0.513,246,284,0.866,308,344,178,,,18,209,74,919,0.032,0.043,0.038,0.013,COL
1468,2214,2005,Michael Bradley,michael-bradley,5,F,245,4/18/1979,27,4,Villanova,82,173,13,2013,218,457,0.477,2,14,0.143,45,88,0.511,223,368,591,93,25,47,113,200,483,-0.043,0,0,100,68,2085,441,651,0.677,12,34,0.353,429,617,0.695,0.687,193,357,0.541,107,196,540,133,64,102,165,187,1087,0.035,0,0.07,0.135,COL
1469,2401,2005,Nikoloz Tskitishvili,nikoloz-tskitishvili,15,F,225,4/14/1983,23,3,Benetton Treviso,84,172,16,1945,190,626,0.304,43,183,0.235,84,115,0.73,109,198,307,114,46,50,126,227,507,0.013,0,0.017,233,142,5766.2,973,1974,0.493,276,706,0.391,,,,,590,729,0.809,450,980,1430,247,136,143,366,414,2812,0.165,0.129,,0.233,INT
1470,258,2005,Brian Grant,brian-grant,55,F-C,254,3/5/1972,34,11,Xavier,81,756,577,21420,3103,6332,0.49,6,28,0.214,1721,2306,0.746,1834,3788,5622,923,455,561,1235,2409,7933,-0.021,0,0.11,117,27,3499,656,1104,0.594,1,3,0.333,655,1101,0.595,0.595,406,601,0.676,1080,136,98,,,127,270,327,1719,0.095,0,0.093,0.13,COL
1471,702,2005,Voshon Lenard,voshon-lenard,0,G,215,5/14/1973,33,10,Minnesota,76,565,321,15347,2444,5892,0.415,936,2437,0.384,921,1171,0.787,347,1262,1609,1180,424,131,748,1212,6745,0.038,0.026,-0.003,127,126,3777,723,1613,0.448,276,755,0.366,447,858,0.521,0.534,381,475,0.802,33,85,488,322,173,41,239,327,2103,0.069,0.079,0.083,0.085,COL
1472,677,2005,Eric Williams,eric-williams,,F,220,7/17/1972,33,10,Providence,80,658,308,15727,1865,4490,0.415,219,688,0.318,1693,2301,0.736,704,1435,2139,936,548,103,789,1596,5642,-0.028,0.086,0.066,60,30,1822,350,772,0.453,29,83,0.349,321,689,0.466,0.472,272,404,0.673,352,112,96,,,63,132,163,1001,0.095,0,0.094,0.027,COL
1473,89,2005,Nick Van Exel,nick-van-exel,31,G,190,11/27/1971,34,12,Cincinnati,73,880,670,28981,4636,11458,0.405,1528,4278,0.357,1858,2341,0.794,375,2170,2545,5777,726,92,1850,1380,12658,0.011,0.018,0.013,65,49,1883,342,836,0.409,147,411,0.358,195,425,0.459,0.497,155,221,0.701,162,237,98,,,9,133,106,986,0.06,0.037,0.087,0.052,COL
1474,1541,2005,Alvin Williams,alvin-williams,20,G,195,8/6/1974,31,7,Villanova,77,460,334,12610,1664,3950,0.421,208,664,0.313,625,822,0.76,252,888,1140,1877,549,109,623,897,4161,-0.035,0.022,0.026,131,85,3925,485,1094,0.443,133,380,0.35,352,714,0.493,0.504,320,441,0.726,489,553,200,,,38,303,341,1423,0.092,0.129,0.172,0.046,COL
1475,1960,2005,Milt Palacio,milt-palacio,3,G,210,2/7/1978,28,6,Colorado State,76,470,88,8421,863,2060,0.419,40,170,0.235,477,663,0.719,159,672,831,1194,302,58,596,685,2243,-0.023,-0.051,0.125,88,88,2913,361,774,0.466,82,227,0.361,279,547,0.51,0.519,261,365,0.715,368,425,152,,,8,264,197,1065,0.047,0.038,0.056,0.094,COL
1476,2766,2005,Antonio Burks,antonio-burks,1,G,195,2/25/1980,26,1,Memphis,72,81,1,790,79,204,0.387,4,17,0.235,24,42,0.571,5,44,49,104,33,1,48,70,186,-0.08,0,0,91,80,2786,391,834,0.469,63,157,0.401,328,677,0.484,0.507,183,272,0.673,41,192,233,487,177,15,205,208,1028,0.025,0,0.052,0.082,COL
1477,960,2005,Tony Delk,tony-delk,0,G,189,1/28/1974,32,9,Kentucky,74,545,103,11703,1874,4593,0.408,472,1376,0.343,737,958,0.769,349,1002,1351,1024,447,77,573,862,4957,-0.06,-0.129,-0.057,133,102,3151,683,1441,0.474,283,712,0.397,400,729,0.549,0.572,241,340,0.709,42,111,470,210,201,46,193,233,1890,0.042,0.09,0.03,0.161,COL
1478,2437,2005,Lonny Baxter,lonny-baxter,35,F,260,1/27/1979,27,3,Maryland,80,162,5,1885,247,530,0.466,1,5,0.2,142,216,0.657,178,299,477,40,37,59,108,324,637,0.005,0,-0.043,138,115,3373,712,1287,0.553,3,5,0.6,709,1282,0.553,0.554,431,718,0.6,307,575,998,96,120,227,225,408,1858,0.066,0,0.06,0.05,COL